#
# There is insufficient memory for the Java Runtime Environment to continue.
# Native memory allocation (malloc) failed to allocate 1932848 bytes. Error detail: Chunk::new
# Possible reasons:
#   The system is out of physical RAM or swap space
#   This process is running with CompressedOops enabled, and the Java Heap may be blocking the growth of the native heap
# Possible solutions:
#   Reduce memory load on the system
#   Increase physical memory or swap space
#   Check if swap backing store is full
#   Decrease Java heap size (-Xmx/-Xms)
#   Decrease number of Java threads
#   Decrease Java thread stack sizes (-Xss)
#   Set larger code cache with -XX:ReservedCodeCacheSize=
#   JVM is running with Unscaled Compressed Oops mode in which the Java heap is
#     placed in the first 4GB address space. The Java Heap base address is the
#     maximum limit for the native heap growth. Please use -XX:HeapBaseMinAddress
#     to set the Java Heap base and to place the Java Heap above 4GB virtual address.
# This output file may be truncated or incomplete.
#
#  Out of Memory Error (arena.cpp:168), pid=14260, tid=37024
#
# JRE version: OpenJDK Runtime Environment (21.0.9) (build 21.0.9+-14649483-b1163.86)
# Java VM: OpenJDK 64-Bit Server VM (21.0.9+-14649483-b1163.86, mixed mode, tiered, compressed oops, compressed class ptrs, g1 gc, windows-amd64)
# No core dump will be written. Minidumps are not enabled by default on client versions of Windows
#

---------------  S U M M A R Y ------------

Command Line: --add-opens=java.base/java.lang=ALL-UNNAMED --add-opens=java.base/java.lang.invoke=ALL-UNNAMED --add-opens=java.base/java.util=ALL-UNNAMED --add-opens=java.prefs/java.util.prefs=ALL-UNNAMED --add-exports=jdk.compiler/com.sun.tools.javac.api=ALL-UNNAMED --add-exports=jdk.compiler/com.sun.tools.javac.util=ALL-UNNAMED --add-opens=java.base/java.util=ALL-UNNAMED --add-opens=java.prefs/java.util.prefs=ALL-UNNAMED --add-opens=java.base/java.nio.charset=ALL-UNNAMED --add-opens=java.base/java.net=ALL-UNNAMED --add-opens=java.base/java.util.concurrent=ALL-UNNAMED --add-opens=java.base/java.util.concurrent.atomic=ALL-UNNAMED --add-opens=java.xml/javax.xml.namespace=ALL-UNNAMED --add-opens=java.base/java.time=ALL-UNNAMED -XX:MaxMetaspaceSize=512m -Xmx1024m -Dfile.encoding=UTF-8 -Duser.country=IN -Duser.language=en -Duser.variant -javaagent:C:\Users\Lenovo\.gradle\wrapper\dists\gradle-9.2.1-bin\2t0n5ozlw9xmuyvbp7dnzaxug\gradle-9.2.1\lib\agents\gradle-instrumentation-agent-9.2.1.jar org.gradle.launcher.daemon.bootstrap.GradleDaemon 9.2.1

Host: AMD Ryzen 5 5500U with Radeon Graphics         , 12 cores, 5G,  Windows 11 , 64 bit Build 26100 (10.0.26100.8246)
Time: Wed May  6 11:13:42 2026 India Standard Time elapsed time: 50.213181 seconds (0d 0h 0m 50s)

---------------  T H R E A D  ---------------

Current thread (0x00000184e4a22730):  JavaThread "C2 CompilerThread1" daemon [_thread_in_native, id=37024, stack(0x000000035d100000,0x000000035d200000) (1024K)]


Current CompileTask:
C2:50214 12634       4       org.gradle.internal.instantiation.generator.AbstractClassGenerator::inspectType (602 bytes)

Stack: [0x000000035d100000,0x000000035d200000]
Native frames: (J=compiled Java code, j=interpreted, Vv=VM code, C=native code)
V  [jvm.dll+0x6d6c99]
V  [jvm.dll+0x866b83]
V  [jvm.dll+0x86919e]
V  [jvm.dll+0x869883]
V  [jvm.dll+0x280776]
V  [jvm.dll+0xc07cd]
V  [jvm.dll+0xc0d03]
V  [jvm.dll+0x3b986b]
V  [jvm.dll+0x1dfcb2]
V  [jvm.dll+0x2495b4]
V  [jvm.dll+0x248a31]
V  [jvm.dll+0x1c7344]
V  [jvm.dll+0x2581ae]
V  [jvm.dll+0x2566f6]
V  [jvm.dll+0x3f48a6]
V  [jvm.dll+0x80f118]
V  [jvm.dll+0x6d54ed]
C  [ucrtbase.dll+0x37b0]
C  [KERNEL32.DLL+0x2e8d7]
C  [ntdll.dll+0x8c3fc]


---------------  P R O C E S S  ---------------

Threads class SMR info:
_java_thread_list=0x00000184e38f32d0, length=126, elements={
0x00000184c0bbad10, 0x00000184d99592c0, 0x00000184d9972a10, 0x00000184d9973bf0,
0x00000184d997dd00, 0x00000184d9989780, 0x00000184d998ad50, 0x00000184d998cac0,
0x00000184d998ef30, 0x00000184d998f9d0, 0x00000184d9ca5530, 0x00000184dee65bf0,
0x00000184e04bf9f0, 0x00000184def30020, 0x00000184e03db7f0, 0x00000184e03de5e0,
0x00000184e03dd230, 0x00000184e03dd8c0, 0x00000184e03db160, 0x00000184e03dcba0,
0x00000184e03ddf50, 0x00000184e03dbe80, 0x00000184de5b1e40, 0x00000184de5b24d0,
0x00000184de5b1120, 0x00000184de5af6e0, 0x00000184de5b31f0, 0x00000184de5b17b0,
0x00000184de5b2b60, 0x00000184de5b3880, 0x00000184de5b0400, 0x00000184de5b3f10,
0x00000184de5b4c30, 0x00000184de5b6670, 0x00000184de5b45a0, 0x00000184de5b52c0,
0x00000184de5b5fe0, 0x00000184de5b5950, 0x00000184e1d81360, 0x00000184e1d83430,
0x00000184e1d7ffb0, 0x00000184e1d80cd0, 0x00000184e1d82da0, 0x00000184e1d82080,
0x00000184e1d847e0, 0x00000184e1d85500, 0x00000184e1d85b90, 0x00000184e1d86f40,
0x00000184e1d84e70, 0x00000184e1d86220, 0x00000184e1d868b0, 0x00000184e1d875d0,
0x00000184df43e8e0, 0x00000184df43f600, 0x00000184df43fc90, 0x00000184df43dbc0,
0x00000184df43c810, 0x00000184df43e250, 0x00000184df43ef70, 0x00000184df43cea0,
0x00000184df43d530, 0x00000184df440320, 0x00000184df4437a0, 0x00000184df441d60,
0x00000184df4409b0, 0x00000184df441040, 0x00000184df4416d0, 0x00000184df443110,
0x00000184df443e30, 0x00000184df4423f0, 0x00000184e19002d0, 0x00000184e19023a0,
0x00000184e1900960, 0x00000184e19030c0, 0x00000184e1905eb0, 0x00000184e1904470,
0x00000184e1904b00, 0x00000184e1902a30, 0x00000184e1905190, 0x00000184e1906540,
0x00000184e1905820, 0x00000184e1906bd0, 0x00000184e2ad4c50, 0x00000184e2ad52e0,
0x00000184e2ad5970, 0x00000184e2ad6000, 0x00000184e2ad6690, 0x00000184e2ad3f30,
0x00000184e2ad3210, 0x00000184e2ad6d20, 0x00000184e2ad38a0, 0x00000184e2ad73b0,
0x00000184e2ad7a40, 0x00000184e2ad45c0, 0x00000184e2ad80d0, 0x00000184e2ad8760,
0x00000184e2ad8df0, 0x00000184e2ad9b10, 0x00000184e04f8150, 0x00000184e04f87e0,
0x00000184e04f9b90, 0x00000184e04f6da0, 0x00000184e04fa8b0, 0x00000184e04f8e70,
0x00000184e04f9500, 0x00000184e04f7ac0, 0x00000184e04fb5d0, 0x00000184e33f6b00,
0x00000184e40ee730, 0x00000184e40ebfd0, 0x00000184e40efae0, 0x00000184e40f0800,
0x00000184e40f0170, 0x00000184e40f0e90, 0x00000184e40f1520, 0x00000184e40ee0a0,
0x00000184e40f1bb0, 0x00000184e40f2f60, 0x00000184e40f2240, 0x00000184e40f35f0,
0x00000184e40f28d0, 0x00000184e3e152c0, 0x00000184e3e15950, 0x00000184e4a22730,
0x00000184e3e131f0, 0x00000184e3e16d00
}

Java Threads: ( => current thread )
  0x00000184c0bbad10 JavaThread "main"                              [_thread_blocked, id=32740, stack(0x0000000354500000,0x0000000354600000) (1024K)]
  0x00000184d99592c0 JavaThread "Common-Cleaner"             daemon [_thread_blocked, id=22604, stack(0x0000000354d00000,0x0000000354e00000) (1024K)]
  0x00000184d9972a10 JavaThread "Reference Handler"          daemon [_thread_blocked, id=28556, stack(0x0000000354e00000,0x0000000354f00000) (1024K)]
  0x00000184d9973bf0 JavaThread "Finalizer"                  daemon [_thread_blocked, id=38612, stack(0x0000000354f00000,0x0000000355000000) (1024K)]
  0x00000184d997dd00 JavaThread "Signal Dispatcher"          daemon [_thread_blocked, id=15452, stack(0x0000000355000000,0x0000000355100000) (1024K)]
  0x00000184d9989780 JavaThread "Attach Listener"            daemon [_thread_blocked, id=32988, stack(0x0000000355100000,0x0000000355200000) (1024K)]
  0x00000184d998ad50 JavaThread "Service Thread"             daemon [_thread_blocked, id=30592, stack(0x0000000355200000,0x0000000355300000) (1024K)]
  0x00000184d998cac0 JavaThread "Monitor Deflation Thread"   daemon [_thread_blocked, id=15340, stack(0x0000000355300000,0x0000000355400000) (1024K)]
  0x00000184d998ef30 JavaThread "C2 CompilerThread0"         daemon [_thread_in_vm, id=29068, stack(0x0000000355400000,0x0000000355500000) (1024K)]
  0x00000184d998f9d0 JavaThread "C1 CompilerThread0"         daemon [_thread_in_vm, id=8104, stack(0x0000000355500000,0x0000000355600000) (1024K)]
  0x00000184d9ca5530 JavaThread "Notification Thread"        daemon [_thread_blocked, id=39540, stack(0x0000000355600000,0x0000000355700000) (1024K)]
  0x00000184dee65bf0 JavaThread "Daemon health stats"               [_thread_blocked, id=27908, stack(0x0000000355c00000,0x0000000355d00000) (1024K)]
  0x00000184e04bf9f0 JavaThread "Incoming local TCP Connector on port 61419"        [_thread_in_native, id=5096, stack(0x0000000355d00000,0x0000000355e00000) (1024K)]
  0x00000184def30020 JavaThread "Daemon periodic checks"            [_thread_blocked, id=19684, stack(0x0000000355e00000,0x0000000355f00000) (1024K)]
  0x00000184e03db7f0 JavaThread "Daemon"                            [_thread_blocked, id=19268, stack(0x0000000355f00000,0x0000000356000000) (1024K)]
  0x00000184e03de5e0 JavaThread "Handler for socket connection from /127.0.0.1:61419 to /127.0.0.1:61420"        [_thread_in_native, id=39180, stack(0x0000000356000000,0x0000000356100000) (1024K)]
  0x00000184e03dd230 JavaThread "Cancel handler"                    [_thread_blocked, id=7172, stack(0x0000000356800000,0x0000000356900000) (1024K)]
  0x00000184e03dd8c0 JavaThread "Daemon worker"                     [_thread_in_Java, id=19648, stack(0x0000000356900000,0x0000000356a00000) (1024K)]
  0x00000184e03db160 JavaThread "Asynchronous log dispatcher for DefaultDaemonConnection: socket connection from /127.0.0.1:61419 to /127.0.0.1:61420"        [_thread_blocked, id=19568, stack(0x0000000356a00000,0x0000000356b00000) (1024K)]
  0x00000184e03dcba0 JavaThread "Stdin handler"                     [_thread_blocked, id=6256, stack(0x0000000356b00000,0x0000000356c00000) (1024K)]
  0x00000184e03ddf50 JavaThread "Daemon client event forwarder"        [_thread_blocked, id=20296, stack(0x0000000356c00000,0x0000000356d00000) (1024K)]
  0x00000184e03dbe80 JavaThread "Cache worker for journal cache (C:\Users\Lenovo\.gradle\caches\journal-1)"        [_thread_blocked, id=15764, stack(0x0000000355700000,0x0000000355800000) (1024K)]
  0x00000184de5b1e40 JavaThread "File lock request listener"        [_thread_in_native, id=3472, stack(0x0000000356d00000,0x0000000356e00000) (1024K)]
  0x00000184de5b24d0 JavaThread "Cache worker for file hash cache (C:\Users\Lenovo\.gradle\caches\9.2.1\fileHashes)"        [_thread_blocked, id=38432, stack(0x0000000356e00000,0x0000000356f00000) (1024K)]
  0x00000184de5b1120 JavaThread "Cache worker for file hash cache (C:\Users\Lenovo\AndroidStudioProjects\KavyaKanaja2\.gradle\9.2.1\fileHashes)"        [_thread_blocked, id=39304, stack(0x0000000357000000,0x0000000357100000) (1024K)]
  0x00000184de5af6e0 JavaThread "Cache worker for Build Output Cleanup Cache (C:\Users\Lenovo\AndroidStudioProjects\KavyaKanaja2\.gradle\buildOutputCleanup)"        [_thread_blocked, id=2704, stack(0x0000000357100000,0x0000000357200000) (1024K)]
  0x00000184de5b31f0 JavaThread "File watcher server"        daemon [_thread_in_native, id=20752, stack(0x0000000357200000,0x0000000357300000) (1024K)]
  0x00000184de5b17b0 JavaThread "File watcher consumer"      daemon [_thread_blocked, id=27768, stack(0x0000000357300000,0x0000000357400000) (1024K)]
  0x00000184de5b2b60 JavaThread "jar transforms"                    [_thread_blocked, id=25460, stack(0x0000000357400000,0x0000000357500000) (1024K)]
  0x00000184de5b3880 JavaThread "jar transforms Thread 2"           [_thread_blocked, id=32480, stack(0x0000000357500000,0x0000000357600000) (1024K)]
  0x00000184de5b0400 JavaThread "jar transforms Thread 3"           [_thread_blocked, id=39768, stack(0x0000000357600000,0x0000000357700000) (1024K)]
  0x00000184de5b3f10 JavaThread "jar transforms Thread 4"           [_thread_blocked, id=21972, stack(0x0000000357700000,0x0000000357800000) (1024K)]
  0x00000184de5b4c30 JavaThread "jar transforms Thread 5"           [_thread_blocked, id=32992, stack(0x0000000357800000,0x0000000357900000) (1024K)]
  0x00000184de5b6670 JavaThread "jar transforms Thread 6"           [_thread_blocked, id=39252, stack(0x0000000357900000,0x0000000357a00000) (1024K)]
  0x00000184de5b45a0 JavaThread "jar transforms Thread 7"           [_thread_blocked, id=32080, stack(0x0000000357a00000,0x0000000357b00000) (1024K)]
  0x00000184de5b52c0 JavaThread "jar transforms Thread 8"           [_thread_blocked, id=22968, stack(0x0000000357b00000,0x0000000357c00000) (1024K)]
  0x00000184de5b5fe0 JavaThread "jar transforms Thread 9"           [_thread_blocked, id=2288, stack(0x0000000357c00000,0x0000000357d00000) (1024K)]
  0x00000184de5b5950 JavaThread "jar transforms Thread 10"          [_thread_blocked, id=11156, stack(0x0000000357d00000,0x0000000357e00000) (1024K)]
  0x00000184e1d81360 JavaThread "jar transforms Thread 11"          [_thread_blocked, id=26332, stack(0x0000000357e00000,0x0000000357f00000) (1024K)]
  0x00000184e1d83430 JavaThread "jar transforms Thread 12"          [_thread_blocked, id=34168, stack(0x0000000357f00000,0x0000000358000000) (1024K)]
  0x00000184e1d7ffb0 JavaThread "Cache worker for checksums cache (C:\Users\Lenovo\AndroidStudioProjects\KavyaKanaja2\.gradle\9.2.1\checksums)"        [_thread_blocked, id=36876, stack(0x0000000358000000,0x0000000358100000) (1024K)]
  0x00000184e1d80cd0 JavaThread "Cache worker for file content cache (C:\Users\Lenovo\.gradle\caches\9.2.1\fileContent)"        [_thread_blocked, id=20008, stack(0x0000000358100000,0x0000000358200000) (1024K)]
  0x00000184e1d82da0 JavaThread "Cache worker for cache directory md-supplier (C:\Users\Lenovo\.gradle\caches\9.2.1\md-supplier)"        [_thread_blocked, id=23224, stack(0x0000000358200000,0x0000000358300000) (1024K)]
  0x00000184e1d82080 JavaThread "Cache worker for cache directory md-rule (C:\Users\Lenovo\.gradle\caches\9.2.1\md-rule)"        [_thread_blocked, id=22904, stack(0x0000000358300000,0x0000000358400000) (1024K)]
  0x00000184e1d847e0 JavaThread "Unconstrained build operations"        [_thread_blocked, id=24984, stack(0x0000000358400000,0x0000000358500000) (1024K)]
  0x00000184e1d85500 JavaThread "Unconstrained build operations Thread 2"        [_thread_blocked, id=36620, stack(0x0000000358500000,0x0000000358600000) (1024K)]
  0x00000184e1d85b90 JavaThread "Unconstrained build operations Thread 3"        [_thread_blocked, id=12524, stack(0x0000000358600000,0x0000000358700000) (1024K)]
  0x00000184e1d86f40 JavaThread "Unconstrained build operations Thread 4"        [_thread_blocked, id=15004, stack(0x0000000358700000,0x0000000358800000) (1024K)]
  0x00000184e1d84e70 JavaThread "Unconstrained build operations Thread 5"        [_thread_blocked, id=35164, stack(0x0000000356f00000,0x0000000357000000) (1024K)]
  0x00000184e1d86220 JavaThread "Unconstrained build operations Thread 6"        [_thread_blocked, id=36564, stack(0x0000000358800000,0x0000000358900000) (1024K)]
  0x00000184e1d868b0 JavaThread "Unconstrained build operations Thread 7"        [_thread_blocked, id=34256, stack(0x0000000358900000,0x0000000358a00000) (1024K)]
  0x00000184e1d875d0 JavaThread "Unconstrained build operations Thread 8"        [_thread_blocked, id=37440, stack(0x0000000358a00000,0x0000000358b00000) (1024K)]
  0x00000184df43e8e0 JavaThread "Unconstrained build operations Thread 9"        [_thread_blocked, id=19920, stack(0x0000000358b00000,0x0000000358c00000) (1024K)]
  0x00000184df43f600 JavaThread "Unconstrained build operations Thread 10"        [_thread_blocked, id=35036, stack(0x0000000358c00000,0x0000000358d00000) (1024K)]
  0x00000184df43fc90 JavaThread "Unconstrained build operations Thread 11"        [_thread_blocked, id=5736, stack(0x0000000358d00000,0x0000000358e00000) (1024K)]
  0x00000184df43dbc0 JavaThread "Unconstrained build operations Thread 12"        [_thread_blocked, id=15708, stack(0x0000000358e00000,0x0000000358f00000) (1024K)]
  0x00000184df43c810 JavaThread "Unconstrained build operations Thread 13"        [_thread_blocked, id=17992, stack(0x0000000358f00000,0x0000000359000000) (1024K)]
  0x00000184df43e250 JavaThread "Unconstrained build operations Thread 14"        [_thread_blocked, id=33788, stack(0x0000000359000000,0x0000000359100000) (1024K)]
  0x00000184df43ef70 JavaThread "Unconstrained build operations Thread 15"        [_thread_blocked, id=8980, stack(0x0000000359100000,0x0000000359200000) (1024K)]
  0x00000184df43cea0 JavaThread "Unconstrained build operations Thread 16"        [_thread_blocked, id=39584, stack(0x0000000359200000,0x0000000359300000) (1024K)]
  0x00000184df43d530 JavaThread "Unconstrained build operations Thread 17"        [_thread_blocked, id=16856, stack(0x0000000359300000,0x0000000359400000) (1024K)]
  0x00000184df440320 JavaThread "Unconstrained build operations Thread 18"        [_thread_blocked, id=20812, stack(0x0000000359400000,0x0000000359500000) (1024K)]
  0x00000184df4437a0 JavaThread "Unconstrained build operations Thread 19"        [_thread_blocked, id=27040, stack(0x0000000359500000,0x0000000359600000) (1024K)]
  0x00000184df441d60 JavaThread "Unconstrained build operations Thread 20"        [_thread_blocked, id=37300, stack(0x0000000359600000,0x0000000359700000) (1024K)]
  0x00000184df4409b0 JavaThread "Unconstrained build operations Thread 21"        [_thread_blocked, id=15788, stack(0x0000000359700000,0x0000000359800000) (1024K)]
  0x00000184df441040 JavaThread "Unconstrained build operations Thread 22"        [_thread_blocked, id=31612, stack(0x0000000359800000,0x0000000359900000) (1024K)]
  0x00000184df4416d0 JavaThread "Unconstrained build operations Thread 23"        [_thread_blocked, id=16208, stack(0x0000000359900000,0x0000000359a00000) (1024K)]
  0x00000184df443110 JavaThread "Unconstrained build operations Thread 24"        [_thread_blocked, id=31604, stack(0x0000000359a00000,0x0000000359b00000) (1024K)]
  0x00000184df443e30 JavaThread "Unconstrained build operations Thread 25"        [_thread_blocked, id=4304, stack(0x0000000359b00000,0x0000000359c00000) (1024K)]
  0x00000184df4423f0 JavaThread "Unconstrained build operations Thread 26"        [_thread_blocked, id=39892, stack(0x0000000359c00000,0x0000000359d00000) (1024K)]
  0x00000184e19002d0 JavaThread "Unconstrained build operations Thread 27"        [_thread_blocked, id=38080, stack(0x0000000359d00000,0x0000000359e00000) (1024K)]
  0x00000184e19023a0 JavaThread "Unconstrained build operations Thread 28"        [_thread_blocked, id=12272, stack(0x0000000359e00000,0x0000000359f00000) (1024K)]
  0x00000184e1900960 JavaThread "Unconstrained build operations Thread 29"        [_thread_blocked, id=8240, stack(0x0000000359f00000,0x000000035a000000) (1024K)]
  0x00000184e19030c0 JavaThread "Unconstrained build operations Thread 30"        [_thread_blocked, id=34132, stack(0x000000035a100000,0x000000035a200000) (1024K)]
  0x00000184e1905eb0 JavaThread "Unconstrained build operations Thread 31"        [_thread_blocked, id=27708, stack(0x000000035a200000,0x000000035a300000) (1024K)]
  0x00000184e1904470 JavaThread "Unconstrained build operations Thread 32"        [_thread_blocked, id=38976, stack(0x000000035a300000,0x000000035a400000) (1024K)]
  0x00000184e1904b00 JavaThread "Unconstrained build operations Thread 33"        [_thread_blocked, id=16736, stack(0x000000035a400000,0x000000035a500000) (1024K)]
  0x00000184e1902a30 JavaThread "Unconstrained build operations Thread 34"        [_thread_blocked, id=18112, stack(0x000000035a500000,0x000000035a600000) (1024K)]
  0x00000184e1905190 JavaThread "Unconstrained build operations Thread 35"        [_thread_blocked, id=38384, stack(0x000000035a600000,0x000000035a700000) (1024K)]
  0x00000184e1906540 JavaThread "Unconstrained build operations Thread 36"        [_thread_blocked, id=8288, stack(0x000000035a700000,0x000000035a800000) (1024K)]
  0x00000184e1905820 JavaThread "Unconstrained build operations Thread 37"        [_thread_blocked, id=21508, stack(0x000000035a800000,0x000000035a900000) (1024K)]
  0x00000184e1906bd0 JavaThread "Unconstrained build operations Thread 38"        [_thread_blocked, id=16288, stack(0x000000035a900000,0x000000035aa00000) (1024K)]
  0x00000184e2ad4c50 JavaThread "Unconstrained build operations Thread 39"        [_thread_blocked, id=38844, stack(0x000000035aa00000,0x000000035ab00000) (1024K)]
  0x00000184e2ad52e0 JavaThread "Unconstrained build operations Thread 40"        [_thread_blocked, id=25544, stack(0x000000035ab00000,0x000000035ac00000) (1024K)]
  0x00000184e2ad5970 JavaThread "Unconstrained build operations Thread 41"        [_thread_blocked, id=18180, stack(0x000000035ac00000,0x000000035ad00000) (1024K)]
  0x00000184e2ad6000 JavaThread "Unconstrained build operations Thread 42"        [_thread_blocked, id=17632, stack(0x000000035ad00000,0x000000035ae00000) (1024K)]
  0x00000184e2ad6690 JavaThread "Unconstrained build operations Thread 43"        [_thread_blocked, id=19552, stack(0x000000035ae00000,0x000000035af00000) (1024K)]
  0x00000184e2ad3f30 JavaThread "Unconstrained build operations Thread 44"        [_thread_blocked, id=27184, stack(0x000000035af00000,0x000000035b000000) (1024K)]
  0x00000184e2ad3210 JavaThread "Unconstrained build operations Thread 45"        [_thread_blocked, id=27428, stack(0x000000035b000000,0x000000035b100000) (1024K)]
  0x00000184e2ad6d20 JavaThread "Unconstrained build operations Thread 46"        [_thread_blocked, id=28636, stack(0x000000035b100000,0x000000035b200000) (1024K)]
  0x00000184e2ad38a0 JavaThread "Unconstrained build operations Thread 47"        [_thread_blocked, id=35128, stack(0x000000035b200000,0x000000035b300000) (1024K)]
  0x00000184e2ad73b0 JavaThread "Unconstrained build operations Thread 48"        [_thread_blocked, id=35996, stack(0x000000035b300000,0x000000035b400000) (1024K)]
  0x00000184e2ad7a40 JavaThread "Unconstrained build operations Thread 49"        [_thread_blocked, id=3564, stack(0x000000035b400000,0x000000035b500000) (1024K)]
  0x00000184e2ad45c0 JavaThread "Unconstrained build operations Thread 50"        [_thread_blocked, id=6244, stack(0x000000035b500000,0x000000035b600000) (1024K)]
  0x00000184e2ad80d0 JavaThread "Unconstrained build operations Thread 51"        [_thread_blocked, id=25360, stack(0x000000035b600000,0x000000035b700000) (1024K)]
  0x00000184e2ad8760 JavaThread "Unconstrained build operations Thread 52"        [_thread_blocked, id=13932, stack(0x000000035b700000,0x000000035b800000) (1024K)]
  0x00000184e2ad8df0 JavaThread "Unconstrained build operations Thread 53"        [_thread_blocked, id=38224, stack(0x000000035b800000,0x000000035b900000) (1024K)]
  0x00000184e2ad9b10 JavaThread "Unconstrained build operations Thread 54"        [_thread_blocked, id=25668, stack(0x000000035b900000,0x000000035ba00000) (1024K)]
  0x00000184e04f8150 JavaThread "Unconstrained build operations Thread 55"        [_thread_blocked, id=34312, stack(0x000000035ba00000,0x000000035bb00000) (1024K)]
  0x00000184e04f87e0 JavaThread "Unconstrained build operations Thread 56"        [_thread_blocked, id=22356, stack(0x000000035bb00000,0x000000035bc00000) (1024K)]
  0x00000184e04f9b90 JavaThread "Unconstrained build operations Thread 57"        [_thread_blocked, id=5360, stack(0x000000035bc00000,0x000000035bd00000) (1024K)]
  0x00000184e04f6da0 JavaThread "Unconstrained build operations Thread 58"        [_thread_blocked, id=36636, stack(0x000000035bd00000,0x000000035be00000) (1024K)]
  0x00000184e04fa8b0 JavaThread "Unconstrained build operations Thread 59"        [_thread_blocked, id=38052, stack(0x000000035be00000,0x000000035bf00000) (1024K)]
  0x00000184e04f8e70 JavaThread "Unconstrained build operations Thread 60"        [_thread_blocked, id=26312, stack(0x000000035bf00000,0x000000035c000000) (1024K)]
  0x00000184e04f9500 JavaThread "Unconstrained build operations Thread 61"        [_thread_blocked, id=29284, stack(0x000000035c000000,0x000000035c100000) (1024K)]
  0x00000184e04f7ac0 JavaThread "Unconstrained build operations Thread 62"        [_thread_blocked, id=39092, stack(0x000000035c100000,0x000000035c200000) (1024K)]
  0x00000184e04fb5d0 JavaThread "Memory manager"                    [_thread_blocked, id=22784, stack(0x000000035c200000,0x000000035c300000) (1024K)]
  0x00000184e33f6b00 JavaThread "pool-3-thread-1"                   [_thread_blocked, id=12140, stack(0x000000035a000000,0x000000035a100000) (1024K)]
  0x00000184e40ee730 JavaThread "included builds"                   [_thread_blocked, id=18944, stack(0x000000035c300000,0x000000035c400000) (1024K)]
  0x00000184e40ebfd0 JavaThread "Execution worker"                  [_thread_blocked, id=14012, stack(0x000000035c400000,0x000000035c500000) (1024K)]
  0x00000184e40efae0 JavaThread "Execution worker Thread 2"         [_thread_blocked, id=10520, stack(0x000000035c500000,0x000000035c600000) (1024K)]
  0x00000184e40f0800 JavaThread "Execution worker Thread 3"         [_thread_blocked, id=20684, stack(0x000000035c600000,0x000000035c700000) (1024K)]
  0x00000184e40f0170 JavaThread "Execution worker Thread 4"         [_thread_blocked, id=27312, stack(0x000000035c700000,0x000000035c800000) (1024K)]
  0x00000184e40f0e90 JavaThread "Execution worker Thread 5"         [_thread_blocked, id=7040, stack(0x000000035c800000,0x000000035c900000) (1024K)]
  0x00000184e40f1520 JavaThread "Execution worker Thread 6"         [_thread_blocked, id=848, stack(0x000000035c900000,0x000000035ca00000) (1024K)]
  0x00000184e40ee0a0 JavaThread "Execution worker Thread 7"         [_thread_blocked, id=16128, stack(0x000000035ca00000,0x000000035cb00000) (1024K)]
  0x00000184e40f1bb0 JavaThread "Execution worker Thread 8"         [_thread_blocked, id=39468, stack(0x000000035cb00000,0x000000035cc00000) (1024K)]
  0x00000184e40f2f60 JavaThread "Execution worker Thread 9"         [_thread_blocked, id=29964, stack(0x000000035cc00000,0x000000035cd00000) (1024K)]
  0x00000184e40f2240 JavaThread "Execution worker Thread 10"        [_thread_blocked, id=27056, stack(0x000000035cd00000,0x000000035ce00000) (1024K)]
  0x00000184e40f35f0 JavaThread "Execution worker Thread 11"        [_thread_blocked, id=35388, stack(0x000000035ce00000,0x000000035cf00000) (1024K)]
  0x00000184e40f28d0 JavaThread "Cache worker for execution history cache (C:\Users\Lenovo\AndroidStudioProjects\KavyaKanaja2\.gradle\9.2.1\executionHistory)"        [_thread_blocked, id=8256, stack(0x000000035cf00000,0x000000035d000000) (1024K)]
  0x00000184e3e152c0 JavaThread "idea-tooling-model-converter"        [_thread_blocked, id=10460, stack(0x000000035d000000,0x000000035d100000) (1024K)]
  0x00000184e3e15950 JavaThread "Unconstrained build operations Thread 63"        [_thread_blocked, id=6876, stack(0x000000035d200000,0x000000035d300000) (1024K)]
=>0x00000184e4a22730 JavaThread "C2 CompilerThread1"         daemon [_thread_in_native, id=37024, stack(0x000000035d100000,0x000000035d200000) (1024K)]
  0x00000184e3e131f0 JavaThread "Unconstrained build operations Thread 64"        [_thread_blocked, id=19348, stack(0x000000035d300000,0x000000035d400000) (1024K)]
  0x00000184e3e16d00 JavaThread "Unconstrained build operations Thread 65"        [_thread_blocked, id=18560, stack(0x000000035d400000,0x000000035d500000) (1024K)]
Total: 126

Other Threads:
  0x00000184d97b35e0 VMThread "VM Thread"                           [id=4440, stack(0x0000000354c00000,0x0000000354d00000) (1024K)]
  0x00000184d9751520 WatcherThread "VM Periodic Task Thread"        [id=8396, stack(0x0000000354b00000,0x0000000354c00000) (1024K)]
  0x00000184c30e7dc0 WorkerThread "GC Thread#0"                     [id=1676, stack(0x0000000354600000,0x0000000354700000) (1024K)]
  0x00000184de721f10 WorkerThread "GC Thread#1"                     [id=8296, stack(0x0000000355800000,0x0000000355900000) (1024K)]
  0x00000184de668d30 WorkerThread "GC Thread#2"                     [id=38820, stack(0x0000000355900000,0x0000000355a00000) (1024K)]
  0x00000184ded8ab80 WorkerThread "GC Thread#3"                     [id=13712, stack(0x0000000355a00000,0x0000000355b00000) (1024K)]
  0x00000184ded8af20 WorkerThread "GC Thread#4"                     [id=39752, stack(0x0000000355b00000,0x0000000355c00000) (1024K)]
  0x00000184e0405d30 WorkerThread "GC Thread#5"                     [id=28936, stack(0x0000000356100000,0x0000000356200000) (1024K)]
  0x00000184e0275460 WorkerThread "GC Thread#6"                     [id=6400, stack(0x0000000356200000,0x0000000356300000) (1024K)]
  0x00000184dfd7aa90 WorkerThread "GC Thread#7"                     [id=38696, stack(0x0000000356300000,0x0000000356400000) (1024K)]
  0x00000184e044b9c0 WorkerThread "GC Thread#8"                     [id=32512, stack(0x0000000356400000,0x0000000356500000) (1024K)]
  0x00000184e044a400 WorkerThread "GC Thread#9"                     [id=23484, stack(0x0000000356500000,0x0000000356600000) (1024K)]
  0x00000184c30f1cc0 ConcurrentGCThread "G1 Main Marker"            [id=19912, stack(0x0000000354700000,0x0000000354800000) (1024K)]
  0x00000184c30f3510 WorkerThread "G1 Conc#0"                       [id=26340, stack(0x0000000354800000,0x0000000354900000) (1024K)]
  0x00000184e044a7a0 WorkerThread "G1 Conc#1"                       [id=34460, stack(0x0000000356600000,0x0000000356700000) (1024K)]
  0x00000184e044ab40 WorkerThread "G1 Conc#2"                       [id=31076, stack(0x0000000356700000,0x0000000356800000) (1024K)]
  0x00000184c316e4c0 ConcurrentGCThread "G1 Refine#0"               [id=18096, stack(0x0000000354900000,0x0000000354a00000) (1024K)]
  0x00000184d96260d0 ConcurrentGCThread "G1 Service"                [id=39224, stack(0x0000000354a00000,0x0000000354b00000) (1024K)]
Total: 18

Threads with active compile tasks:
C2 CompilerThread0  50309 12947       4       org.gradle.api.internal.artifacts.ModuleComponentSelectorSerializer::read (50 bytes)
C2 CompilerThread1  50309 12634       4       org.gradle.internal.instantiation.generator.AbstractClassGenerator::inspectType (602 bytes)
Total: 2

VM state: not at safepoint (normal execution)

VM Mutex/Monitor currently owned by a thread: None

Heap address: 0x00000000c0000000, size: 1024 MB, Compressed Oops mode: 32-bit

CDS archive(s) not mapped
Compressed class space mapped at: 0x0000000100000000-0x000000011a000000, reserved size: 436207616
Narrow klass base: 0x0000000000000000, Narrow klass shift: 3, Narrow klass range: 0x11a000000

GC Precious Log:
 CardTable entry size: 512
 Card Set container configuration: InlinePtr #cards 5 size 8 Array Of Cards #cards 12 size 40 Howl #buckets 4 coarsen threshold 1843 Howl Bitmap #cards 512 size 80 coarsen threshold 460 Card regions per heap region 1 cards per card region 2048
 CPUs: 12 total, 12 available
 Memory: 6005M
 Large Page Support: Disabled
 NUMA Support: Disabled
 Compressed Oops: Enabled (32-bit)
 Heap Region Size: 1M
 Heap Min Capacity: 8M
 Heap Initial Capacity: 94M
 Heap Max Capacity: 1G
 Pre-touch: Disabled
 Parallel Workers: 10
 Concurrent Workers: 3
 Concurrent Refinement Workers: 10
 Periodic GC: Disabled

Heap:
 garbage-first heap   total 235520K, used 169986K [0x00000000c0000000, 0x0000000100000000)
  region size 1024K, 34 young (34816K), 6 survivors (6144K)
 Metaspace       used 125415K, committed 127872K, reserved 557056K
  class space    used 17364K, committed 18560K, reserved 425984K

Heap Regions: E=young(eden), S=young(survivor), O=old, HS=humongous(starts), HC=humongous(continues), CS=collection set, F=free, TAMS=top-at-mark-start, PB=parsable bottom
|   0|0x00000000c0000000, 0x00000000c0100000, 0x00000000c0100000|100%|HS|  |TAMS 0x00000000c0000000| PB 0x00000000c0000000| Complete 
|   1|0x00000000c0100000, 0x00000000c0200000, 0x00000000c0200000|100%|HC|  |TAMS 0x00000000c0100000| PB 0x00000000c0100000| Complete 
|   2|0x00000000c0200000, 0x00000000c0300000, 0x00000000c0300000|100%|HC|  |TAMS 0x00000000c0200000| PB 0x00000000c0200000| Complete 
|   3|0x00000000c0300000, 0x00000000c0400000, 0x00000000c0400000|100%|HC|  |TAMS 0x00000000c0300000| PB 0x00000000c0300000| Complete 
|   4|0x00000000c0400000, 0x00000000c0500000, 0x00000000c0500000|100%| O|  |TAMS 0x00000000c0400000| PB 0x00000000c0400000| Untracked 
|   5|0x00000000c0500000, 0x00000000c0600000, 0x00000000c0600000|100%| O|  |TAMS 0x00000000c0500000| PB 0x00000000c0500000| Untracked 
|   6|0x00000000c0600000, 0x00000000c0700000, 0x00000000c0700000|100%| O|  |TAMS 0x00000000c0600000| PB 0x00000000c0600000| Untracked 
|   7|0x00000000c0700000, 0x00000000c0800000, 0x00000000c0800000|100%| O|  |TAMS 0x00000000c0700000| PB 0x00000000c0700000| Untracked 
|   8|0x00000000c0800000, 0x00000000c0900000, 0x00000000c0900000|100%| O|  |TAMS 0x00000000c0800000| PB 0x00000000c0800000| Untracked 
|   9|0x00000000c0900000, 0x00000000c0a00000, 0x00000000c0a00000|100%| O|  |TAMS 0x00000000c0900000| PB 0x00000000c0900000| Untracked 
|  10|0x00000000c0a00000, 0x00000000c0b00000, 0x00000000c0b00000|100%| O|  |TAMS 0x00000000c0a00000| PB 0x00000000c0a00000| Untracked 
|  11|0x00000000c0b00000, 0x00000000c0c00000, 0x00000000c0c00000|100%|HS|  |TAMS 0x00000000c0b00000| PB 0x00000000c0b00000| Complete 
|  12|0x00000000c0c00000, 0x00000000c0d00000, 0x00000000c0d00000|100%| O|  |TAMS 0x00000000c0c00000| PB 0x00000000c0c00000| Untracked 
|  13|0x00000000c0d00000, 0x00000000c0e00000, 0x00000000c0e00000|100%| O|  |TAMS 0x00000000c0d00000| PB 0x00000000c0d00000| Untracked 
|  14|0x00000000c0e00000, 0x00000000c0f00000, 0x00000000c0f00000|100%| O|  |TAMS 0x00000000c0e00000| PB 0x00000000c0e00000| Untracked 
|  15|0x00000000c0f00000, 0x00000000c1000000, 0x00000000c1000000|100%|HS|  |TAMS 0x00000000c0f00000| PB 0x00000000c0f00000| Complete 
|  16|0x00000000c1000000, 0x00000000c1100000, 0x00000000c1100000|100%|HC|  |TAMS 0x00000000c1000000| PB 0x00000000c1000000| Complete 
|  17|0x00000000c1100000, 0x00000000c1200000, 0x00000000c1200000|100%|HC|  |TAMS 0x00000000c1100000| PB 0x00000000c1100000| Complete 
|  18|0x00000000c1200000, 0x00000000c1300000, 0x00000000c1300000|100%|HC|  |TAMS 0x00000000c1200000| PB 0x00000000c1200000| Complete 
|  19|0x00000000c1300000, 0x00000000c1400000, 0x00000000c1400000|100%|HC|  |TAMS 0x00000000c1300000| PB 0x00000000c1300000| Complete 
|  20|0x00000000c1400000, 0x00000000c1500000, 0x00000000c1500000|100%|HC|  |TAMS 0x00000000c1400000| PB 0x00000000c1400000| Complete 
|  21|0x00000000c1500000, 0x00000000c1600000, 0x00000000c1600000|100%|HS|  |TAMS 0x00000000c1500000| PB 0x00000000c1500000| Complete 
|  22|0x00000000c1600000, 0x00000000c1700000, 0x00000000c1700000|100%|HC|  |TAMS 0x00000000c1600000| PB 0x00000000c1600000| Complete 
|  23|0x00000000c1700000, 0x00000000c1800000, 0x00000000c1800000|100%|HS|  |TAMS 0x00000000c1700000| PB 0x00000000c1700000| Complete 
|  24|0x00000000c1800000, 0x00000000c1900000, 0x00000000c1900000|100%|HS|  |TAMS 0x00000000c1800000| PB 0x00000000c1800000| Complete 
|  25|0x00000000c1900000, 0x00000000c1a00000, 0x00000000c1a00000|100%|HC|  |TAMS 0x00000000c1900000| PB 0x00000000c1900000| Complete 
|  26|0x00000000c1a00000, 0x00000000c1b00000, 0x00000000c1b00000|100%|HC|  |TAMS 0x00000000c1a00000| PB 0x00000000c1a00000| Complete 
|  27|0x00000000c1b00000, 0x00000000c1c00000, 0x00000000c1c00000|100%|HC|  |TAMS 0x00000000c1b00000| PB 0x00000000c1b00000| Complete 
|  28|0x00000000c1c00000, 0x00000000c1d00000, 0x00000000c1d00000|100%|HC|  |TAMS 0x00000000c1c00000| PB 0x00000000c1c00000| Complete 
|  29|0x00000000c1d00000, 0x00000000c1e00000, 0x00000000c1e00000|100%|HC|  |TAMS 0x00000000c1d00000| PB 0x00000000c1d00000| Complete 
|  30|0x00000000c1e00000, 0x00000000c1f00000, 0x00000000c1f00000|100%|HS|  |TAMS 0x00000000c1e00000| PB 0x00000000c1e00000| Complete 
|  31|0x00000000c1f00000, 0x00000000c2000000, 0x00000000c2000000|100%|HC|  |TAMS 0x00000000c1f00000| PB 0x00000000c1f00000| Complete 
|  32|0x00000000c2000000, 0x00000000c2100000, 0x00000000c2100000|100%| O|  |TAMS 0x00000000c2000000| PB 0x00000000c2000000| Untracked 
|  33|0x00000000c2100000, 0x00000000c2200000, 0x00000000c2200000|100%| O|  |TAMS 0x00000000c2100000| PB 0x00000000c2100000| Untracked 
|  34|0x00000000c2200000, 0x00000000c2300000, 0x00000000c2300000|100%| O|  |TAMS 0x00000000c2200000| PB 0x00000000c2200000| Untracked 
|  35|0x00000000c2300000, 0x00000000c2400000, 0x00000000c2400000|100%| O|  |TAMS 0x00000000c2300000| PB 0x00000000c2300000| Untracked 
|  36|0x00000000c2400000, 0x00000000c2500000, 0x00000000c2500000|100%| O|  |TAMS 0x00000000c2400000| PB 0x00000000c2400000| Untracked 
|  37|0x00000000c2500000, 0x00000000c2600000, 0x00000000c2600000|100%| O|  |TAMS 0x00000000c2500000| PB 0x00000000c2500000| Untracked 
|  38|0x00000000c2600000, 0x00000000c2700000, 0x00000000c2700000|100%| O|  |TAMS 0x00000000c2600000| PB 0x00000000c2600000| Untracked 
|  39|0x00000000c2700000, 0x00000000c2800000, 0x00000000c2800000|100%| O|  |TAMS 0x00000000c2700000| PB 0x00000000c2700000| Untracked 
|  40|0x00000000c2800000, 0x00000000c2900000, 0x00000000c2900000|100%| O|  |TAMS 0x00000000c2800000| PB 0x00000000c2800000| Untracked 
|  41|0x00000000c2900000, 0x00000000c2a00000, 0x00000000c2a00000|100%| O|  |TAMS 0x00000000c2900000| PB 0x00000000c2900000| Untracked 
|  42|0x00000000c2a00000, 0x00000000c2b00000, 0x00000000c2b00000|100%| O|  |TAMS 0x00000000c2a00000| PB 0x00000000c2a00000| Untracked 
|  43|0x00000000c2b00000, 0x00000000c2c00000, 0x00000000c2c00000|100%| O|  |TAMS 0x00000000c2b00000| PB 0x00000000c2b00000| Untracked 
|  44|0x00000000c2c00000, 0x00000000c2d00000, 0x00000000c2d00000|100%| O|  |TAMS 0x00000000c2c00000| PB 0x00000000c2c00000| Untracked 
|  45|0x00000000c2d00000, 0x00000000c2e00000, 0x00000000c2e00000|100%|HS|  |TAMS 0x00000000c2d00000| PB 0x00000000c2d00000| Complete 
|  46|0x00000000c2e00000, 0x00000000c2f00000, 0x00000000c2f00000|100%|HC|  |TAMS 0x00000000c2e00000| PB 0x00000000c2e00000| Complete 
|  47|0x00000000c2f00000, 0x00000000c3000000, 0x00000000c3000000|100%| O|  |TAMS 0x00000000c2f00000| PB 0x00000000c2f00000| Untracked 
|  48|0x00000000c3000000, 0x00000000c3100000, 0x00000000c3100000|100%| O|  |TAMS 0x00000000c3000000| PB 0x00000000c3000000| Untracked 
|  49|0x00000000c3100000, 0x00000000c3200000, 0x00000000c3200000|100%| O|  |TAMS 0x00000000c3100000| PB 0x00000000c3100000| Untracked 
|  50|0x00000000c3200000, 0x00000000c3300000, 0x00000000c3300000|100%| O|  |TAMS 0x00000000c3200000| PB 0x00000000c3200000| Untracked 
|  51|0x00000000c3300000, 0x00000000c3400000, 0x00000000c3400000|100%| O|  |TAMS 0x00000000c3300000| PB 0x00000000c3300000| Untracked 
|  52|0x00000000c3400000, 0x00000000c3500000, 0x00000000c3500000|100%| O|  |TAMS 0x00000000c3400000| PB 0x00000000c3400000| Untracked 
|  53|0x00000000c3500000, 0x00000000c3600000, 0x00000000c3600000|100%| O|  |TAMS 0x00000000c3500000| PB 0x00000000c3500000| Untracked 
|  54|0x00000000c3600000, 0x00000000c3700000, 0x00000000c3700000|100%| O|  |TAMS 0x00000000c3600000| PB 0x00000000c3600000| Untracked 
|  55|0x00000000c3700000, 0x00000000c3800000, 0x00000000c3800000|100%| O|  |TAMS 0x00000000c3700000| PB 0x00000000c3700000| Untracked 
|  56|0x00000000c3800000, 0x00000000c3900000, 0x00000000c3900000|100%| O|  |TAMS 0x00000000c3800000| PB 0x00000000c3800000| Untracked 
|  57|0x00000000c3900000, 0x00000000c3a00000, 0x00000000c3a00000|100%| O|  |TAMS 0x00000000c3900000| PB 0x00000000c3900000| Untracked 
|  58|0x00000000c3a00000, 0x00000000c3b00000, 0x00000000c3b00000|100%| O|  |TAMS 0x00000000c3a00000| PB 0x00000000c3a00000| Untracked 
|  59|0x00000000c3b00000, 0x00000000c3c00000, 0x00000000c3c00000|100%| O|  |TAMS 0x00000000c3b00000| PB 0x00000000c3b00000| Untracked 
|  60|0x00000000c3c00000, 0x00000000c3d00000, 0x00000000c3d00000|100%| O|  |TAMS 0x00000000c3c00000| PB 0x00000000c3c00000| Untracked 
|  61|0x00000000c3d00000, 0x00000000c3e00000, 0x00000000c3e00000|100%| O|  |TAMS 0x00000000c3d00000| PB 0x00000000c3d00000| Untracked 
|  62|0x00000000c3e00000, 0x00000000c3f00000, 0x00000000c3f00000|100%| O|  |TAMS 0x00000000c3e00000| PB 0x00000000c3e00000| Untracked 
|  63|0x00000000c3f00000, 0x00000000c4000000, 0x00000000c4000000|100%| O|  |TAMS 0x00000000c3f00000| PB 0x00000000c3f00000| Untracked 
|  64|0x00000000c4000000, 0x00000000c4100000, 0x00000000c4100000|100%| O|  |TAMS 0x00000000c4000000| PB 0x00000000c4000000| Untracked 
|  65|0x00000000c4100000, 0x00000000c4200000, 0x00000000c4200000|100%|HS|  |TAMS 0x00000000c4100000| PB 0x00000000c4100000| Complete 
|  66|0x00000000c4200000, 0x00000000c4300000, 0x00000000c4300000|100%|HS|  |TAMS 0x00000000c4200000| PB 0x00000000c4200000| Complete 
|  67|0x00000000c4300000, 0x00000000c4400000, 0x00000000c4400000|100%|HS|  |TAMS 0x00000000c4300000| PB 0x00000000c4300000| Complete 
|  68|0x00000000c4400000, 0x00000000c4500000, 0x00000000c4500000|100%| O|  |TAMS 0x00000000c4400000| PB 0x00000000c4400000| Untracked 
|  69|0x00000000c4500000, 0x00000000c4600000, 0x00000000c4600000|100%|HS|  |TAMS 0x00000000c4500000| PB 0x00000000c4500000| Complete 
|  70|0x00000000c4600000, 0x00000000c4700000, 0x00000000c4700000|100%|HC|  |TAMS 0x00000000c4600000| PB 0x00000000c4600000| Complete 
|  71|0x00000000c4700000, 0x00000000c4800000, 0x00000000c4800000|100%|HS|  |TAMS 0x00000000c4700000| PB 0x00000000c4700000| Complete 
|  72|0x00000000c4800000, 0x00000000c4900000, 0x00000000c4900000|100%|HS|  |TAMS 0x00000000c4800000| PB 0x00000000c4800000| Complete 
|  73|0x00000000c4900000, 0x00000000c4a00000, 0x00000000c4a00000|100%| O|  |TAMS 0x00000000c4900000| PB 0x00000000c4900000| Untracked 
|  74|0x00000000c4a00000, 0x00000000c4b00000, 0x00000000c4b00000|100%| O|  |TAMS 0x00000000c4a00000| PB 0x00000000c4a00000| Untracked 
|  75|0x00000000c4b00000, 0x00000000c4c00000, 0x00000000c4c00000|100%| O|  |TAMS 0x00000000c4b00000| PB 0x00000000c4b00000| Untracked 
|  76|0x00000000c4c00000, 0x00000000c4d00000, 0x00000000c4d00000|100%|HS|  |TAMS 0x00000000c4c00000| PB 0x00000000c4c00000| Complete 
|  77|0x00000000c4d00000, 0x00000000c4e00000, 0x00000000c4e00000|100%| O|  |TAMS 0x00000000c4d00000| PB 0x00000000c4d00000| Untracked 
|  78|0x00000000c4e00000, 0x00000000c4f00000, 0x00000000c4f00000|100%|HS|  |TAMS 0x00000000c4e00000| PB 0x00000000c4e00000| Complete 
|  79|0x00000000c4f00000, 0x00000000c5000000, 0x00000000c5000000|100%| O|  |TAMS 0x00000000c4f00000| PB 0x00000000c4f00000| Untracked 
|  80|0x00000000c5000000, 0x00000000c5100000, 0x00000000c5100000|100%|HS|  |TAMS 0x00000000c5000000| PB 0x00000000c5000000| Complete 
|  81|0x00000000c5100000, 0x00000000c5200000, 0x00000000c5200000|100%|HC|  |TAMS 0x00000000c5100000| PB 0x00000000c5100000| Complete 
|  82|0x00000000c5200000, 0x00000000c5300000, 0x00000000c5300000|100%| O|  |TAMS 0x00000000c5200000| PB 0x00000000c5200000| Untracked 
|  83|0x00000000c5300000, 0x00000000c5400000, 0x00000000c5400000|100%| O|  |TAMS 0x00000000c5300000| PB 0x00000000c5300000| Untracked 
|  84|0x00000000c5400000, 0x00000000c5500000, 0x00000000c5500000|100%| O|  |TAMS 0x00000000c5400000| PB 0x00000000c5400000| Untracked 
|  85|0x00000000c5500000, 0x00000000c5600000, 0x00000000c5600000|100%| O|  |TAMS 0x00000000c5500000| PB 0x00000000c5500000| Untracked 
|  86|0x00000000c5600000, 0x00000000c5700000, 0x00000000c5700000|100%| O|  |TAMS 0x00000000c5600000| PB 0x00000000c5600000| Untracked 
|  87|0x00000000c5700000, 0x00000000c5800000, 0x00000000c5800000|100%| O|  |TAMS 0x00000000c5700000| PB 0x00000000c5700000| Untracked 
|  88|0x00000000c5800000, 0x00000000c5900000, 0x00000000c5900000|100%|HS|  |TAMS 0x00000000c5800000| PB 0x00000000c5800000| Complete 
|  89|0x00000000c5900000, 0x00000000c5a00000, 0x00000000c5a00000|100%| O|  |TAMS 0x00000000c5900000| PB 0x00000000c5900000| Untracked 
|  90|0x00000000c5a00000, 0x00000000c5b00000, 0x00000000c5b00000|100%| O|  |TAMS 0x00000000c5a00000| PB 0x00000000c5a00000| Untracked 
|  91|0x00000000c5b00000, 0x00000000c5c00000, 0x00000000c5c00000|100%| O|  |TAMS 0x00000000c5b00000| PB 0x00000000c5b00000| Untracked 
|  92|0x00000000c5c00000, 0x00000000c5d00000, 0x00000000c5d00000|100%| O|  |TAMS 0x00000000c5c00000| PB 0x00000000c5c00000| Untracked 
|  93|0x00000000c5d00000, 0x00000000c5e00000, 0x00000000c5e00000|100%| O|  |TAMS 0x00000000c5d00000| PB 0x00000000c5d00000| Untracked 
|  94|0x00000000c5e00000, 0x00000000c5f00000, 0x00000000c5f00000|100%| O|  |TAMS 0x00000000c5e00000| PB 0x00000000c5e00000| Untracked 
|  95|0x00000000c5f00000, 0x00000000c6000000, 0x00000000c6000000|100%| O|  |TAMS 0x00000000c5f00000| PB 0x00000000c5f00000| Untracked 
|  96|0x00000000c6000000, 0x00000000c6000000, 0x00000000c6100000|  0%| F|  |TAMS 0x00000000c6000000| PB 0x00000000c6000000| Untracked 
|  97|0x00000000c6100000, 0x00000000c6200000, 0x00000000c6200000|100%| O|  |TAMS 0x00000000c6100000| PB 0x00000000c6100000| Untracked 
|  98|0x00000000c6200000, 0x00000000c6300000, 0x00000000c6300000|100%| O|  |TAMS 0x00000000c6200000| PB 0x00000000c6200000| Untracked 
|  99|0x00000000c6300000, 0x00000000c6400000, 0x00000000c6400000|100%| O|  |TAMS 0x00000000c6300000| PB 0x00000000c6300000| Untracked 
| 100|0x00000000c6400000, 0x00000000c6500000, 0x00000000c6500000|100%| O|  |TAMS 0x00000000c6400000| PB 0x00000000c6400000| Untracked 
| 101|0x00000000c6500000, 0x00000000c6600000, 0x00000000c6600000|100%| O|  |TAMS 0x00000000c6500000| PB 0x00000000c6500000| Untracked 
| 102|0x00000000c6600000, 0x00000000c6700000, 0x00000000c6700000|100%| O|  |TAMS 0x00000000c6600000| PB 0x00000000c6600000| Untracked 
| 103|0x00000000c6700000, 0x00000000c6800000, 0x00000000c6800000|100%| O|  |TAMS 0x00000000c6700000| PB 0x00000000c6700000| Untracked 
| 104|0x00000000c6800000, 0x00000000c6900000, 0x00000000c6900000|100%| O|  |TAMS 0x00000000c6800000| PB 0x00000000c6800000| Untracked 
| 105|0x00000000c6900000, 0x00000000c6a00000, 0x00000000c6a00000|100%| O|  |TAMS 0x00000000c6900000| PB 0x00000000c6900000| Untracked 
| 106|0x00000000c6a00000, 0x00000000c6b00000, 0x00000000c6b00000|100%| O|  |TAMS 0x00000000c6a00000| PB 0x00000000c6a00000| Untracked 
| 107|0x00000000c6b00000, 0x00000000c6c00000, 0x00000000c6c00000|100%|HS|  |TAMS 0x00000000c6b00000| PB 0x00000000c6b00000| Complete 
| 108|0x00000000c6c00000, 0x00000000c6d00000, 0x00000000c6d00000|100%|HC|  |TAMS 0x00000000c6c00000| PB 0x00000000c6c00000| Complete 
| 109|0x00000000c6d00000, 0x00000000c6e00000, 0x00000000c6e00000|100%| O|  |TAMS 0x00000000c6d00000| PB 0x00000000c6d00000| Untracked 
| 110|0x00000000c6e00000, 0x00000000c6f00000, 0x00000000c6f00000|100%| O|  |TAMS 0x00000000c6e00000| PB 0x00000000c6e00000| Untracked 
| 111|0x00000000c6f00000, 0x00000000c7000000, 0x00000000c7000000|100%| O|  |TAMS 0x00000000c6f00000| PB 0x00000000c6f00000| Untracked 
| 112|0x00000000c7000000, 0x00000000c7000000, 0x00000000c7100000|  0%| F|  |TAMS 0x00000000c7000000| PB 0x00000000c7000000| Untracked 
| 113|0x00000000c7100000, 0x00000000c7200000, 0x00000000c7200000|100%| O|  |TAMS 0x00000000c7100000| PB 0x00000000c7100000| Untracked 
| 114|0x00000000c7200000, 0x00000000c7254e00, 0x00000000c7300000| 33%| O|  |TAMS 0x00000000c7200000| PB 0x00000000c7200000| Untracked 
| 115|0x00000000c7300000, 0x00000000c7400000, 0x00000000c7400000|100%| O|  |TAMS 0x00000000c7300000| PB 0x00000000c7300000| Untracked 
| 116|0x00000000c7400000, 0x00000000c7500000, 0x00000000c7500000|100%| O|  |TAMS 0x00000000c7400000| PB 0x00000000c7400000| Untracked 
| 117|0x00000000c7500000, 0x00000000c7600000, 0x00000000c7600000|100%| O|  |TAMS 0x00000000c7500000| PB 0x00000000c7500000| Untracked 
| 118|0x00000000c7600000, 0x00000000c7700000, 0x00000000c7700000|100%| O|  |TAMS 0x00000000c7600000| PB 0x00000000c7600000| Untracked 
| 119|0x00000000c7700000, 0x00000000c7700000, 0x00000000c7800000|  0%| F|  |TAMS 0x00000000c7700000| PB 0x00000000c7700000| Untracked 
| 120|0x00000000c7800000, 0x00000000c7800000, 0x00000000c7900000|  0%| F|  |TAMS 0x00000000c7800000| PB 0x00000000c7800000| Untracked 
| 121|0x00000000c7900000, 0x00000000c7900000, 0x00000000c7a00000|  0%| F|  |TAMS 0x00000000c7900000| PB 0x00000000c7900000| Untracked 
| 122|0x00000000c7a00000, 0x00000000c7a00000, 0x00000000c7b00000|  0%| F|  |TAMS 0x00000000c7a00000| PB 0x00000000c7a00000| Untracked 
| 123|0x00000000c7b00000, 0x00000000c7c00000, 0x00000000c7c00000|100%| O|  |TAMS 0x00000000c7b00000| PB 0x00000000c7b00000| Untracked 
| 124|0x00000000c7c00000, 0x00000000c7d00000, 0x00000000c7d00000|100%| O|  |TAMS 0x00000000c7c00000| PB 0x00000000c7c00000| Untracked 
| 125|0x00000000c7d00000, 0x00000000c7e00000, 0x00000000c7e00000|100%| O|  |TAMS 0x00000000c7d00000| PB 0x00000000c7d00000| Untracked 
| 126|0x00000000c7e00000, 0x00000000c7e00000, 0x00000000c7f00000|  0%| F|  |TAMS 0x00000000c7e00000| PB 0x00000000c7e00000| Untracked 
| 127|0x00000000c7f00000, 0x00000000c7f00000, 0x00000000c8000000|  0%| F|  |TAMS 0x00000000c7f00000| PB 0x00000000c7f00000| Untracked 
| 128|0x00000000c8000000, 0x00000000c8000000, 0x00000000c8100000|  0%| F|  |TAMS 0x00000000c8000000| PB 0x00000000c8000000| Untracked 
| 129|0x00000000c8100000, 0x00000000c8100000, 0x00000000c8200000|  0%| F|  |TAMS 0x00000000c8100000| PB 0x00000000c8100000| Untracked 
| 130|0x00000000c8200000, 0x00000000c8200000, 0x00000000c8300000|  0%| F|  |TAMS 0x00000000c8200000| PB 0x00000000c8200000| Untracked 
| 131|0x00000000c8300000, 0x00000000c83abad0, 0x00000000c8400000| 67%| S|CS|TAMS 0x00000000c8300000| PB 0x00000000c8300000| Complete 
| 132|0x00000000c8400000, 0x00000000c8500000, 0x00000000c8500000|100%| S|CS|TAMS 0x00000000c8400000| PB 0x00000000c8400000| Complete 
| 133|0x00000000c8500000, 0x00000000c8600000, 0x00000000c8600000|100%| S|CS|TAMS 0x00000000c8500000| PB 0x00000000c8500000| Complete 
| 134|0x00000000c8600000, 0x00000000c8700000, 0x00000000c8700000|100%| S|CS|TAMS 0x00000000c8600000| PB 0x00000000c8600000| Complete 
| 135|0x00000000c8700000, 0x00000000c8800000, 0x00000000c8800000|100%| S|CS|TAMS 0x00000000c8700000| PB 0x00000000c8700000| Complete 
| 136|0x00000000c8800000, 0x00000000c8900000, 0x00000000c8900000|100%| S|CS|TAMS 0x00000000c8800000| PB 0x00000000c8800000| Complete 
| 137|0x00000000c8900000, 0x00000000c8900000, 0x00000000c8a00000|  0%| F|  |TAMS 0x00000000c8900000| PB 0x00000000c8900000| Untracked 
| 138|0x00000000c8a00000, 0x00000000c8a00000, 0x00000000c8b00000|  0%| F|  |TAMS 0x00000000c8a00000| PB 0x00000000c8a00000| Untracked 
| 139|0x00000000c8b00000, 0x00000000c8b00000, 0x00000000c8c00000|  0%| F|  |TAMS 0x00000000c8b00000| PB 0x00000000c8b00000| Untracked 
| 140|0x00000000c8c00000, 0x00000000c8c00000, 0x00000000c8d00000|  0%| F|  |TAMS 0x00000000c8c00000| PB 0x00000000c8c00000| Untracked 
| 141|0x00000000c8d00000, 0x00000000c8d00000, 0x00000000c8e00000|  0%| F|  |TAMS 0x00000000c8d00000| PB 0x00000000c8d00000| Untracked 
| 142|0x00000000c8e00000, 0x00000000c8e00000, 0x00000000c8f00000|  0%| F|  |TAMS 0x00000000c8e00000| PB 0x00000000c8e00000| Untracked 
| 143|0x00000000c8f00000, 0x00000000c8f00000, 0x00000000c9000000|  0%| F|  |TAMS 0x00000000c8f00000| PB 0x00000000c8f00000| Untracked 
| 144|0x00000000c9000000, 0x00000000c9000000, 0x00000000c9100000|  0%| F|  |TAMS 0x00000000c9000000| PB 0x00000000c9000000| Untracked 
| 145|0x00000000c9100000, 0x00000000c9100000, 0x00000000c9200000|  0%| F|  |TAMS 0x00000000c9100000| PB 0x00000000c9100000| Untracked 
| 146|0x00000000c9200000, 0x00000000c9200000, 0x00000000c9300000|  0%| F|  |TAMS 0x00000000c9200000| PB 0x00000000c9200000| Untracked 
| 147|0x00000000c9300000, 0x00000000c9300000, 0x00000000c9400000|  0%| F|  |TAMS 0x00000000c9300000| PB 0x00000000c9300000| Untracked 
| 148|0x00000000c9400000, 0x00000000c9400000, 0x00000000c9500000|  0%| F|  |TAMS 0x00000000c9400000| PB 0x00000000c9400000| Untracked 
| 149|0x00000000c9500000, 0x00000000c9500000, 0x00000000c9600000|  0%| F|  |TAMS 0x00000000c9500000| PB 0x00000000c9500000| Untracked 
| 150|0x00000000c9600000, 0x00000000c9600000, 0x00000000c9700000|  0%| F|  |TAMS 0x00000000c9600000| PB 0x00000000c9600000| Untracked 
| 151|0x00000000c9700000, 0x00000000c9700000, 0x00000000c9800000|  0%| F|  |TAMS 0x00000000c9700000| PB 0x00000000c9700000| Untracked 
| 152|0x00000000c9800000, 0x00000000c9800000, 0x00000000c9900000|  0%| F|  |TAMS 0x00000000c9800000| PB 0x00000000c9800000| Untracked 
| 153|0x00000000c9900000, 0x00000000c9900000, 0x00000000c9a00000|  0%| F|  |TAMS 0x00000000c9900000| PB 0x00000000c9900000| Untracked 
| 154|0x00000000c9a00000, 0x00000000c9a00000, 0x00000000c9b00000|  0%| F|  |TAMS 0x00000000c9a00000| PB 0x00000000c9a00000| Untracked 
| 155|0x00000000c9b00000, 0x00000000c9b00000, 0x00000000c9c00000|  0%| F|  |TAMS 0x00000000c9b00000| PB 0x00000000c9b00000| Untracked 
| 156|0x00000000c9c00000, 0x00000000c9c00000, 0x00000000c9d00000|  0%| F|  |TAMS 0x00000000c9c00000| PB 0x00000000c9c00000| Untracked 
| 157|0x00000000c9d00000, 0x00000000c9d00000, 0x00000000c9e00000|  0%| F|  |TAMS 0x00000000c9d00000| PB 0x00000000c9d00000| Untracked 
| 158|0x00000000c9e00000, 0x00000000c9e00000, 0x00000000c9f00000|  0%| F|  |TAMS 0x00000000c9e00000| PB 0x00000000c9e00000| Untracked 
| 159|0x00000000c9f00000, 0x00000000c9f00000, 0x00000000ca000000|  0%| F|  |TAMS 0x00000000c9f00000| PB 0x00000000c9f00000| Untracked 
| 160|0x00000000ca000000, 0x00000000ca000000, 0x00000000ca100000|  0%| F|  |TAMS 0x00000000ca000000| PB 0x00000000ca000000| Untracked 
| 161|0x00000000ca100000, 0x00000000ca100000, 0x00000000ca200000|  0%| F|  |TAMS 0x00000000ca100000| PB 0x00000000ca100000| Untracked 
| 162|0x00000000ca200000, 0x00000000ca200000, 0x00000000ca300000|  0%| F|  |TAMS 0x00000000ca200000| PB 0x00000000ca200000| Untracked 
| 163|0x00000000ca300000, 0x00000000ca300000, 0x00000000ca400000|  0%| F|  |TAMS 0x00000000ca300000| PB 0x00000000ca300000| Untracked 
| 164|0x00000000ca400000, 0x00000000ca400000, 0x00000000ca500000|  0%| F|  |TAMS 0x00000000ca400000| PB 0x00000000ca400000| Untracked 
| 165|0x00000000ca500000, 0x00000000ca500000, 0x00000000ca600000|  0%| F|  |TAMS 0x00000000ca500000| PB 0x00000000ca500000| Untracked 
| 166|0x00000000ca600000, 0x00000000ca600000, 0x00000000ca700000|  0%| F|  |TAMS 0x00000000ca600000| PB 0x00000000ca600000| Untracked 
| 167|0x00000000ca700000, 0x00000000ca700000, 0x00000000ca800000|  0%| F|  |TAMS 0x00000000ca700000| PB 0x00000000ca700000| Untracked 
| 168|0x00000000ca800000, 0x00000000ca800000, 0x00000000ca900000|  0%| F|  |TAMS 0x00000000ca800000| PB 0x00000000ca800000| Untracked 
| 169|0x00000000ca900000, 0x00000000ca900000, 0x00000000caa00000|  0%| F|  |TAMS 0x00000000ca900000| PB 0x00000000ca900000| Untracked 
| 170|0x00000000caa00000, 0x00000000caa00000, 0x00000000cab00000|  0%| F|  |TAMS 0x00000000caa00000| PB 0x00000000caa00000| Untracked 
| 171|0x00000000cab00000, 0x00000000cab00000, 0x00000000cac00000|  0%| F|  |TAMS 0x00000000cab00000| PB 0x00000000cab00000| Untracked 
| 172|0x00000000cac00000, 0x00000000cac00000, 0x00000000cad00000|  0%| F|  |TAMS 0x00000000cac00000| PB 0x00000000cac00000| Untracked 
| 173|0x00000000cad00000, 0x00000000cad00000, 0x00000000cae00000|  0%| F|  |TAMS 0x00000000cad00000| PB 0x00000000cad00000| Untracked 
| 174|0x00000000cae00000, 0x00000000cae00000, 0x00000000caf00000|  0%| F|  |TAMS 0x00000000cae00000| PB 0x00000000cae00000| Untracked 
| 175|0x00000000caf00000, 0x00000000caf00000, 0x00000000cb000000|  0%| F|  |TAMS 0x00000000caf00000| PB 0x00000000caf00000| Untracked 
| 176|0x00000000cb000000, 0x00000000cb000000, 0x00000000cb100000|  0%| F|  |TAMS 0x00000000cb000000| PB 0x00000000cb000000| Untracked 
| 177|0x00000000cb100000, 0x00000000cb100000, 0x00000000cb200000|  0%| F|  |TAMS 0x00000000cb100000| PB 0x00000000cb100000| Untracked 
| 178|0x00000000cb200000, 0x00000000cb200000, 0x00000000cb300000|  0%| F|  |TAMS 0x00000000cb200000| PB 0x00000000cb200000| Untracked 
| 179|0x00000000cb300000, 0x00000000cb300000, 0x00000000cb400000|  0%| F|  |TAMS 0x00000000cb300000| PB 0x00000000cb300000| Untracked 
| 180|0x00000000cb400000, 0x00000000cb400000, 0x00000000cb500000|  0%| F|  |TAMS 0x00000000cb400000| PB 0x00000000cb400000| Untracked 
| 181|0x00000000cb500000, 0x00000000cb500000, 0x00000000cb600000|  0%| F|  |TAMS 0x00000000cb500000| PB 0x00000000cb500000| Untracked 
| 182|0x00000000cb600000, 0x00000000cb600000, 0x00000000cb700000|  0%| F|  |TAMS 0x00000000cb600000| PB 0x00000000cb600000| Untracked 
| 183|0x00000000cb700000, 0x00000000cb700000, 0x00000000cb800000|  0%| F|  |TAMS 0x00000000cb700000| PB 0x00000000cb700000| Untracked 
| 184|0x00000000cb800000, 0x00000000cb800000, 0x00000000cb900000|  0%| F|  |TAMS 0x00000000cb800000| PB 0x00000000cb800000| Untracked 
| 185|0x00000000cb900000, 0x00000000cb900000, 0x00000000cba00000|  0%| F|  |TAMS 0x00000000cb900000| PB 0x00000000cb900000| Untracked 
| 186|0x00000000cba00000, 0x00000000cba00000, 0x00000000cbb00000|  0%| F|  |TAMS 0x00000000cba00000| PB 0x00000000cba00000| Untracked 
| 187|0x00000000cbb00000, 0x00000000cbb00000, 0x00000000cbc00000|  0%| F|  |TAMS 0x00000000cbb00000| PB 0x00000000cbb00000| Untracked 
| 188|0x00000000cbc00000, 0x00000000cbd00000, 0x00000000cbd00000|100%| E|  |TAMS 0x00000000cbc00000| PB 0x00000000cbc00000| Complete 
| 189|0x00000000cbd00000, 0x00000000cbe00000, 0x00000000cbe00000|100%| E|CS|TAMS 0x00000000cbd00000| PB 0x00000000cbd00000| Complete 
| 190|0x00000000cbe00000, 0x00000000cbf00000, 0x00000000cbf00000|100%| E|CS|TAMS 0x00000000cbe00000| PB 0x00000000cbe00000| Complete 
| 191|0x00000000cbf00000, 0x00000000cc000000, 0x00000000cc000000|100%| E|CS|TAMS 0x00000000cbf00000| PB 0x00000000cbf00000| Complete 
| 192|0x00000000cc000000, 0x00000000cc100000, 0x00000000cc100000|100%| E|CS|TAMS 0x00000000cc000000| PB 0x00000000cc000000| Complete 
| 193|0x00000000cc100000, 0x00000000cc200000, 0x00000000cc200000|100%| E|CS|TAMS 0x00000000cc100000| PB 0x00000000cc100000| Complete 
| 194|0x00000000cc200000, 0x00000000cc300000, 0x00000000cc300000|100%| E|CS|TAMS 0x00000000cc200000| PB 0x00000000cc200000| Complete 
| 195|0x00000000cc300000, 0x00000000cc400000, 0x00000000cc400000|100%| E|CS|TAMS 0x00000000cc300000| PB 0x00000000cc300000| Complete 
| 196|0x00000000cc400000, 0x00000000cc500000, 0x00000000cc500000|100%| E|CS|TAMS 0x00000000cc400000| PB 0x00000000cc400000| Complete 
| 197|0x00000000cc500000, 0x00000000cc600000, 0x00000000cc600000|100%| E|CS|TAMS 0x00000000cc500000| PB 0x00000000cc500000| Complete 
| 198|0x00000000cc600000, 0x00000000cc700000, 0x00000000cc700000|100%| E|CS|TAMS 0x00000000cc600000| PB 0x00000000cc600000| Complete 
| 199|0x00000000cc700000, 0x00000000cc800000, 0x00000000cc800000|100%| E|CS|TAMS 0x00000000cc700000| PB 0x00000000cc700000| Complete 
| 200|0x00000000cc800000, 0x00000000cc900000, 0x00000000cc900000|100%| E|CS|TAMS 0x00000000cc800000| PB 0x00000000cc800000| Complete 
| 201|0x00000000cc900000, 0x00000000cca00000, 0x00000000cca00000|100%| E|CS|TAMS 0x00000000cc900000| PB 0x00000000cc900000| Complete 
| 202|0x00000000cca00000, 0x00000000ccb00000, 0x00000000ccb00000|100%| E|CS|TAMS 0x00000000cca00000| PB 0x00000000cca00000| Complete 
| 203|0x00000000ccb00000, 0x00000000ccc00000, 0x00000000ccc00000|100%| E|CS|TAMS 0x00000000ccb00000| PB 0x00000000ccb00000| Complete 
| 204|0x00000000ccc00000, 0x00000000ccd00000, 0x00000000ccd00000|100%| E|CS|TAMS 0x00000000ccc00000| PB 0x00000000ccc00000| Complete 
| 205|0x00000000ccd00000, 0x00000000cce00000, 0x00000000cce00000|100%| E|CS|TAMS 0x00000000ccd00000| PB 0x00000000ccd00000| Complete 
| 206|0x00000000cce00000, 0x00000000ccf00000, 0x00000000ccf00000|100%| E|CS|TAMS 0x00000000cce00000| PB 0x00000000cce00000| Complete 
| 207|0x00000000ccf00000, 0x00000000cd000000, 0x00000000cd000000|100%| E|CS|TAMS 0x00000000ccf00000| PB 0x00000000ccf00000| Complete 
| 208|0x00000000cd000000, 0x00000000cd100000, 0x00000000cd100000|100%| E|CS|TAMS 0x00000000cd000000| PB 0x00000000cd000000| Complete 
| 209|0x00000000cd100000, 0x00000000cd200000, 0x00000000cd200000|100%| E|CS|TAMS 0x00000000cd100000| PB 0x00000000cd100000| Complete 
|1004|0x00000000fec00000, 0x00000000fed00000, 0x00000000fed00000|100%| E|CS|TAMS 0x00000000fec00000| PB 0x00000000fec00000| Complete 
|1005|0x00000000fed00000, 0x00000000fee00000, 0x00000000fee00000|100%| E|CS|TAMS 0x00000000fed00000| PB 0x00000000fed00000| Complete 
|1006|0x00000000fee00000, 0x00000000fef00000, 0x00000000fef00000|100%| E|CS|TAMS 0x00000000fee00000| PB 0x00000000fee00000| Complete 
|1007|0x00000000fef00000, 0x00000000ff000000, 0x00000000ff000000|100%| E|CS|TAMS 0x00000000fef00000| PB 0x00000000fef00000| Complete 
|1008|0x00000000ff000000, 0x00000000ff100000, 0x00000000ff100000|100%| O|  |TAMS 0x00000000ff000000| PB 0x00000000ff000000| Untracked 
|1009|0x00000000ff100000, 0x00000000ff200000, 0x00000000ff200000|100%| O|  |TAMS 0x00000000ff100000| PB 0x00000000ff100000| Untracked 
|1010|0x00000000ff200000, 0x00000000ff300000, 0x00000000ff300000|100%| O|  |TAMS 0x00000000ff200000| PB 0x00000000ff200000| Untracked 
|1011|0x00000000ff300000, 0x00000000ff400000, 0x00000000ff400000|100%| O|  |TAMS 0x00000000ff300000| PB 0x00000000ff300000| Untracked 
|1012|0x00000000ff400000, 0x00000000ff500000, 0x00000000ff500000|100%| O|  |TAMS 0x00000000ff400000| PB 0x00000000ff400000| Untracked 
|1013|0x00000000ff500000, 0x00000000ff600000, 0x00000000ff600000|100%| O|  |TAMS 0x00000000ff500000| PB 0x00000000ff500000| Untracked 
|1014|0x00000000ff600000, 0x00000000ff700000, 0x00000000ff700000|100%| E|CS|TAMS 0x00000000ff600000| PB 0x00000000ff600000| Complete 
|1015|0x00000000ff700000, 0x00000000ff800000, 0x00000000ff800000|100%| O|  |TAMS 0x00000000ff700000| PB 0x00000000ff700000| Untracked 
|1016|0x00000000ff800000, 0x00000000ff900000, 0x00000000ff900000|100%| O|  |TAMS 0x00000000ff800000| PB 0x00000000ff800000| Untracked 
|1017|0x00000000ff900000, 0x00000000ffa00000, 0x00000000ffa00000|100%| E|CS|TAMS 0x00000000ff900000| PB 0x00000000ff900000| Complete 
|1018|0x00000000ffa00000, 0x00000000ffb00000, 0x00000000ffb00000|100%| O|  |TAMS 0x00000000ffa00000| PB 0x00000000ffa00000| Untracked 
|1019|0x00000000ffb00000, 0x00000000ffc00000, 0x00000000ffc00000|100%| O|  |TAMS 0x00000000ffb00000| PB 0x00000000ffb00000| Untracked 
|1020|0x00000000ffc00000, 0x00000000ffd00000, 0x00000000ffd00000|100%| O|  |TAMS 0x00000000ffc00000| PB 0x00000000ffc00000| Untracked 
|1021|0x00000000ffd00000, 0x00000000ffe00000, 0x00000000ffe00000|100%| O|  |TAMS 0x00000000ffd00000| PB 0x00000000ffd00000| Untracked 
|1022|0x00000000ffe00000, 0x00000000fff00000, 0x00000000fff00000|100%| O|  |TAMS 0x00000000ffe00000| PB 0x00000000ffe00000| Untracked 
|1023|0x00000000fff00000, 0x0000000100000000, 0x0000000100000000|100%| O|  |TAMS 0x00000000fff00000| PB 0x00000000fff00000| Untracked 

Card table byte_map: [0x00000184d5970000,0x00000184d5b70000] _byte_map_base: 0x00000184d5370000

Marking Bits: (CMBitMap*) 0x00000184c30e93e0
 Bits: [0x00000184d5b70000, 0x00000184d6b70000)

Polling page: 0x00000184c0ed0000

Metaspace:

Usage:
  Non-class:    105.52 MB used.
      Class:     16.96 MB used.
       Both:    122.48 MB used.

Virtual space:
  Non-class space:      128.00 MB reserved,     106.75 MB ( 83%) committed,  2 nodes.
      Class space:      416.00 MB reserved,      18.12 MB (  4%) committed,  1 nodes.
             Both:      544.00 MB reserved,     124.88 MB ( 23%) committed. 

Chunk freelists:
   Non-Class:  4.34 MB
       Class:  13.86 MB
        Both:  18.20 MB

MaxMetaspaceSize: 512.00 MB
CompressedClassSpaceSize: 416.00 MB
Initial GC threshold: 21.00 MB
Current GC threshold: 186.50 MB
CDS: off
 - commit_granule_bytes: 65536.
 - commit_granule_words: 8192.
 - virtual_space_node_default_size: 8388608.
 - enlarge_chunks_in_place: 1.
 - use_allocation_guard: 0.


Internal statistics:

num_allocs_failed_limit: 9.
num_arena_births: 4776.
num_arena_deaths: 0.
num_vsnodes_births: 3.
num_vsnodes_deaths: 0.
num_space_committed: 1997.
num_space_uncommitted: 0.
num_chunks_returned_to_freelist: 9.
num_chunks_taken_from_freelist: 10290.
num_chunk_merges: 9.
num_chunk_splits: 6741.
num_chunks_enlarged: 4209.
num_inconsistent_stats: 0.

CodeHeap 'non-profiled nmethods': size=120000Kb used=7142Kb max_used=7142Kb free=112857Kb
 bounds [0x00000184cdce0000, 0x00000184ce3e0000, 0x00000184d5210000]
CodeHeap 'profiled nmethods': size=120000Kb used=20860Kb max_used=20860Kb free=99139Kb
 bounds [0x00000184c6210000, 0x00000184c7670000, 0x00000184cd740000]
CodeHeap 'non-nmethods': size=5760Kb used=2084Kb max_used=2109Kb free=3675Kb
 bounds [0x00000184cd740000, 0x00000184cd9b0000, 0x00000184cdce0000]
CodeCache: size=245760Kb, used=30086Kb, max_used=30111Kb, free=215671Kb
 total_blobs=11995, nmethods=11056, adapters=843, full_count=0
Compilation: enabled, stopped_count=0, restarted_count=0

Compilation events (20 events):
Event: 49.245 Thread 0x00000184d998f9d0 12970       3       org.gradle.api.internal.artifacts.ivyservice.resolveengine.graph.builder.DependencyGraphBuilder::maybeDownloadMetadataInParallel (177 bytes)
Event: 49.247 Thread 0x00000184d998f9d0 nmethod 12970 0x00000184c7639210 code [0x00000184c7639580, 0x00000184c763ac50]
Event: 49.247 Thread 0x00000184d998f9d0 12969       3       org.gradle.api.internal.artifacts.ivyservice.resolveengine.result.DefaultComponentSelectionDescriptor::withDescription (31 bytes)
Event: 49.247 Thread 0x00000184d998f9d0 nmethod 12969 0x00000184c763b510 code [0x00000184c763b6e0, 0x00000184c763b9d0]
Event: 49.247 Thread 0x00000184d998f9d0 12968       3       org.gradle.api.internal.artifacts.ivyservice.resolveengine.graph.builder.ResolveState::lambda$getNode$1 (29 bytes)
Event: 49.247 Thread 0x00000184d998f9d0 nmethod 12968 0x00000184c763bb10 code [0x00000184c763bd00, 0x00000184c763c0f8]
Event: 49.263 Thread 0x00000184d998f9d0 12971       3       org.gradle.api.internal.artifacts.ivyservice.resolveengine.graph.selectors.SelectorStateResolverResults::register (21 bytes)
Event: 49.264 Thread 0x00000184d998f9d0 nmethod 12971 0x00000184c763c390 code [0x00000184c763c560, 0x00000184c763c960]
Event: 49.264 Thread 0x00000184d998f9d0 12972       3       org.gradle.api.internal.artifacts.ivyservice.resolveengine.graph.selectors.SelectorStateResolverResults$Registration::<init> (7 bytes)
Event: 49.264 Thread 0x00000184d998f9d0 nmethod 12972 0x00000184c763cb10 code [0x00000184c763ccc0, 0x00000184c763cf40]
Event: 49.264 Thread 0x00000184d998f9d0 12973       3       org.gradle.api.internal.artifacts.ivyservice.resolveengine.graph.selectors.SelectorStateResolverResults$Registration::<init> (15 bytes)
Event: 49.264 Thread 0x00000184d998f9d0 nmethod 12973 0x00000184c763d090 code [0x00000184c763d240, 0x00000184c763d460]
Event: 49.264 Thread 0x00000184d998f9d0 12974       3       org.gradle.api.internal.artifacts.ivyservice.resolveengine.graph.selectors.SelectorStateResolver::maybeResolvePreferConstraint (63 bytes)
Event: 49.265 Thread 0x00000184d998f9d0 nmethod 12974 0x00000184c763d510 code [0x00000184c763d780, 0x00000184c763e2c0]
Event: 49.265 Thread 0x00000184d998f9d0 12975       3       org.gradle.api.internal.artifacts.ivyservice.resolveengine.graph.builder.SelectorState::resolvePrefer (48 bytes)
Event: 49.266 Thread 0x00000184d998f9d0 nmethod 12975 0x00000184c763e790 code [0x00000184c763e960, 0x00000184c763ec60]
Event: 49.271 Thread 0x00000184d998f9d0 12977       3       org.gradle.api.internal.artifacts.ivyservice.resolveengine.graph.selectors.SelectorStateResolverResults::replaceExistingResolutionsWithBetterResult (107 bytes)
Event: 49.272 Thread 0x00000184d998f9d0 nmethod 12977 0x00000184c763ed90 code [0x00000184c763f000, 0x00000184c763f9b8]
Event: 49.277 Thread 0x00000184d998f9d0 12980       3       org.gradle.api.internal.artifacts.ivyservice.resolveengine.graph.builder.ModuleSelectors$SelectorComparator::compare (13 bytes)
Event: 50.207 Thread 0x00000184d998f9d0 nmethod 12980 0x00000184c763fe90 code [0x00000184c7640060, 0x00000184c76403a8]

GC Heap History (20 events):
Event: 35.590 GC heap before
{Heap before GC invocations=47 (full 0):
 garbage-first heap   total 186368K, used 166698K [0x00000000c0000000, 0x0000000100000000)
  region size 1024K, 62 young (63488K), 7 survivors (7168K)
 Metaspace       used 92979K, committed 95168K, reserved 557056K
  class space    used 12981K, committed 14016K, reserved 425984K
}
Event: 35.602 GC heap after
{Heap after GC invocations=48 (full 0):
 garbage-first heap   total 186368K, used 113672K [0x00000000c0000000, 0x0000000100000000)
  region size 1024K, 4 young (4096K), 4 survivors (4096K)
 Metaspace       used 92979K, committed 95168K, reserved 557056K
  class space    used 12981K, committed 14016K, reserved 425984K
}
Event: 36.854 GC heap before
{Heap before GC invocations=48 (full 0):
 garbage-first heap   total 186368K, used 168968K [0x00000000c0000000, 0x0000000100000000)
  region size 1024K, 58 young (59392K), 4 survivors (4096K)
 Metaspace       used 96652K, committed 98816K, reserved 557056K
  class space    used 13534K, committed 14592K, reserved 425984K
}
Event: 36.861 GC heap after
{Heap after GC invocations=49 (full 0):
 garbage-first heap   total 186368K, used 115290K [0x00000000c0000000, 0x0000000100000000)
  region size 1024K, 5 young (5120K), 5 survivors (5120K)
 Metaspace       used 96652K, committed 98816K, reserved 557056K
  class space    used 13534K, committed 14592K, reserved 425984K
}
Event: 38.280 GC heap before
{Heap before GC invocations=50 (full 0):
 garbage-first heap   total 193536K, used 171610K [0x00000000c0000000, 0x0000000100000000)
  region size 1024K, 60 young (61440K), 5 survivors (5120K)
 Metaspace       used 100147K, committed 102336K, reserved 557056K
  class space    used 14181K, committed 15232K, reserved 425984K
}
Event: 38.289 GC heap after
{Heap after GC invocations=51 (full 0):
 garbage-first heap   total 193536K, used 116759K [0x00000000c0000000, 0x0000000100000000)
  region size 1024K, 4 young (4096K), 4 survivors (4096K)
 Metaspace       used 100147K, committed 102336K, reserved 557056K
  class space    used 14181K, committed 15232K, reserved 425984K
}
Event: 39.728 GC heap before
{Heap before GC invocations=51 (full 0):
 garbage-first heap   total 193536K, used 177175K [0x00000000c0000000, 0x0000000100000000)
  region size 1024K, 64 young (65536K), 4 survivors (4096K)
 Metaspace       used 104075K, committed 106304K, reserved 557056K
  class space    used 14665K, committed 15744K, reserved 425984K
}
Event: 39.739 GC heap after
{Heap after GC invocations=52 (full 0):
 garbage-first heap   total 193536K, used 121668K [0x00000000c0000000, 0x0000000100000000)
  region size 1024K, 8 young (8192K), 8 survivors (8192K)
 Metaspace       used 104075K, committed 106304K, reserved 557056K
  class space    used 14665K, committed 15744K, reserved 425984K
}
Event: 39.819 GC heap before
{Heap before GC invocations=52 (full 0):
 garbage-first heap   total 193536K, used 124740K [0x00000000c0000000, 0x0000000100000000)
  region size 1024K, 12 young (12288K), 8 survivors (8192K)
 Metaspace       used 104376K, committed 106624K, reserved 557056K
  class space    used 14695K, committed 15808K, reserved 425984K
}
Event: 39.828 GC heap after
{Heap after GC invocations=53 (full 0):
 garbage-first heap   total 193536K, used 123647K [0x00000000c0000000, 0x0000000100000000)
  region size 1024K, 2 young (2048K), 2 survivors (2048K)
 Metaspace       used 104376K, committed 106624K, reserved 557056K
  class space    used 14695K, committed 15808K, reserved 425984K
}
Event: 41.432 GC heap before
{Heap before GC invocations=54 (full 0):
 garbage-first heap   total 217088K, used 186111K [0x00000000c0000000, 0x0000000100000000)
  region size 1024K, 57 young (58368K), 2 survivors (2048K)
 Metaspace       used 110637K, committed 112896K, reserved 557056K
  class space    used 15481K, committed 16576K, reserved 425984K
}
Event: 41.438 GC heap after
{Heap after GC invocations=55 (full 0):
 garbage-first heap   total 217088K, used 127382K [0x00000000c0000000, 0x0000000100000000)
  region size 1024K, 4 young (4096K), 4 survivors (4096K)
 Metaspace       used 110637K, committed 112896K, reserved 557056K
  class space    used 15481K, committed 16576K, reserved 425984K
}
Event: 43.364 GC heap before
{Heap before GC invocations=55 (full 0):
 garbage-first heap   total 217088K, used 199062K [0x00000000c0000000, 0x0000000100000000)
  region size 1024K, 75 young (76800K), 4 survivors (4096K)
 Metaspace       used 110641K, committed 112896K, reserved 557056K
  class space    used 15482K, committed 16576K, reserved 425984K
}
Event: 43.379 GC heap after
{Heap after GC invocations=56 (full 0):
 garbage-first heap   total 217088K, used 132853K [0x00000000c0000000, 0x0000000100000000)
  region size 1024K, 10 young (10240K), 10 survivors (10240K)
 Metaspace       used 110641K, committed 112896K, reserved 557056K
  class space    used 15482K, committed 16576K, reserved 425984K
}
Event: 44.908 GC heap before
{Heap before GC invocations=56 (full 0):
 garbage-first heap   total 217088K, used 194293K [0x00000000c0000000, 0x0000000100000000)
  region size 1024K, 72 young (73728K), 10 survivors (10240K)
 Metaspace       used 111335K, committed 113664K, reserved 557056K
  class space    used 15557K, committed 16640K, reserved 425984K
}
Event: 44.919 GC heap after
{Heap after GC invocations=57 (full 0):
 garbage-first heap   total 217088K, used 137877K [0x00000000c0000000, 0x0000000100000000)
  region size 1024K, 6 young (6144K), 6 survivors (6144K)
 Metaspace       used 111335K, committed 113664K, reserved 557056K
  class space    used 15557K, committed 16640K, reserved 425984K
}
Event: 46.475 GC heap before
{Heap before GC invocations=58 (full 0):
 garbage-first heap   total 235520K, used 203413K [0x00000000c0000000, 0x0000000100000000)
  region size 1024K, 68 young (69632K), 6 survivors (6144K)
 Metaspace       used 117436K, committed 119744K, reserved 557056K
  class space    used 16366K, committed 17472K, reserved 425984K
}
Event: 46.487 GC heap after
{Heap after GC invocations=59 (full 0):
 garbage-first heap   total 235520K, used 139219K [0x00000000c0000000, 0x0000000100000000)
  region size 1024K, 3 young (3072K), 3 survivors (3072K)
 Metaspace       used 117436K, committed 119744K, reserved 557056K
  class space    used 16366K, committed 17472K, reserved 425984K
}
Event: 48.238 GC heap before
{Heap before GC invocations=59 (full 0):
 garbage-first heap   total 235520K, used 217043K [0x00000000c0000000, 0x0000000100000000)
  region size 1024K, 79 young (80896K), 3 survivors (3072K)
 Metaspace       used 124478K, committed 126848K, reserved 557056K
  class space    used 17251K, committed 18432K, reserved 425984K
}
Event: 48.249 GC heap after
{Heap after GC invocations=60 (full 0):
 garbage-first heap   total 235520K, used 142338K [0x00000000c0000000, 0x0000000100000000)
  region size 1024K, 6 young (6144K), 6 survivors (6144K)
 Metaspace       used 124478K, committed 126848K, reserved 557056K
  class space    used 17251K, committed 18432K, reserved 425984K
}

Dll operation events (3 events):
Event: 0.020 Loaded shared library D:\New folder\Android studio\jbr\bin\java.dll
Event: 0.029 Loaded shared library D:\New folder\Android studio\jbr\bin\zip.dll
Event: 1.815 Loaded shared library D:\New folder\Android studio\jbr\bin\verify.dll

Deoptimization events (20 events):
Event: 48.325 Thread 0x00000184e03dd8c0 DEOPT PACKING pc=0x00000184ce388abc sp=0x00000003569f54a0
Event: 48.325 Thread 0x00000184e03dd8c0 DEOPT UNPACKING pc=0x00000184cd7943a2 sp=0x00000003569f5460 mode 2
Event: 48.326 Thread 0x00000184e03dd8c0 Uncommon trap: trap_request=0xffffffbe fr.pc=0x00000184ce399834 relative=0x0000000000001014
Event: 48.326 Thread 0x00000184e03dd8c0 Uncommon trap: reason=profile_predicate action=maybe_recompile pc=0x00000184ce399834 method=java.util.TimSort.reverseRange([Ljava/lang/Object;II)V @ 5 c2
Event: 48.326 Thread 0x00000184e03dd8c0 DEOPT PACKING pc=0x00000184ce399834 sp=0x00000003569f5570
Event: 48.326 Thread 0x00000184e03dd8c0 DEOPT UNPACKING pc=0x00000184cd7943a2 sp=0x00000003569f5410 mode 2
Event: 48.326 Thread 0x00000184e03dd8c0 Uncommon trap: trap_request=0xffffffd6 fr.pc=0x00000184ce388abc relative=0x000000000000095c
Event: 48.326 Thread 0x00000184e03dd8c0 Uncommon trap: reason=array_check action=maybe_recompile pc=0x00000184ce388abc method=java.util.TimSort.binarySort([Ljava/lang/Object;IIILjava/util/Comparator;)V @ 183 c2
Event: 48.326 Thread 0x00000184e03dd8c0 DEOPT PACKING pc=0x00000184ce388abc sp=0x00000003569f54a0
Event: 48.326 Thread 0x00000184e03dd8c0 DEOPT UNPACKING pc=0x00000184cd7943a2 sp=0x00000003569f5460 mode 2
Event: 48.375 Thread 0x00000184e03dd8c0 DEOPT PACKING pc=0x00000184c6cc060e sp=0x00000003569f5500
Event: 48.375 Thread 0x00000184e03dd8c0 DEOPT UNPACKING pc=0x00000184cd794b42 sp=0x00000003569f4ac0 mode 0
Event: 48.384 Thread 0x00000184e03dd8c0 Uncommon trap: trap_request=0xffffffd6 fr.pc=0x00000184ce3b1290 relative=0x00000000000008b0
Event: 48.384 Thread 0x00000184e03dd8c0 Uncommon trap: reason=array_check action=maybe_recompile pc=0x00000184ce3b1290 method=java.util.TimSort.binarySort([Ljava/lang/Object;IIILjava/util/Comparator;)V @ 193 c2
Event: 48.384 Thread 0x00000184e03dd8c0 DEOPT PACKING pc=0x00000184ce3b1290 sp=0x00000003569f4f00
Event: 48.384 Thread 0x00000184e03dd8c0 DEOPT UNPACKING pc=0x00000184cd7943a2 sp=0x00000003569f4ee0 mode 2
Event: 48.384 Thread 0x00000184e03dd8c0 Uncommon trap: trap_request=0xffffffd6 fr.pc=0x00000184ce3b1290 relative=0x00000000000008b0
Event: 48.384 Thread 0x00000184e03dd8c0 Uncommon trap: reason=array_check action=maybe_recompile pc=0x00000184ce3b1290 method=java.util.TimSort.binarySort([Ljava/lang/Object;IIILjava/util/Comparator;)V @ 193 c2
Event: 48.384 Thread 0x00000184e03dd8c0 DEOPT PACKING pc=0x00000184ce3b1290 sp=0x00000003569f4f00
Event: 48.384 Thread 0x00000184e03dd8c0 DEOPT UNPACKING pc=0x00000184cd7943a2 sp=0x00000003569f4ee0 mode 2

Classes loaded (20 events):
Event: 47.792 Loading class javax/xml/stream/events/Attribute
Event: 47.792 Loading class javax/xml/stream/events/Attribute done
Event: 47.792 Loading class javax/xml/stream/events/Namespace done
Event: 47.792 Loading class com/sun/xml/internal/stream/events/AttributeImpl
Event: 47.792 Loading class com/sun/xml/internal/stream/events/AttributeImpl done
Event: 47.792 Loading class com/sun/xml/internal/stream/events/NamespaceImpl done
Event: 47.792 Loading class com/sun/org/apache/xerces/internal/util/NamespaceSupport$Prefixes
Event: 47.792 Loading class com/sun/org/apache/xerces/internal/util/NamespaceSupport$Prefixes done
Event: 47.793 Loading class com/sun/xml/internal/stream/events/CharacterEvent
Event: 47.793 Loading class javax/xml/stream/events/Characters
Event: 47.793 Loading class javax/xml/stream/events/Characters done
Event: 47.793 Loading class com/sun/xml/internal/stream/events/CharacterEvent done
Event: 47.794 Loading class com/sun/xml/internal/stream/events/EndElementEvent
Event: 47.794 Loading class javax/xml/stream/events/EndElement
Event: 47.794 Loading class javax/xml/stream/events/EndElement done
Event: 47.794 Loading class com/sun/xml/internal/stream/events/EndElementEvent done
Event: 48.460 Loading class java/io/SequenceInputStream
Event: 48.460 Loading class java/io/SequenceInputStream done
Event: 48.475 Loading class java/util/function/IntUnaryOperator
Event: 48.475 Loading class java/util/function/IntUnaryOperator done

Classes unloaded (0 events):
No events

Classes redefined (0 events):
No events

Internal exceptions (20 events):
Event: 49.151 Thread 0x00000184e03dd8c0 Exception <a 'sun/nio/fs/WindowsException'{0x00000000cc1ec6d8}> (0x00000000cc1ec6d8) 
thrown [s\src\hotspot\share\prims\jni.cpp, line 537]
Event: 49.156 Thread 0x00000184e03dd8c0 Exception <a 'sun/nio/fs/WindowsException'{0x00000000cc001ee8}> (0x00000000cc001ee8) 
thrown [s\src\hotspot\share\prims\jni.cpp, line 537]
Event: 49.162 Thread 0x00000184e03dd8c0 Exception <a 'sun/nio/fs/WindowsException'{0x00000000cc01c140}> (0x00000000cc01c140) 
thrown [s\src\hotspot\share\prims\jni.cpp, line 537]
Event: 49.166 Thread 0x00000184e03dd8c0 Exception <a 'sun/nio/fs/WindowsException'{0x00000000cc0359f8}> (0x00000000cc0359f8) 
thrown [s\src\hotspot\share\prims\jni.cpp, line 537]
Event: 49.173 Thread 0x00000184e03dd8c0 Exception <a 'sun/nio/fs/WindowsException'{0x00000000cc051758}> (0x00000000cc051758) 
thrown [s\src\hotspot\share\prims\jni.cpp, line 537]
Event: 49.181 Thread 0x00000184e03dd8c0 Exception <a 'sun/nio/fs/WindowsException'{0x00000000cc06b2e8}> (0x00000000cc06b2e8) 
thrown [s\src\hotspot\share\prims\jni.cpp, line 537]
Event: 49.189 Thread 0x00000184e03dd8c0 Exception <a 'sun/nio/fs/WindowsException'{0x00000000cc0c4a60}> (0x00000000cc0c4a60) 
thrown [s\src\hotspot\share\prims\jni.cpp, line 537]
Event: 49.197 Thread 0x00000184e03dd8c0 Exception <a 'sun/nio/fs/WindowsException'{0x00000000cbf17e28}> (0x00000000cbf17e28) 
thrown [s\src\hotspot\share\prims\jni.cpp, line 537]
Event: 49.201 Thread 0x00000184e03dd8c0 Exception <a 'sun/nio/fs/WindowsException'{0x00000000cbf34fc0}> (0x00000000cbf34fc0) 
thrown [s\src\hotspot\share\prims\jni.cpp, line 537]
Event: 49.210 Thread 0x00000184e03dd8c0 Exception <a 'sun/nio/fs/WindowsException'{0x00000000cbf95968}> (0x00000000cbf95968) 
thrown [s\src\hotspot\share\prims\jni.cpp, line 537]
Event: 49.216 Thread 0x00000184e03dd8c0 Exception <a 'sun/nio/fs/WindowsException'{0x00000000cbfac698}> (0x00000000cbfac698) 
thrown [s\src\hotspot\share\prims\jni.cpp, line 537]
Event: 49.220 Thread 0x00000184e03dd8c0 Exception <a 'sun/nio/fs/WindowsException'{0x00000000cbfbc6d0}> (0x00000000cbfbc6d0) 
thrown [s\src\hotspot\share\prims\jni.cpp, line 537]
Event: 49.225 Thread 0x00000184e03dd8c0 Exception <a 'sun/nio/fs/WindowsException'{0x00000000cbfca5c8}> (0x00000000cbfca5c8) 
thrown [s\src\hotspot\share\prims\jni.cpp, line 537]
Event: 49.231 Thread 0x00000184e03dd8c0 Exception <a 'sun/nio/fs/WindowsException'{0x00000000cbfedbd8}> (0x00000000cbfedbd8) 
thrown [s\src\hotspot\share\prims\jni.cpp, line 537]
Event: 49.240 Thread 0x00000184e03dd8c0 Exception <a 'sun/nio/fs/WindowsException'{0x00000000cbe1e048}> (0x00000000cbe1e048) 
thrown [s\src\hotspot\share\prims\jni.cpp, line 537]
Event: 49.246 Thread 0x00000184e03dd8c0 Exception <a 'sun/nio/fs/WindowsException'{0x00000000cbe76bc0}> (0x00000000cbe76bc0) 
thrown [s\src\hotspot\share\prims\jni.cpp, line 537]
Event: 49.252 Thread 0x00000184e03dd8c0 Exception <a 'sun/nio/fs/WindowsException'{0x00000000cbe88d10}> (0x00000000cbe88d10) 
thrown [s\src\hotspot\share\prims\jni.cpp, line 537]
Event: 49.258 Thread 0x00000184e03dd8c0 Exception <a 'sun/nio/fs/WindowsException'{0x00000000cbe9f660}> (0x00000000cbe9f660) 
thrown [s\src\hotspot\share\prims\jni.cpp, line 537]
Event: 49.265 Thread 0x00000184e03dd8c0 Exception <a 'sun/nio/fs/WindowsException'{0x00000000cbeaf118}> (0x00000000cbeaf118) 
thrown [s\src\hotspot\share\prims\jni.cpp, line 537]
Event: 49.272 Thread 0x00000184e03dd8c0 Exception <a 'sun/nio/fs/WindowsException'{0x00000000cbd03998}> (0x00000000cbd03998) 
thrown [s\src\hotspot\share\prims\jni.cpp, line 537]

ZGC Phase Switch (0 events):
No events

VM Operations (20 events):
Event: 46.045 Executing VM operation: HandshakeAllThreads (Deoptimize) done
Event: 46.475 Executing VM operation: G1CollectForAllocation (G1 Evacuation Pause)
Event: 46.487 Executing VM operation: G1CollectForAllocation (G1 Evacuation Pause) done
Event: 46.644 Executing VM operation: HandshakeAllThreads (Deoptimize)
Event: 46.645 Executing VM operation: HandshakeAllThreads (Deoptimize) done
Event: 47.517 Executing VM operation: ICBufferFull
Event: 47.517 Executing VM operation: ICBufferFull done
Event: 48.237 Executing VM operation: HandshakeAllThreads (Deoptimize)
Event: 48.237 Executing VM operation: HandshakeAllThreads (Deoptimize) done
Event: 48.238 Executing VM operation: G1CollectForAllocation (G1 Evacuation Pause)
Event: 48.250 Executing VM operation: G1CollectForAllocation (G1 Evacuation Pause) done
Event: 48.285 Executing VM operation: HandshakeAllThreads (Deoptimize)
Event: 48.286 Executing VM operation: HandshakeAllThreads (Deoptimize) done
Event: 48.301 Executing VM operation: HandshakeAllThreads (Deoptimize)
Event: 48.301 Executing VM operation: HandshakeAllThreads (Deoptimize) done
Event: 48.532 Executing VM operation: HandshakeAllThreads (Deoptimize)
Event: 48.532 Executing VM operation: HandshakeAllThreads (Deoptimize) done
Event: 48.654 Executing VM operation: ICBufferFull
Event: 48.654 Executing VM operation: ICBufferFull done
Event: 49.659 Executing VM operation: Cleanup

Memory protections (0 events):
No events

Nmethod flushes (20 events):
Event: 45.007 Thread 0x00000184d97b35e0 flushing  nmethod 0x00000184cde85010
Event: 45.007 Thread 0x00000184d97b35e0 flushing  nmethod 0x00000184c6407d10
Event: 45.007 Thread 0x00000184d97b35e0 flushing  nmethod 0x00000184c644de10
Event: 45.007 Thread 0x00000184d97b35e0 flushing  nmethod 0x00000184c64a3290
Event: 45.007 Thread 0x00000184d97b35e0 flushing  nmethod 0x00000184c64a4190
Event: 45.007 Thread 0x00000184d97b35e0 flushing  nmethod 0x00000184c651ba10
Event: 45.007 Thread 0x00000184d97b35e0 flushing  nmethod 0x00000184c67d8c10
Event: 45.007 Thread 0x00000184d97b35e0 flushing  nmethod 0x00000184c6898110
Event: 45.007 Thread 0x00000184d97b35e0 flushing  nmethod 0x00000184c6910510
Event: 45.007 Thread 0x00000184d97b35e0 flushing  nmethod 0x00000184c6913490
Event: 45.007 Thread 0x00000184d97b35e0 flushing  nmethod 0x00000184c6914110
Event: 45.007 Thread 0x00000184d97b35e0 flushing  nmethod 0x00000184c6914e10
Event: 45.007 Thread 0x00000184d97b35e0 flushing  nmethod 0x00000184c6adcf10
Event: 45.007 Thread 0x00000184d97b35e0 flushing  nmethod 0x00000184c6b52410
Event: 45.007 Thread 0x00000184d97b35e0 flushing  nmethod 0x00000184c6d4d890
Event: 45.007 Thread 0x00000184d97b35e0 flushing  nmethod 0x00000184c6d4e290
Event: 45.007 Thread 0x00000184d97b35e0 flushing  nmethod 0x00000184c7156390
Event: 45.007 Thread 0x00000184d97b35e0 flushing  nmethod 0x00000184c72ca810
Event: 45.007 Thread 0x00000184d97b35e0 flushing  nmethod 0x00000184c72cac90
Event: 45.007 Thread 0x00000184d97b35e0 flushing  nmethod 0x00000184c72f4290

Events (20 events):
Event: 40.439 Thread 0x00000184e40ee730 Thread added: 0x00000184e40efae0
Event: 40.439 Thread 0x00000184e40ee730 Thread added: 0x00000184e40f0800
Event: 40.439 Thread 0x00000184e40ee730 Thread added: 0x00000184e40f0170
Event: 40.439 Thread 0x00000184e40ee730 Thread added: 0x00000184e40f0e90
Event: 40.439 Thread 0x00000184e40ee730 Thread added: 0x00000184e40f1520
Event: 40.440 Thread 0x00000184e40ee730 Thread added: 0x00000184e40ee0a0
Event: 40.440 Thread 0x00000184e40ee730 Thread added: 0x00000184e40f1bb0
Event: 40.440 Thread 0x00000184e40ee730 Thread added: 0x00000184e40f2f60
Event: 40.440 Thread 0x00000184e40ee730 Thread added: 0x00000184e40f2240
Event: 40.440 Thread 0x00000184e40ee730 Thread added: 0x00000184e40f35f0
Event: 40.484 Thread 0x00000184e40f0170 Thread added: 0x00000184e40f28d0
Event: 40.631 Thread 0x00000184e03dd8c0 Thread added: 0x00000184e3e152c0
Event: 40.861 Thread 0x00000184d998f9d0 Thread added: 0x00000184e4a20520
Event: 40.884 Thread 0x00000184e03dd8c0 Thread added: 0x00000184e3e15950
Event: 42.331 Thread 0x00000184e4a20520 Thread exited: 0x00000184e4a20520
Event: 46.699 Thread 0x00000184d998ef30 Thread added: 0x00000184e4a22e00
Event: 47.140 Thread 0x00000184e4a22e00 Thread exited: 0x00000184e4a22e00
Event: 47.388 Thread 0x00000184d998f9d0 Thread added: 0x00000184e4a22730
Event: 47.533 Thread 0x00000184e03dd8c0 Thread added: 0x00000184e3e131f0
Event: 47.716 Thread 0x00000184e03dd8c0 Thread added: 0x00000184e3e16d00


Dynamic libraries:
0x00007ff691cb0000 - 0x00007ff691cba000 	D:\New folder\Android studio\jbr\bin\java.exe
0x00007ff84a3a0000 - 0x00007ff84a607000 	C:\WINDOWS\SYSTEM32\ntdll.dll
0x00007ff849e60000 - 0x00007ff849f29000 	C:\WINDOWS\System32\KERNEL32.DLL
0x00007ff847210000 - 0x00007ff847604000 	C:\WINDOWS\System32\KERNELBASE.dll
0x00007ff846f50000 - 0x00007ff84709b000 	C:\WINDOWS\System32\ucrtbase.dll
0x00007ff83a920000 - 0x00007ff83a938000 	D:\New folder\Android studio\jbr\bin\jli.dll
0x00007ff835790000 - 0x00007ff8357ab000 	D:\New folder\Android studio\jbr\bin\VCRUNTIME140.dll
0x00007ff8488d0000 - 0x00007ff848a95000 	C:\WINDOWS\System32\USER32.dll
0x00007ff846dd0000 - 0x00007ff846df7000 	C:\WINDOWS\System32\win32u.dll
0x00007ff849580000 - 0x00007ff8495ab000 	C:\WINDOWS\System32\GDI32.dll
0x00007ff831860000 - 0x00007ff831af3000 	C:\WINDOWS\WinSxS\amd64_microsoft.windows.common-controls_6595b64144ccf1df_6.0.26100.8115_none_3e075c82e3354f9c\COMCTL32.dll
0x00007ff848000000 - 0x00007ff84812b000 	C:\WINDOWS\System32\gdi32full.dll
0x00007ff8492c0000 - 0x00007ff849369000 	C:\WINDOWS\System32\msvcrt.dll
0x00007ff846d20000 - 0x00007ff846dc3000 	C:\WINDOWS\System32\msvcp_win.dll
0x00007ff84a0e0000 - 0x00007ff84a112000 	C:\WINDOWS\System32\IMM32.DLL
0x00007ff83ae10000 - 0x00007ff83ae1c000 	D:\New folder\Android studio\jbr\bin\vcruntime140_1.dll
0x00007ff83a890000 - 0x00007ff83a91d000 	D:\New folder\Android studio\jbr\bin\msvcp140.dll
0x00007fff80340000 - 0x00007fff80fd6000 	D:\New folder\Android studio\jbr\bin\server\jvm.dll
0x00007ff84a120000 - 0x00007ff84a1d6000 	C:\WINDOWS\System32\ADVAPI32.dll
0x00007ff849fb0000 - 0x00007ff84a057000 	C:\WINDOWS\System32\sechost.dll
0x00007ff849a40000 - 0x00007ff849b58000 	C:\WINDOWS\System32\RPCRT4.dll
0x00007ff849130000 - 0x00007ff8491b0000 	C:\WINDOWS\System32\WS2_32.dll
0x00007ff846ad0000 - 0x00007ff846b2e000 	C:\WINDOWS\SYSTEM32\POWRPROF.dll
0x00007ff840c10000 - 0x00007ff840c46000 	C:\WINDOWS\SYSTEM32\WINMM.dll
0x00007ff840cc0000 - 0x00007ff840ccb000 	C:\WINDOWS\SYSTEM32\VERSION.dll
0x00007ff846ab0000 - 0x00007ff846ac4000 	C:\WINDOWS\SYSTEM32\UMPDC.dll
0x00007ff845a00000 - 0x00007ff845a1b000 	C:\WINDOWS\SYSTEM32\kernel.appcore.dll
0x00007ff83a850000 - 0x00007ff83a85a000 	D:\New folder\Android studio\jbr\bin\jimage.dll
0x00007ff844ca0000 - 0x00007ff844ee2000 	C:\WINDOWS\SYSTEM32\DBGHELP.DLL
0x00007ff848aa0000 - 0x00007ff848e22000 	C:\WINDOWS\System32\combase.dll
0x00007ff8493d0000 - 0x00007ff8494a8000 	C:\WINDOWS\System32\OLEAUT32.dll
0x00007ff831b00000 - 0x00007ff831b3b000 	C:\WINDOWS\SYSTEM32\dbgcore.DLL
0x00007ff846c70000 - 0x00007ff846d15000 	C:\WINDOWS\System32\bcryptPrimitives.dll
0x00007ff841f10000 - 0x00007ff841f1e000 	D:\New folder\Android studio\jbr\bin\instrument.dll
0x00007ff8351b0000 - 0x00007ff8351d0000 	D:\New folder\Android studio\jbr\bin\java.dll
0x00007ff825960000 - 0x00007ff825978000 	D:\New folder\Android studio\jbr\bin\zip.dll
0x00007ff848130000 - 0x00007ff848897000 	C:\WINDOWS\System32\SHELL32.dll
0x00007ff8470a0000 - 0x00007ff84720a000 	C:\WINDOWS\System32\wintypes.dll
0x00007ff847610000 - 0x00007ff847e78000 	C:\WINDOWS\System32\windows.storage.dll
0x00007ff8491c0000 - 0x00007ff8492b8000 	C:\WINDOWS\System32\SHCORE.dll
0x00007ff849d50000 - 0x00007ff849db6000 	C:\WINDOWS\System32\shlwapi.dll
0x00007ff846b90000 - 0x00007ff846bb9000 	C:\WINDOWS\SYSTEM32\profapi.dll
0x00007ff838d90000 - 0x00007ff838da0000 	D:\New folder\Android studio\jbr\bin\net.dll
0x00007ff83dab0000 - 0x00007ff83dbdd000 	C:\WINDOWS\SYSTEM32\WINHTTP.dll
0x00007ff845f70000 - 0x00007ff845fdc000 	C:\WINDOWS\system32\mswsock.dll
0x00007ff823dc0000 - 0x00007ff823dd6000 	D:\New folder\Android studio\jbr\bin\nio.dll
0x00007ff835c10000 - 0x00007ff835c20000 	D:\New folder\Android studio\jbr\bin\verify.dll
0x00007ff838ea0000 - 0x00007ff838ec7000 	C:\Users\Lenovo\.gradle\native\660c5614fbf4a5f2a75b1949f50a0caf5cd603558e7d8a26e50b933a0cfb79d1\windows-amd64\native-platform.dll
0x00007ff82cef0000 - 0x00007ff82cf67000 	C:\Users\Lenovo\.gradle\native\0.2.8\x86_64-windows-gnu\gradle-fileevents.dll
0x00007ff838e70000 - 0x00007ff838e79000 	D:\New folder\Android studio\jbr\bin\management.dll
0x00007ff838e60000 - 0x00007ff838e6b000 	D:\New folder\Android studio\jbr\bin\management_ext.dll
0x00007ff8488c0000 - 0x00007ff8488c8000 	C:\WINDOWS\System32\PSAPI.DLL
0x00007ff8453c0000 - 0x00007ff8453f2000 	C:\WINDOWS\SYSTEM32\IPHLPAPI.DLL
0x00007ff849b60000 - 0x00007ff849b6a000 	C:\WINDOWS\System32\NSI.dll
0x00007ff838e80000 - 0x00007ff838e89000 	D:\New folder\Android studio\jbr\bin\extnet.dll
0x00007ff846250000 - 0x00007ff84626b000 	C:\WINDOWS\SYSTEM32\CRYPTSP.dll
0x00007ff845960000 - 0x00007ff845999000 	C:\WINDOWS\system32\rsaenh.dll
0x00007ff846020000 - 0x00007ff846053000 	C:\WINDOWS\SYSTEM32\USERENV.dll
0x00007ff846b60000 - 0x00007ff846b8a000 	C:\WINDOWS\SYSTEM32\bcrypt.dll
0x00007ff846270000 - 0x00007ff84627c000 	C:\WINDOWS\SYSTEM32\CRYPTBASE.dll
0x00007fffc7930000 - 0x00007fffc7938000 	C:\WINDOWS\system32\wshunix.dll

JVMTI agents:
C:\Users\Lenovo\.gradle\wrapper\dists\gradle-9.2.1-bin\2t0n5ozlw9xmuyvbp7dnzaxug\gradle-9.2.1\lib\agents\gradle-instrumentation-agent-9.2.1.jar path:D:\New folder\Android studio\jbr\bin\instrument.dll, loaded, initialized, instrumentlib options:none

dbghelp: loaded successfully - version: 4.0.5 - missing functions: none
symbol engine: initialized successfully - sym options: 0x614 - pdb path: .;D:\New folder\Android studio\jbr\bin;C:\WINDOWS\SYSTEM32;C:\WINDOWS\WinSxS\amd64_microsoft.windows.common-controls_6595b64144ccf1df_6.0.26100.8115_none_3e075c82e3354f9c;D:\New folder\Android studio\jbr\bin\server;C:\Users\Lenovo\.gradle\native\660c5614fbf4a5f2a75b1949f50a0caf5cd603558e7d8a26e50b933a0cfb79d1\windows-amd64;C:\Users\Lenovo\.gradle\native\0.2.8\x86_64-windows-gnu

VM Arguments:
jvm_args: --add-opens=java.base/java.lang=ALL-UNNAMED --add-opens=java.base/java.lang.invoke=ALL-UNNAMED --add-opens=java.base/java.util=ALL-UNNAMED --add-opens=java.prefs/java.util.prefs=ALL-UNNAMED --add-exports=jdk.compiler/com.sun.tools.javac.api=ALL-UNNAMED --add-exports=jdk.compiler/com.sun.tools.javac.util=ALL-UNNAMED --add-opens=java.base/java.util=ALL-UNNAMED --add-opens=java.prefs/java.util.prefs=ALL-UNNAMED --add-opens=java.base/java.nio.charset=ALL-UNNAMED --add-opens=java.base/java.net=ALL-UNNAMED --add-opens=java.base/java.util.concurrent=ALL-UNNAMED --add-opens=java.base/java.util.concurrent.atomic=ALL-UNNAMED --add-opens=java.xml/javax.xml.namespace=ALL-UNNAMED --add-opens=java.base/java.time=ALL-UNNAMED -XX:MaxMetaspaceSize=512m -Xmx1024m -Dfile.encoding=UTF-8 -Duser.country=IN -Duser.language=en -Duser.variant -javaagent:C:\Users\Lenovo\.gradle\wrapper\dists\gradle-9.2.1-bin\2t0n5ozlw9xmuyvbp7dnzaxug\gradle-9.2.1\lib\agents\gradle-instrumentation-agent-9.2.1.jar 
java_command: org.gradle.launcher.daemon.bootstrap.GradleDaemon 9.2.1
java_class_path (initial): C:\Users\Lenovo\.gradle\wrapper\dists\gradle-9.2.1-bin\2t0n5ozlw9xmuyvbp7dnzaxug\gradle-9.2.1\lib\gradle-daemon-main-9.2.1.jar
Launcher Type: SUN_STANDARD

[Global flags]
     intx CICompilerCount                          = 4                                         {product} {ergonomic}
   size_t CompressedClassSpaceSize                 = 436207616                                 {product} {ergonomic}
     uint ConcGCThreads                            = 3                                         {product} {ergonomic}
     uint G1ConcRefinementThreads                  = 10                                        {product} {ergonomic}
   size_t G1HeapRegionSize                         = 1048576                                   {product} {ergonomic}
    uintx GCDrainStackTargetSize                   = 64                                        {product} {ergonomic}
   size_t InitialHeapSize                          = 98566144                                  {product} {ergonomic}
   size_t MarkStackSize                            = 4194304                                   {product} {ergonomic}
   size_t MaxHeapSize                              = 1073741824                                {product} {command line}
   size_t MaxMetaspaceSize                         = 536870912                                 {product} {command line}
   size_t MaxNewSize                               = 643825664                                 {product} {ergonomic}
   size_t MinHeapDeltaBytes                        = 1048576                                   {product} {ergonomic}
   size_t MinHeapSize                              = 8388608                                   {product} {ergonomic}
    uintx NonNMethodCodeHeapSize                   = 5839372                                {pd product} {ergonomic}
    uintx NonProfiledCodeHeapSize                  = 122909434                              {pd product} {ergonomic}
    uintx ProfiledCodeHeapSize                     = 122909434                              {pd product} {ergonomic}
    uintx ReservedCodeCacheSize                    = 251658240                              {pd product} {ergonomic}
     bool SegmentedCodeCache                       = true                                      {product} {ergonomic}
   size_t SoftMaxHeapSize                          = 1073741824                             {manageable} {ergonomic}
     bool UseCompressedOops                        = true                           {product lp64_product} {ergonomic}
     bool UseG1GC                                  = true                                      {product} {ergonomic}
     bool UseLargePagesIndividualAllocation        = false                                  {pd product} {ergonomic}

Logging:
Log output configuration:
 #0: stdout all=warning uptime,level,tags foldmultilines=false
 #1: stderr all=off uptime,level,tags foldmultilines=false

Release file:
JAVA_VERSION="21.0.9" 
MODULES="java.base java.compiler java.datatransfer java.xml java.prefs java.desktop java.instrument java.logging java.management java.security.sasl java.naming java.rmi java.management.rmi java.net.http java.scripting java.security.jgss java.transaction.xa java.sql java.sql.rowset java.xml.crypto java.se java.smartcardio jdk.accessibility jdk.internal.jvmstat jdk.attach jdk.charsets jdk.internal.opt jdk.zipfs jdk.compiler jdk.crypto.ec jdk.crypto.cryptoki jdk.dynalink jdk.hotspot.agent jdk.httpserver jdk.internal.ed jdk.internal.le jdk.internal.vm.ci jdk.jartool jdk.javadoc jdk.jcmd jdk.jdeps jdk.jdwp.agent jdk.jdi jdk.jfr jdk.jlink jdk.jsobject jdk.localedata jdk.management jdk.management.agent jdk.management.jfr jdk.naming.dns jdk.naming.rmi jdk.net jdk.sctp jdk.security.auth jdk.security.jgss jdk.unsupported jdk.unsupported.desktop jdk.xml.dom" 
IMPLEMENTOR="JetBrains s.r.o." 
JAVA_RUNTIME_VERSION="21.0.9+-14649483-b1163.86" 
LIBC="default" 
OS_ARCH="x86_64" 
OS_NAME="Windows" 
SOURCE=".:git:554d0c326095" 

Environment Variables:
JAVA_HOME=C:\JAVA\jdk-1.8\bin
PATH=C:\Program Files (x86)\Common Files\Oracle\Java\java8path;C:\Program Files (x86)\Common Files\Oracle\Java\javapath;C:\oracle\product\10.2.0\db_1\bin;C:\oraclexe\app\oracle\product\10.2.0\server\bin;C:\WINDOWS\system32;C:\WINDOWS;C:\WINDOWS\System32\Wbem;C:\WINDOWS\System32\WindowsPowerShell\v1.0\;C:\WINDOWS\System32\OpenSSH\;C:\Program Files\nodejs\;C:\Program Files\Git\cmd;C:\Program Files\Java\jdk-21\bin;C:\Program Files\apache-maven-3.9.9\bin;C:\Program Files\gradle-8.12.1\bin;C:\Program Files\Java\jdk-11.0.20\bin;C:\Hadoop\bin;C:\Hadoop\bin;C:\Users\Lenovo\Downloads\jdk-25_windows-x64_bin.exe;C:\Setup Files\JAVA\jdk-1.8\bin;C:\Setup Files\hadoop\bin;C:\Setup Files\hadoop\sbin;C:\Setup Files\hadoop;C:\JAVA\jdk-1.8\bin;C:\hadoop\bin;C:\hadoop\sbin;C:\hadoop;C:\Users\Lenovo\AppData\Local\Programs\Python\Python313\Scripts\;C:\Users\Lenovo\AppData\Local\Programs\Python\Python313\;C:\Users\Lenovo\AppData\Local\Programs\Python\Launcher\;C:\Users\Lenovo\AppData\Local\Microsoft\WindowsApps;C:\intelFPGA\20.1\modelsim_ase\win32aloem;C:\Users\Lenovo\AppData\Local\Programs\Microsoft VS Code\bin;C:\Users\Lenovo\AppData\Roaming\npm;C:\Users\Lenovo\AppData\Local\Microsoft\WindowsApps;C:\Users\Lenovo\AppData\Local\Programs\Antigravity\bin
USERNAME=Lenovo
OS=Windows_NT
PROCESSOR_IDENTIFIER=AMD64 Family 23 Model 104 Stepping 1, AuthenticAMD
TMP=C:\Users\Lenovo\AppData\Local\Temp
TEMP=C:\Users\Lenovo\AppData\Local\Temp




Periodic native trim disabled

JNI global refs:
JNI global refs: 29, weak refs: 5

JNI global refs memory usage: 835, weak refs: 833

Process memory usage:
Resident Set Size: 481872K (7% of 6149880K total physical memory with 877308K free physical memory)

OOME stack traces (most recent first):
Classloader memory used:
Loader org.gradle.internal.classloader.VisitableURLClassLoader                         : 42940K
Loader org.gradle.internal.classloader.VisitableURLClassLoader$InstrumentingVisitableURLClassLoader: 33529K
Loader bootstrap                                                                       : 27617K
Loader org.gradle.initialization.MixInLegacyTypesClassLoader                           : 14112K
Loader org.gradle.internal.classloader.VisitableURLClassLoader                         : 6260K
Loader jdk.internal.reflect.DelegatingClassLoader                                      : 463K
Loader jdk.internal.loader.ClassLoaders$AppClassLoader                                 : 233K
Loader jdk.internal.loader.ClassLoaders$PlatformClassLoader                            : 168K
Loader org.gradle.groovy.scripts.internal.DefaultScriptCompilationHandler$ScriptClassLoader: 91680B

Classes loaded by more than one classloader:
Class Program                                                                         : loaded 5 times (x 72B)
Class com.google.common.collect.Iterators$ArrayItr                                    : loaded 4 times (x 97B)
Class com.google.common.collect.UnmodifiableIterator                                  : loaded 4 times (x 80B)
Class com.google.common.collect.ImmutableList                                         : loaded 4 times (x 206B)
Class com.google.common.collect.Iterators$SingletonIterator                           : loaded 4 times (x 81B)
Class com.google.common.collect.Iterators                                             : loaded 4 times (x 71B)
Class com.google.common.collect.PeekingIterator                                       : loaded 4 times (x 70B)
Class com.google.common.collect.Lists$StringAsImmutableList                           : loaded 4 times (x 207B)
Class com.google.common.base.Preconditions                                            : loaded 4 times (x 71B)
Class com.google.common.collect.AbstractIterator                                      : loaded 4 times (x 82B)
Class com.google.common.collect.AbstractIndexedListIterator                           : loaded 4 times (x 96B)
Class com.google.common.collect.Iterators$MergingIterator                             : loaded 4 times (x 81B)
Class com.google.common.collect.Iterators$1                                           : loaded 4 times (x 81B)
Class com.google.common.collect.Iterators$4                                           : loaded 4 times (x 82B)
Class com.google.common.collect.Iterators$5                                           : loaded 4 times (x 82B)
Class com.google.common.collect.ImmutableCollection                                   : loaded 4 times (x 125B)
Class com.google.common.collect.Lists                                                 : loaded 4 times (x 71B)
Class com.google.common.collect.Iterators$9                                           : loaded 4 times (x 81B)
Class com.google.common.collect.UnmodifiableListIterator                              : loaded 4 times (x 95B)
Class com.google.common.collect.ImmutableAsList                                       : loaded 3 times (x 209B)
Class com.google.common.base.Function                                                 : loaded 3 times (x 70B)
Class com.google.common.collect.ImmutableSet$CachingAsList                            : loaded 3 times (x 148B)
Class com.google.common.collect.RegularImmutableList                                  : loaded 3 times (x 213B)
Class com.google.common.collect.ImmutableSet                                          : loaded 3 times (x 145B)
Class org.gradle.internal.Cast                                                        : loaded 3 times (x 71B)
Class org.gradle.api.Action                                                           : loaded 3 times (x 70B)
Class com.google.common.collect.ImmutableList$1                                       : loaded 3 times (x 97B)
Class com.google.common.collect.SingletonImmutableSet                                 : loaded 3 times (x 146B)
Class com.google.common.base.Predicate                                                : loaded 3 times (x 70B)
Class com.google.common.collect.ImmutableList$ReverseImmutableList                    : loaded 3 times (x 209B)
Class com.google.common.collect.SingletonImmutableList                                : loaded 3 times (x 207B)
Class org.gradle.api.GradleException                                                  : loaded 3 times (x 82B)
Class com.google.common.collect.Multimap                                              : loaded 3 times (x 70B)
Class org.gradle.internal.IoActions                                                   : loaded 3 times (x 71B)
Class com.google.common.collect.ImmutableSet$RegularSetBuilderImpl                    : loaded 3 times (x 77B)
Class com.google.common.base.Joiner$1                                                 : loaded 3 times (x 80B)
Class com.google.common.base.Joiner$2                                                 : loaded 3 times (x 79B)
Class com.google.common.collect.RegularImmutableAsList                                : loaded 3 times (x 217B)
Class com.google.common.collect.ImmutableList$Builder                                 : loaded 3 times (x 77B)
Class Build_gradle                                                                    : loaded 3 times (x 126B)
Class com.google.common.collect.ImmutableSet$SetBuilderImpl                           : loaded 3 times (x 76B)
Class com.google.common.base.Joiner                                                   : loaded 3 times (x 79B)
Class com.google.common.collect.ImmutableCollection$Builder                           : loaded 3 times (x 76B)
Class com.google.common.collect.ImmutableList$SubList                                 : loaded 3 times (x 209B)
Class com.google.common.collect.RegularImmutableSet                                   : loaded 3 times (x 149B)
Class com.google.gson.TypeAdapterFactory                                              : loaded 2 times (x 70B)
Class com.google.gson.internal.bind.JsonTreeReader                                    : loaded 2 times (x 98B)
Class kotlin.sequences.TransformingSequence                                           : loaded 2 times (x 75B)
Class org.gradle.tooling.internal.adapter.MethodInvocation                            : loaded 2 times (x 85B)
Class org.gradle.internal.operations.MultipleBuildOperationFailures                   : loaded 2 times (x 95B)
Class com.google.common.base.Platform$JdkPatternCompiler                              : loaded 2 times (x 75B)
Class org.objectweb.asm.MethodTooLargeException                                       : loaded 2 times (x 83B)
Class [Lcom.google.common.cache.CacheBuilder$OneWeigher;                              : loaded 2 times (x 69B)
Class com.google.common.base.Suppliers                                                : loaded 2 times (x 71B)
Class com.google.gson.internal.bind.JsonAdapterAnnotationTypeAdapterFactory$DummyTypeAdapterFactory: loaded 2 times (x 75B)
Class com.google.gson.internal.bind.TypeAdapters$31                                   : loaded 2 times (x 76B)
Class com.google.gson.JsonSyntaxException                                             : loaded 2 times (x 82B)
Class org.jetbrains.kotlin.idea.gradleTooling.AndroidAwareGradleModelProvider$Companion: loaded 2 times (x 71B)
Class com.intellij.util.containers.IntObjectHashMap$ArrayProducer                     : loaded 2 times (x 70B)
Class org.gradle.internal.classloader.DefaultClassLoaderFactory                       : loaded 2 times (x 82B)
Class com.google.gson.internal.bind.TypeAdapters$32                                   : loaded 2 times (x 76B)
Class com.google.common.collect.ReverseNaturalOrdering                                : loaded 2 times (x 114B)
Class kotlin.text.MatcherMatchResult$groupValues$1                                    : loaded 2 times (x 198B)
Class kotlin.sequences.SequencesKt___SequencesKt                                      : loaded 2 times (x 71B)
Class kotlin.collections.AbstractList$Companion                                       : loaded 2 times (x 71B)
Class org.gradle.internal.classloader.ClassLoaderVisitor                              : loaded 2 times (x 76B)
Class com.google.gson.internal.bind.ObjectTypeAdapter                                 : loaded 2 times (x 74B)
Class [Lcom.google.common.collect.ImmutableMapEntry;                                  : loaded 2 times (x 69B)
Class [Lcom.android.ide.common.repository.AgpVersion$PreviewKind;                     : loaded 2 times (x 69B)
Class org.jetbrains.plugins.gradle.tooling.serialization.internal.IdeaProjectSerializationService: loaded 2 times (x 77B)
Class com.google.common.collect.Ordering                                              : loaded 2 times (x 114B)
Class kotlin.sequences.SequencesKt___SequencesKt$flatMap$2                            : loaded 2 times (x 125B)
Class org.gradle.api.internal.classpath.EffectiveClassPath                            : loaded 2 times (x 90B)
Class com.android.builder.model.v2.models.AndroidDsl                                  : loaded 2 times (x 70B)
Class com.google.common.collect.ListMultimap                                          : loaded 2 times (x 70B)
Class com.google.common.collect.ImmutableEnumMap                                      : loaded 2 times (x 126B)
Class kotlin.text.StringsKt__AppendableKt                                             : loaded 2 times (x 71B)
Class com.google.common.collect.ImmutableRangeSet                                     : loaded 2 times (x 115B)
Class org.gradle.tooling.internal.gradle.DefaultProjectIdentifier                     : loaded 2 times (x 86B)
Class com.google.common.collect.Sets$1                                                : loaded 2 times (x 139B)
Class org.objectweb.asm.AnnotationVisitor                                             : loaded 2 times (x 78B)
Class com.google.gson.internal.bind.TypeAdapters                                      : loaded 2 times (x 71B)
Class com.google.gson.FormattingStyle                                                 : loaded 2 times (x 78B)
Class com.google.gson.FieldNamingPolicy                                               : loaded 2 times (x 83B)
Class com.intellij.gradle.toolingExtension.impl.model.buildScriptClasspathModel.GradleBuildScriptClasspathSerializationService$ReadContext: loaded 2 times (x 72B)
Class com.google.common.collect.ComparatorOrdering                                    : loaded 2 times (x 115B)
Class org.gradle.api.internal.DefaultClassPathProvider                                : loaded 2 times (x 76B)
Class com.android.builder.model.v2.models.BasicAndroidProject                         : loaded 2 times (x 70B)
Class com.google.common.collect.Sets$2                                                : loaded 2 times (x 139B)
Class com.google.gson.JsonArray                                                       : loaded 2 times (x 100B)
Class com.google.gson.FieldNamingStrategy                                             : loaded 2 times (x 70B)
Class kotlin.text.StringsKt__StringNumberConversionsJVMKt                             : loaded 2 times (x 71B)
Class com.google.common.collect.NaturalOrdering                                       : loaded 2 times (x 115B)
Class kotlin.text.MatchResult                                                         : loaded 2 times (x 70B)
Class kotlin.sequences.SequenceScope                                                  : loaded 2 times (x 73B)
Class kotlin.sequences.Sequence                                                       : loaded 2 times (x 70B)
Class org.gradle.tooling.ToolingModelContract                                         : loaded 2 times (x 70B)
Class [Lorg.gradle.api.internal.ClassPathProvider;                                    : loaded 2 times (x 69B)
Class org.gradle.api.internal.ClassPathProvider                                       : loaded 2 times (x 70B)
Class [Lorg.objectweb.asm.AnnotationVisitor;                                          : loaded 2 times (x 69B)
Class com.google.common.collect.Sets$3                                                : loaded 2 times (x 139B)
Class com.google.common.cache.LocalCache$LocalLoadingCache                            : loaded 2 times (x 134B)
Class kotlin.collections.CollectionsKt___CollectionsKt$asSequence$$inlined$Sequence$1 : loaded 2 times (x 75B)
Class org.gradle.internal.service.UnknownServiceException                             : loaded 2 times (x 83B)
Class com.google.common.collect.Sets$4                                                : loaded 2 times (x 139B)
Class org.objectweb.asm.ModuleVisitor                                                 : loaded 2 times (x 81B)
Class com.google.common.cache.LocalCache$Strength$1                                   : loaded 2 times (x 81B)
Class org.jetbrains.kotlin.idea.gradleTooling.model.kapt.KaptGradleModel              : loaded 2 times (x 70B)
Class org.jetbrains.kotlin.idea.gradleTooling.KotlinDslScriptAdditionalTask           : loaded 2 times (x 70B)
Class org.jetbrains.plugins.gradle.model.ClasspathEntryModel                          : loaded 2 times (x 70B)
Class com.google.common.util.concurrent.SettableFuture                                : loaded 2 times (x 114B)
Class com.google.common.cache.LocalCache$Strength$2                                   : loaded 2 times (x 81B)
Class org.jetbrains.plugins.gradle.tooling.serialization.GradleExtensionsSerializationService: loaded 2 times (x 77B)
Class org.gradle.api.JavaVersion                                                      : loaded 2 times (x 79B)
Class org.gradle.tooling.model.Dependency                                             : loaded 2 times (x 70B)
Class com.android.builder.model.v2.ide.AbstractArtifact                               : loaded 2 times (x 70B)
Class com.google.common.cache.LocalCache$Strength$3                                   : loaded 2 times (x 81B)
Class com.google.common.collect.MapDifference                                         : loaded 2 times (x 70B)
Class com.intellij.openapi.externalSystem.model.project.dependencies.ResolutionState  : loaded 2 times (x 79B)
Class sync_studio_tooling7_2tlcuqi9t2swqslp2jenhfs6a$_run_closure1                    : loaded 2 times (x 139B)
Class kotlin.text.StringsKt__RegexExtensionsJVMKt                                     : loaded 2 times (x 71B)
Class com.google.common.collect.AllEqualOrdering                                      : loaded 2 times (x 114B)
Class kotlin.collections.ArraysKt___ArraysJvmKt                                       : loaded 2 times (x 71B)
Class kotlin.collections.CollectionsKt__CollectionsKt                                 : loaded 2 times (x 71B)
Class org.objectweb.asm.FieldWriter                                                   : loaded 2 times (x 78B)
Class com.google.common.cache.CacheBuilder$NullListener                               : loaded 2 times (x 82B)
Class com.google.gson.LongSerializationPolicy                                         : loaded 2 times (x 80B)
Class kotlin.text.Regex$Companion                                                     : loaded 2 times (x 71B)
Class org.gradle.internal.classpath.TransformedClassPath                              : loaded 2 times (x 96B)
Class org.gradle.internal.classloader.InstrumentingClassLoader                        : loaded 2 times (x 70B)
Class com.google.common.cache.CacheLoader$FunctionToCacheLoader                       : loaded 2 times (x 75B)
Class com.google.gson.internal.bind.TypeAdapters$30                                   : loaded 2 times (x 76B)
Class org.objectweb.asm.ClassVisitor                                                  : loaded 2 times (x 88B)
Class com.google.common.collect.ImmutableRangeSet$AsSet                               : loaded 2 times (x 300B)
Class kotlin.jvm.internal.FunctionReference                                           : loaded 2 times (x 122B)
Class [Lkotlin.coroutines.intrinsics.CoroutineSingletons;                             : loaded 2 times (x 69B)
Class kotlin.jvm.internal.FunctionBase                                                : loaded 2 times (x 70B)
Class kotlin.enums.EnumEntriesList                                                    : loaded 2 times (x 223B)
Class [Lorg.objectweb.asm.Symbol;                                                     : loaded 2 times (x 69B)
Class com.google.common.base.MoreObjects                                              : loaded 2 times (x 71B)
Class com.google.gson.internal.bind.DefaultDateTypeAdapter                            : loaded 2 times (x 74B)
Class com.google.gson.GsonBuilder                                                     : loaded 2 times (x 72B)
Class kotlin.comparisons.ComparisonsKt___ComparisonsJvmKt                             : loaded 2 times (x 71B)
Class kotlin.collections.CollectionsKt__IteratorsJVMKt                                : loaded 2 times (x 71B)
Class com.android.builder.model.v2.ide.TestInfo$Execution                             : loaded 2 times (x 79B)
Class com.google.gson.internal.Primitives                                             : loaded 2 times (x 71B)
Class com.google.common.collect.Platform                                              : loaded 2 times (x 71B)
Class [Lorg.objectweb.asm.Type;                                                       : loaded 2 times (x 69B)
Class com.google.gson.stream.JsonWriter                                               : loaded 2 times (x 98B)
Class com.android.utils.FileUtils                                                     : loaded 2 times (x 71B)
Class org.jetbrains.kotlin.idea.gradleTooling.KotlinSourceSetContainer                : loaded 2 times (x 70B)
Class org.jetbrains.plugins.gradle.model.IntelliJSettings                             : loaded 2 times (x 70B)
Class kotlin.Result                                                                   : loaded 2 times (x 72B)
Class org.gradle.internal.service.ServiceLocator                                      : loaded 2 times (x 70B)
Class com.google.common.base.Ascii                                                    : loaded 2 times (x 71B)
Class com.google.common.collect.SingletonImmutableBiMap                               : loaded 2 times (x 143B)
Class com.google.common.cache.LocalCache$1                                            : loaded 2 times (x 89B)
Class com.google.gson.internal.bind.TypeAdapterRuntimeTypeWrapper                     : loaded 2 times (x 74B)
Class com.android.builder.model.v2.ide.AaptOptions$Namespacing                        : loaded 2 times (x 79B)
Class com.google.common.collect.AbstractMapEntry                                      : loaded 2 times (x 81B)
Class com.intellij.gradle.toolingExtension.util.GradleVersionUtil                     : loaded 2 times (x 71B)
Class com.android.ide.gradle.model.GradlePropertiesModel                              : loaded 2 times (x 70B)
Class kotlin.sequences.TransformingSequence$iterator$1                                : loaded 2 times (x 79B)
Class kotlin.Pair                                                                     : loaded 2 times (x 72B)
Class org.gradle.tooling.internal.adapter.ProtocolToModelAdapter$SupportedPropertyInvoker: loaded 2 times (x 76B)
Class org.gradle.tooling.model.UnsupportedMethodException                             : loaded 2 times (x 82B)
Class com.android.builder.model.v2.ide.BytecodeTransformation                         : loaded 2 times (x 79B)
Class com.google.common.collect.Sets$ImprovedAbstractSet                              : loaded 2 times (x 135B)
Class org.gradle.tooling.internal.adapter.TargetTypeProvider                          : loaded 2 times (x 70B)
Class com.google.common.collect.AbstractMultimap                                      : loaded 2 times (x 123B)
Class com.google.common.cache.LocalCache$2                                            : loaded 2 times (x 142B)
Class kotlin.collections.CollectionsKt__MutableCollectionsKt                          : loaded 2 times (x 71B)
Class com.android.builder.model.v2.ide.CodeShrinker                                   : loaded 2 times (x 79B)
Class com.google.gson.internal.bind.MapTypeAdapterFactory$Adapter                     : loaded 2 times (x 74B)
Class com.google.gson.internal.sql.SqlTimeTypeAdapter$1                               : loaded 2 times (x 75B)
Class kotlin.ranges.IntProgression$Companion                                          : loaded 2 times (x 71B)
Class org.jetbrains.plugins.gradle.tooling.serialization.AnnotationProcessingModelSerializationService$WriteContext: loaded 2 times (x 72B)
Class kotlin.io.TerminateException                                                    : loaded 2 times (x 82B)
Class kotlin.io.FilesKt__FilePathComponentsKt                                         : loaded 2 times (x 71B)
Class com.google.common.collect.ImmutableRangeSet$1                                   : loaded 2 times (x 210B)
Class kotlin.reflect.KCallable                                                        : loaded 2 times (x 70B)
Class com.google.common.util.concurrent.AbstractFuture$Trusted                        : loaded 2 times (x 70B)
Class org.jetbrains.plugins.gradle.model.GradleExtensions                             : loaded 2 times (x 70B)
Class com.intellij.compose.ide.plugin.gradleTooling.rt.ComposeResourcesModel          : loaded 2 times (x 70B)
Class org.jetbrains.plugins.gradle.tooling.serialization.ProjectDependenciesSerializationService$WriteContext: loaded 2 times (x 72B)
Class org.jetbrains.plugins.gradle.tooling.serialization.ProjectDependenciesSerializationService: loaded 2 times (x 77B)
Class kotlin.text.CharsKt                                                             : loaded 2 times (x 71B)
Class com.google.common.collect.Range                                                 : loaded 2 times (x 86B)
Class org.gradle.tooling.model.kotlin.dsl.KotlinDslScriptModel                        : loaded 2 times (x 70B)
Class org.gradle.tooling.internal.adapter.CollectionMapper                            : loaded 2 times (x 73B)
Class org.jetbrains.plugins.gradle.model.AnnotationProcessingModel                    : loaded 2 times (x 70B)
Class com.google.common.util.concurrent.UncheckedExecutionException                   : loaded 2 times (x 82B)
Class com.google.gson.internal.bind.DefaultDateTypeAdapter$DateType                   : loaded 2 times (x 73B)
Class org.gradle.kotlin.dsl.VersionCatalogAccessorsKt                                 : loaded 2 times (x 71B)
Class com.google.common.collect.ExplicitOrdering                                      : loaded 2 times (x 115B)
Class com.google.gson.internal.bind.ReflectiveTypeAdapterFactory$1                    : loaded 2 times (x 74B)
Class gnu.trove.THash                                                                 : loaded 2 times (x 81B)
Class com.intellij.gradle.toolingExtension.impl.model.buildScriptClasspathModel.GradleBuildScriptClasspathSerializationService$WriteContext: loaded 2 times (x 72B)
Class org.gradle.tooling.internal.adapter.ProtocolToModelAdapter                      : loaded 2 times (x 80B)
Class com.android.builder.model.v2.ide.AndroidGradlePluginProjectFlags$BooleanFlag    : loaded 2 times (x 79B)
Class com.google.common.collect.AbstractMapBasedMultimap$KeySet$1                     : loaded 2 times (x 82B)
Class org.objectweb.asm.ClassWriter                                                   : loaded 2 times (x 106B)
Class com.google.common.base.CharMatcher$And                                          : loaded 2 times (x 112B)
Class com.google.common.cache.CacheLoader$UnsupportedLoadingOperationException        : loaded 2 times (x 82B)
Class com.google.gson.internal.bind.ReflectiveTypeAdapterFactory$2                    : loaded 2 times (x 79B)
Class kotlin.collections.MapsKt__MapsJVMKt                                            : loaded 2 times (x 71B)
Class kotlin.collections.EmptyList                                                    : loaded 2 times (x 174B)
Class org.gradle.internal.time.DefaultTimer                                           : loaded 2 times (x 80B)
Class org.gradle.internal.classloader.ClasspathUtil$1                                 : loaded 2 times (x 76B)
Class com.google.common.base.Objects                                                  : loaded 2 times (x 71B)
Class org.objectweb.asm.FieldVisitor                                                  : loaded 2 times (x 77B)
Class com.google.gson.ToNumberStrategy                                                : loaded 2 times (x 70B)
Class com.google.gson.TypeAdapter                                                     : loaded 2 times (x 73B)
Class com.google.common.collect.IndexedImmutableSet                                   : loaded 2 times (x 152B)
Class com.google.common.collect.ImmutableMap$1                                        : loaded 2 times (x 81B)
Class com.google.common.collect.BiMap                                                 : loaded 2 times (x 70B)
Class org.gradle.tooling.internal.adapter.ProtocolToModelAdapter$ViewKey              : loaded 2 times (x 72B)
Class org.gradle.api.internal.classpath.DefaultModuleRegistry$DefaultModule           : loaded 2 times (x 86B)
Class com.android.builder.model.v2.CustomSourceDirectory                              : loaded 2 times (x 70B)
Class com.google.common.primitives.Ints                                               : loaded 2 times (x 71B)
Class com.google.common.collect.ImmutableMap$MapViewOfValuesAsSingletonSets           : loaded 2 times (x 126B)
Class com.android.ide.common.repository.AgpVersion                                    : loaded 2 times (x 75B)
Class ijInit1_5uw22s6ndsfau100zbogb21re                                               : loaded 2 times (x 171B)
Class com.google.common.collect.NullsFirstOrdering                                    : loaded 2 times (x 115B)
Class kotlin.ResultKt                                                                 : loaded 2 times (x 71B)
Class org.gradle.tooling.internal.adapter.ProtocolToModelAdapter$PropertyCachingMethodInvoker: loaded 2 times (x 76B)
Class com.android.builder.model.v2.models.ProjectSyncIssues                           : loaded 2 times (x 70B)
Class com.google.common.collect.ObjectArrays                                          : loaded 2 times (x 71B)
Class com.google.common.math.MathPreconditions                                        : loaded 2 times (x 71B)
Class com.google.common.collect.Multiset                                              : loaded 2 times (x 70B)
Class com.google.common.collect.ArrayListMultimapGwtSerializationDependencies         : loaded 2 times (x 172B)
Class com.google.common.collect.RegularImmutableMap                                   : loaded 2 times (x 121B)
Class com.intellij.openapi.externalSystem.model.ExternalSystemException               : loaded 2 times (x 86B)
Class org.jetbrains.plugins.gradle.model.ExternalTask                                 : loaded 2 times (x 70B)
Class kotlin.Result$Failure                                                           : loaded 2 times (x 72B)
Class kotlin.collections.ArraysKt__ArraysKt                                           : loaded 2 times (x 71B)
Class org.gradle.internal.time.DefaultCountdownTimer                                  : loaded 2 times (x 88B)
Class com.google.gson.internal.ObjectConstructor                                      : loaded 2 times (x 70B)
Class com.google.common.collect.ImmutableMapEntrySet                                  : loaded 2 times (x 152B)
Class org.jetbrains.plugins.gradle.model.GradleTaskModel                              : loaded 2 times (x 70B)
Class org.jetbrains.plugins.gradle.tooling.util.ObjectCollector                       : loaded 2 times (x 72B)
Class kotlin.collections.SetsKt__SetsJVMKt                                            : loaded 2 times (x 71B)
Class kotlin.Function                                                                 : loaded 2 times (x 70B)
Class org.gradle.tooling.internal.adapter.ProtocolToModelAdapter$AdaptingMethodInvoker: loaded 2 times (x 76B)
Class org.gradle.tooling.internal.gradle.DefaultBuildIdentifier                       : loaded 2 times (x 79B)
Class org.gradle.api.internal.classpath.Module                                        : loaded 2 times (x 70B)
Class com.google.common.cache.Weigher                                                 : loaded 2 times (x 70B)
Class com.intellij.openapi.externalSystem.model.project.IExternalSystemSourceType     : loaded 2 times (x 70B)
Class kotlin.io.FileAlreadyExistsException                                            : loaded 2 times (x 82B)
Class kotlin.internal.ProgressionUtilKt                                               : loaded 2 times (x 71B)
Class org.gradle.api.internal.classpath.UnknownModuleException                        : loaded 2 times (x 82B)
Class com.google.common.base.Stopwatch                                                : loaded 2 times (x 72B)
Class com.google.common.cache.LocalCache$Strength                                     : loaded 2 times (x 81B)
Class com.google.common.cache.Cache                                                   : loaded 2 times (x 70B)
Class com.intellij.openapi.externalSystem.model.project.dependencies.ProjectDependencies: loaded 2 times (x 70B)
Class org.jetbrains.plugins.gradle.tooling.serialization.ProjectDependenciesSerializationService$ReadContext: loaded 2 times (x 72B)
Class com.google.common.util.concurrent.AbstractFuture$Cancellation                   : loaded 2 times (x 72B)
Class com.google.common.collect.ImmutableMap$Builder                                  : loaded 2 times (x 82B)
Class com.google.common.cache.RemovalListener                                         : loaded 2 times (x 70B)
Class [Lcom.google.gson.ToNumberPolicy;                                               : loaded 2 times (x 69B)
Class com.google.gson.ToNumberPolicy                                                  : loaded 2 times (x 83B)
Class org.jetbrains.plugins.gradle.tooling.serialization.RepositoriesModelSerializationService: loaded 2 times (x 82B)
Class com.android.ide.gradle.model.artifacts.AdditionalClassifierArtifactsModel       : loaded 2 times (x 70B)
Class org.gradle.tooling.internal.gradle.GradleProjectIdentity                        : loaded 2 times (x 70B)
Class org.gradle.api.internal.DefaultClassPathRegistry                                : loaded 2 times (x 76B)
Class com.android.builder.model.v2.ide.JavaArtifact                                   : loaded 2 times (x 70B)
Class com.google.common.primitives.IntsMethodsForWeb                                  : loaded 2 times (x 71B)
Class com.google.gson.stream.MalformedJsonException                                   : loaded 2 times (x 82B)
Class org.jetbrains.plugins.gradle.tooling.serialization.RepositoriesModelSerializationService$ReadContext: loaded 2 times (x 72B)
Class kotlin.ranges.ClosedRange                                                       : loaded 2 times (x 70B)
Class org.gradle.api.internal.ClassPathRegistry                                       : loaded 2 times (x 70B)
Class org.gradle.internal.classpath.DefaultClassPath$ImmutableUniqueList              : loaded 2 times (x 199B)
Class com.google.common.base.ExtraObjectsMethodsForWeb                                : loaded 2 times (x 71B)
Class com.intellij.gradle.toolingExtension.impl.model.projectModel.GradleExternalProjectSerializationService$WriteContext: loaded 2 times (x 73B)
Class kotlin.text.StringsKt__StringsJVMKt                                             : loaded 2 times (x 71B)
Class kotlin.collections.IntIterator                                                  : loaded 2 times (x 82B)
Class com.google.common.collect.NullnessCasts                                         : loaded 2 times (x 71B)
Class com.android.builder.model.v2.ide.AndroidArtifact                                : loaded 2 times (x 70B)
Class com.android.builder.model.v2.dsl.SigningConfig                                  : loaded 2 times (x 70B)
Class com.android.builder.model.v2.models.AndroidProject                              : loaded 2 times (x 70B)
Class com.android.builder.model.v2.AndroidModel                                       : loaded 2 times (x 70B)
Class com.google.common.cache.CacheBuilder                                            : loaded 2 times (x 72B)
Class com.google.gson.internal.bind.ArrayTypeAdapter$1                                : loaded 2 times (x 75B)
Class com.google.gson.internal.bind.JsonTreeWriter                                    : loaded 2 times (x 98B)
Class org.gradle.api.internal.classpath.ManifestUtil                                  : loaded 2 times (x 71B)
Class Settings_gradle$1                                                               : loaded 2 times (x 74B)
Class kotlin.text.StringsKt__IndentKt                                                 : loaded 2 times (x 71B)
Class kotlin.collections.SetsKt                                                       : loaded 2 times (x 71B)
Class org.gradle.internal.classpath.ClassPath                                         : loaded 2 times (x 70B)
Class com.google.common.base.JdkPattern                                               : loaded 2 times (x 75B)
Class org.gradle.tooling.internal.adapter.ProtocolToModelAdapter$InvocationHandlerImpl: loaded 2 times (x 77B)
Class org.jetbrains.plugins.gradle.tooling.serialization.KotlinDslScriptsModelSerializationService: loaded 2 times (x 81B)
Class kotlin.reflect.KFunction                                                        : loaded 2 times (x 70B)
Class kotlin.collections.ArrayDeque                                                   : loaded 2 times (x 207B)
Class org.objectweb.asm.SymbolTable$Entry                                             : loaded 2 times (x 74B)
Class org.jetbrains.kotlin.idea.gradleTooling.KotlinGradleModel                       : loaded 2 times (x 70B)
Class org.jetbrains.plugins.gradle.tooling.serialization.ExternalTestsSerializationService$WriteContext: loaded 2 times (x 72B)
Class kotlin.collections.MapsKt__MapsKt                                               : loaded 2 times (x 71B)
Class com.android.builder.model.v2.ide.Variant                                        : loaded 2 times (x 70B)
Class org.objectweb.asm.Edge                                                          : loaded 2 times (x 72B)
Class com.google.common.base.Suppliers$SupplierOfInstance                             : loaded 2 times (x 79B)
Class com.google.gson.internal.bind.ReflectiveTypeAdapterFactory                      : loaded 2 times (x 75B)
Class com.google.gson.internal.sql.SqlTimestampTypeAdapter                            : loaded 2 times (x 76B)
Class org.gradle.tooling.model.build.GradleEnvironment                                : loaded 2 times (x 70B)
Class org.gradle.tooling.model.Model                                                  : loaded 2 times (x 70B)
Class com.google.common.cache.LocalCache$ComputingValueReference                      : loaded 2 times (x 96B)
Class com.google.gson.internal.sql.SqlDateTypeAdapter$1                               : loaded 2 times (x 75B)
Class org.jetbrains.plugins.gradle.tooling.util.IntObjectMap$ObjectFactory            : loaded 2 times (x 70B)
Class com.google.common.collect.ImmutableMap$IteratorBasedImmutableMap                : loaded 2 times (x 126B)
Class com.android.ide.gradle.model.composites.BuildMap                                : loaded 2 times (x 70B)
Class kotlin.text.MatchResult$Destructured                                            : loaded 2 times (x 72B)
Class kotlin.Metadata                                                                 : loaded 2 times (x 70B)
Class kotlin.UninitializedPropertyAccessException                                     : loaded 2 times (x 82B)
Class com.android.builder.model.v2.models.Versions                                    : loaded 2 times (x 70B)
Class com.google.common.cache.LocalCache$Segment                                      : loaded 2 times (x 154B)
Class org.jetbrains.plugins.gradle.model.IntelliJProjectSettings                      : loaded 2 times (x 70B)
Class org.gradle.tooling.internal.adapter.ProtocolToModelAdapter$MethodInvocationCache: loaded 2 times (x 73B)
Class com.android.builder.model.v2.models.ndk.NativeModule                            : loaded 2 times (x 70B)
Class com.google.common.collect.AbstractListMultimap                                  : loaded 2 times (x 172B)
Class [Lorg.objectweb.asm.SymbolTable$Entry;                                          : loaded 2 times (x 69B)
Class com.google.common.cache.CacheLoader                                             : loaded 2 times (x 74B)
Class com.google.gson.internal.bind.ReflectiveTypeAdapterFactory$Adapter              : loaded 2 times (x 77B)
Class com.google.gson.internal.bind.TypeAdapters$10                                   : loaded 2 times (x 75B)
Class com.google.gson.JsonObject                                                      : loaded 2 times (x 93B)
Class com.google.common.collect.ImmutableBiMap                                        : loaded 2 times (x 143B)
Class org.jetbrains.plugins.gradle.model.ExternalDependency                           : loaded 2 times (x 70B)
Class com.intellij.util.containers.IntObjectHashMap                                   : loaded 2 times (x 72B)
Class com.google.common.collect.SortedIterable                                        : loaded 2 times (x 70B)
Class org.gradle.api.internal.classpath.ModuleRegistry                                : loaded 2 times (x 70B)
Class org.gradle.internal.installation.GradleInstallation$1                           : loaded 2 times (x 75B)
Class com.android.builder.model.v2.ide.PrivacySandboxSdkInfo                          : loaded 2 times (x 70B)
Class com.google.common.collect.ImmutableSet$JdkBackedSetBuilderImpl                  : loaded 2 times (x 76B)
Class com.google.common.util.concurrent.internal.InternalFutureFailureAccess          : loaded 2 times (x 72B)
Class com.google.gson.internal.bind.TypeAdapters$11                                   : loaded 2 times (x 75B)
Class [Lcom.google.gson.FieldNamingPolicy;                                            : loaded 2 times (x 69B)
Class com.google.common.util.concurrent.ExecutionError                                : loaded 2 times (x 82B)
Class com.android.ide.common.repository.AgpVersion$PreviewKind$Companion              : loaded 2 times (x 71B)
Class org.jetbrains.plugins.gradle.model.VersionCatalogsModel                         : loaded 2 times (x 70B)
Class com.intellij.gradle.toolingExtension.impl.model.sourceSetDependencyModel.GradleSourceSetDependencySerialisationService$SourceSetDependencyModelReadContext: loaded 2 times (x 72B)
Class com.intellij.gradle.toolingExtension.impl.model.dependencyModel.DependencyReadContext: loaded 2 times (x 72B)
Class org.gradle.tooling.internal.adapter.ObjectGraphAdapter                          : loaded 2 times (x 70B)
Class com.android.builder.model.v2.ide.Installation                                   : loaded 2 times (x 70B)
Class com.google.common.base.CharMatcher$ForPredicate                                 : loaded 2 times (x 112B)
Class com.google.common.cache.LocalCache$LocalManualCache$1                           : loaded 2 times (x 75B)
Class com.google.gson.internal.bind.TypeAdapters$12                                   : loaded 2 times (x 75B)
Class [Lcom.google.gson.ToNumberStrategy;                                             : loaded 2 times (x 69B)
Class org.jetbrains.plugins.gradle.model.ProjectImportModelProvider                   : loaded 2 times (x 70B)
Class org.jetbrains.plugins.gradle.model.ExternalSourceSet                            : loaded 2 times (x 70B)
Class com.intellij.gradle.toolingExtension.impl.model.warmUp.GradleTaskWarmUpRequest  : loaded 2 times (x 70B)
Class com.google.common.collect.ImmutableSortedAsList                                 : loaded 2 times (x 221B)
Class kotlin.text.RegexKt                                                             : loaded 2 times (x 71B)
Class kotlin.coroutines.intrinsics.IntrinsicsKt__IntrinsicsKt                         : loaded 2 times (x 71B)
Class com.android.builder.model.v2.models.ModelBuilderParameter                       : loaded 2 times (x 70B)
Class com.google.common.base.CharMatcher$AnyOf                                        : loaded 2 times (x 112B)
Class com.google.gson.internal.bind.TypeAdapters$13                                   : loaded 2 times (x 75B)
Class com.google.common.collect.ImmutableEnumSet                                      : loaded 2 times (x 146B)
Class com.intellij.gradle.toolingExtension.impl.model.sourceSetArtifactIndex.GradleSourceSetArtifactBuildRequest: loaded 2 times (x 70B)
Class kotlin.io.FilesKt__UtilsKt                                                      : loaded 2 times (x 71B)
Class com.google.common.collect.Lists$TransformingRandomAccessList                    : loaded 2 times (x 199B)
Class kotlin.collections.CollectionsKt__CollectionsJVMKt                              : loaded 2 times (x 71B)
Class org.gradle.api.internal.classpath.DefaultModuleRegistry                         : loaded 2 times (x 86B)
Class com.android.builder.model.v2.models.VariantDependenciesAdjacencyList            : loaded 2 times (x 70B)
Class com.google.common.util.concurrent.ListenableFuture                              : loaded 2 times (x 70B)
Class com.google.common.cache.ReferenceEntry                                          : loaded 2 times (x 70B)
Class com.google.gson.internal.bind.NumberTypeAdapter$1                               : loaded 2 times (x 76B)
Class com.google.gson.internal.bind.TypeAdapters$1                                    : loaded 2 times (x 75B)
Class com.google.gson.internal.bind.TypeAdapters$14                                   : loaded 2 times (x 75B)
Class com.google.common.base.Converter                                                : loaded 2 times (x 90B)
Class org.gradle.internal.classloader.ClassLoaderHierarchy                            : loaded 2 times (x 70B)
Class org.jetbrains.plugins.gradle.tooling.serialization.internal.IdeaProjectSerializationService$WriteContext$1: loaded 2 times (x 83B)
Class org.jetbrains.plugins.gradle.model.ExternalProject                              : loaded 2 times (x 70B)
Class kotlin.sequences.SequencesKt                                                    : loaded 2 times (x 71B)
Class kotlin.collections.CollectionsKt__IteratorsKt                                   : loaded 2 times (x 71B)
Class [Lcom.android.builder.model.v2.ide.CodeShrinker;                                : loaded 2 times (x 69B)
Class com.google.common.collect.AbstractMapBasedMultimap                              : loaded 2 times (x 139B)
Class com.google.common.util.concurrent.AbstractFuture                                : loaded 2 times (x 106B)
Class com.google.common.base.FunctionalEquivalence                                    : loaded 2 times (x 83B)
Class com.google.gson.Strictness                                                      : loaded 2 times (x 79B)
Class com.google.gson.internal.sql.SqlTypesSupport$1                                  : loaded 2 times (x 74B)
Class com.google.gson.internal.bind.TypeAdapters$2                                    : loaded 2 times (x 75B)
Class com.google.gson.internal.bind.TypeAdapters$15                                   : loaded 2 times (x 75B)
Class kotlin.collections.CollectionsKt__ReversedViewsKt                               : loaded 2 times (x 71B)
Class kotlin.sequences.SequencesKt__SequenceBuilderKt                                 : loaded 2 times (x 71B)
Class org.jetbrains.plugins.gradle.tooling.serialization.internal.IdeaProjectSerializationService$WriteContext$2: loaded 2 times (x 83B)
Class kotlin.text.StringsKt                                                           : loaded 2 times (x 71B)
Class org.objectweb.asm.RecordComponentVisitor                                        : loaded 2 times (x 77B)
Class com.google.common.cache.CacheLoader$SupplierToCacheLoader                       : loaded 2 times (x 75B)
Class com.google.gson.internal.sql.SqlTypesSupport$2                                  : loaded 2 times (x 74B)
Class com.google.gson.internal.bind.TypeAdapters$16                                   : loaded 2 times (x 75B)
Class com.google.gson.internal.bind.TypeAdapters$3                                    : loaded 2 times (x 75B)
Class org.jetbrains.plugins.gradle.tooling.serialization.AnnotationProcessingModelSerializationService$ReadContext: loaded 2 times (x 72B)
Class org.jetbrains.plugins.gradle.tooling.serialization.internal.IdeaProjectSerializationService$WriteContext$3: loaded 2 times (x 83B)
Class gnu.trove.TObjectHash$NULL                                                      : loaded 2 times (x 71B)
Class org.gradle.util.internal.DefaultGradleVersion$Stage                             : loaded 2 times (x 75B)
Class kotlin.coroutines.jvm.internal.RestrictedContinuationImpl                       : loaded 2 times (x 87B)
Class com.google.gson.internal.bind.TypeAdapters$17                                   : loaded 2 times (x 75B)
Class com.google.gson.internal.bind.TypeAdapters$4                                    : loaded 2 times (x 75B)
Class org.jetbrains.kotlin.idea.gradleTooling.AndroidAwareGradleModelProvider         : loaded 2 times (x 79B)
Class org.jetbrains.plugins.gradle.tooling.serialization.internal.IdeaProjectSerializationService$WriteContext$4: loaded 2 times (x 83B)
Class com.intellij.gradle.toolingExtension.impl.model.sourceSetDependencyModel.GradleSourceSetDependencySerialisationService$Companion: loaded 2 times (x 71B)
Class [Lkotlin.Pair;                                                                  : loaded 2 times (x 69B)
Class kotlin.text.StringsKt__StringNumberConversionsKt                                : loaded 2 times (x 71B)
Class kotlin.io.FilesKt__FileReadWriteKt                                              : loaded 2 times (x 71B)
Class com.google.common.collect.UsingToStringOrdering                                 : loaded 2 times (x 114B)
Class kotlin.text.MatchNamedGroupCollection                                           : loaded 2 times (x 70B)
Class kotlin.jvm.internal.markers.KMutableList                                        : loaded 2 times (x 70B)
Class org.gradle.internal.time.MonotonicClock                                         : loaded 2 times (x 77B)
Class org.gradle.internal.service.ServiceLookupException                              : loaded 2 times (x 82B)
Class com.google.gson.annotations.JsonAdapter                                         : loaded 2 times (x 70B)
Class com.google.common.collect.Lists$ReverseList                                     : loaded 2 times (x 200B)
Class [Lcom.google.common.cache.LocalCache$EntryFactory;                              : loaded 2 times (x 69B)
Class com.google.gson.internal.bind.SerializationDelegatingTypeAdapter                : loaded 2 times (x 74B)
Class com.google.gson.internal.bind.TypeAdapters$18                                   : loaded 2 times (x 75B)
Class com.google.gson.internal.bind.TypeAdapters$5                                    : loaded 2 times (x 75B)
Class com.intellij.gradle.toolingExtension.util.GradleVersionSpecificsUtil            : loaded 2 times (x 71B)
Class org.jetbrains.plugins.gradle.tooling.serialization.internal.IdeaProjectSerializationService$WriteContext$5: loaded 2 times (x 83B)
Class com.intellij.gradle.toolingExtension.impl.model.sourceSetDependencyModel.GradleSourceSetDependencySerialisationService$SourceSetDependencyModelWriteContext: loaded 2 times (x 72B)
Class kotlin.sequences.SequencesKt___SequencesKt$sortedWith$1                         : loaded 2 times (x 75B)
Class com.google.common.collect.ImmutableSortedSet                                    : loaded 2 times (x 300B)
Class org.gradle.internal.classloader.ClassLoaderFactory                              : loaded 2 times (x 70B)
Class com.google.common.base.CommonPattern                                            : loaded 2 times (x 74B)
Class kotlin.io.FilesKt__FileTreeWalkKt                                               : loaded 2 times (x 71B)
Class com.google.common.cache.LocalCache$LocalManualCache                             : loaded 2 times (x 99B)
Class com.google.gson.internal.bind.ReflectiveTypeAdapterFactory$FieldReflectionAdapter: loaded 2 times (x 77B)
Class com.google.gson.internal.bind.TypeAdapters$19                                   : loaded 2 times (x 75B)
Class com.google.gson.internal.bind.TypeAdapters$6                                    : loaded 2 times (x 75B)
Class org.jetbrains.plugins.gradle.tooling.serialization.internal.IdeaProjectSerializationService$WriteContext$6: loaded 2 times (x 83B)
Class org.jetbrains.plugins.gradle.tooling.util.IntObjectMap                          : loaded 2 times (x 73B)
Class org.gradle.internal.service.CachingServiceLocator                               : loaded 2 times (x 82B)
Class com.google.gson.annotations.SerializedName                                      : loaded 2 times (x 70B)
Class com.google.common.collect.AbstractMapBasedMultimap$KeySet                       : loaded 2 times (x 137B)
Class com.google.common.math.IntMath                                                  : loaded 2 times (x 71B)
Class com.google.gson.internal.bind.TypeAdapters$7                                    : loaded 2 times (x 75B)
Class org.jetbrains.plugins.gradle.model.RepositoryModels                             : loaded 2 times (x 70B)
Class org.jetbrains.plugins.gradle.tooling.serialization.internal.IdeaProjectSerializationService$WriteContext$7: loaded 2 times (x 83B)
Class com.google.common.collect.RegularImmutableSortedSet                             : loaded 2 times (x 300B)
Class kotlin.collections.AbstractList$SubList                                         : loaded 2 times (x 198B)
Class kotlin.jvm.internal.CallableReference                                           : loaded 2 times (x 106B)
Class com.google.gson.internal.bind.CollectionTypeAdapterFactory$Adapter              : loaded 2 times (x 74B)
Class com.google.gson.internal.bind.TypeAdapters$8                                    : loaded 2 times (x 75B)
Class com.google.common.collect.ImmutableMapEntry                                     : loaded 2 times (x 85B)
Class org.jetbrains.plugins.gradle.tooling.serialization.internal.IdeaProjectSerializationService$WriteContext$8: loaded 2 times (x 83B)
Class gnu.trove.TObjectIntProcedure                                                   : loaded 2 times (x 70B)
Class kotlin.ranges.IntRange                                                          : loaded 2 times (x 93B)
Class org.gradle.tooling.model.idea.IdeaDependencyScope                               : loaded 2 times (x 70B)
Class org.gradle.internal.time.TimeSource                                             : loaded 2 times (x 70B)
Class org.gradle.tooling.model.kotlin.dsl.KotlinDslScriptsModel                       : loaded 2 times (x 70B)
Class com.android.builder.model.v2.ide.TestInfo                                       : loaded 2 times (x 70B)
Class com.google.common.base.Equivalence                                              : loaded 2 times (x 82B)
Class com.google.gson.internal.bind.TypeAdapters$9                                    : loaded 2 times (x 75B)
Class kotlin.jvm.internal.CollectionToArray                                           : loaded 2 times (x 71B)
Class com.google.common.collect.ImmutableMapEntry$NonTerminalImmutableMapEntry        : loaded 2 times (x 85B)
Class org.jetbrains.plugins.gradle.tooling.serialization.SerializationService         : loaded 2 times (x 70B)
Class org.gradle.tooling.internal.gradle.GradleBuildIdentity                          : loaded 2 times (x 70B)
Class kotlin.enums.EnumEntries                                                        : loaded 2 times (x 70B)
Class com.android.builder.model.v2.ide.JavaCompileOptions                             : loaded 2 times (x 70B)
Class com.google.common.collect.IndexedImmutableSet$1                                 : loaded 2 times (x 213B)
Class com.google.common.cache.CacheBuilder$OneWeigher                                 : loaded 2 times (x 82B)
Class com.google.gson.JsonParseException                                              : loaded 2 times (x 82B)
Class kotlin.sequences.FilteringSequence$iterator$1                                   : loaded 2 times (x 79B)
Class org.jetbrains.plugins.gradle.tooling.serialization.internal.adapter.Supplier    : loaded 2 times (x 70B)
Class org.gradle.tooling.internal.adapter.ProtocolToModelAdapter$MixInMappingAction   : loaded 2 times (x 80B)
Class org.gradle.internal.exceptions.ResolutionProvider                               : loaded 2 times (x 70B)
Class kotlin.text.MatchResult$DefaultImpls                                            : loaded 2 times (x 71B)
Class org.gradle.tooling.model.idea.IdeaCompilerOutput                                : loaded 2 times (x 70B)
Class org.gradle.tooling.model.ProjectIdentifier                                      : loaded 2 times (x 70B)
Class org.gradle.internal.classloader.ClasspathUtil                                   : loaded 2 times (x 71B)
Class org.jetbrains.kotlin.tooling.core.HasExtras                                     : loaded 2 times (x 70B)
Class com.google.common.util.concurrent.Uninterruptibles                              : loaded 2 times (x 71B)
Class com.android.builder.model.v2.ide.ProjectType                                    : loaded 2 times (x 79B)
Class com.intellij.gradle.toolingExtension.impl.model.sourceSetModel.GradleSourceSetSerialisationService: loaded 2 times (x 77B)
Class kotlin.io.FileSystemException                                                   : loaded 2 times (x 82B)
Class com.android.builder.model.v2.dsl.BaseConfig                                     : loaded 2 times (x 70B)
Class com.google.common.util.concurrent.LazyLogger                                    : loaded 2 times (x 72B)
Class com.google.common.collect.Maps                                                  : loaded 2 times (x 71B)
Class org.gradle.internal.time.TimeSource$1                                           : loaded 2 times (x 77B)
Class kotlin.jvm.internal.DefaultConstructorMarker                                    : loaded 2 times (x 71B)
Class org.gradle.api.specs.Spec                                                       : loaded 2 times (x 70B)
Class com.google.gson.internal.sql.SqlDateTypeAdapter                                 : loaded 2 times (x 74B)
Class [Lcom.google.common.collect.ImmutableEntry;                                     : loaded 2 times (x 69B)
Class com.google.common.cache.LocalCache$LoadingValueReference                        : loaded 2 times (x 96B)
Class com.intellij.gradle.toolingExtension.impl.model.buildScriptClasspathModel.GradleBuildScriptClasspathSerializationService: loaded 2 times (x 77B)
Class com.google.common.base.Platform                                                 : loaded 2 times (x 71B)
Class com.google.gson.internal.bind.ReflectiveTypeAdapterFactory$RecordAdapter        : loaded 2 times (x 77B)
Class org.jetbrains.plugins.gradle.model.FileCollectionDependency                     : loaded 2 times (x 70B)
Class com.intellij.gradle.toolingExtension.impl.model.utilDummyModel.DummyModel       : loaded 2 times (x 70B)
Class kotlin.text.StringsKt__RegexExtensionsKt                                        : loaded 2 times (x 71B)
Class kotlin.collections.EmptyIterator                                                : loaded 2 times (x 89B)
Class org.gradle.internal.time.Clock                                                  : loaded 2 times (x 70B)
Class com.android.builder.model.v2.dsl.ProductFlavor                                  : loaded 2 times (x 70B)
Class [Lcom.android.builder.model.v2.ide.TestInfo$Execution;                          : loaded 2 times (x 69B)
Class com.google.gson.internal.reflect.ReflectionHelper$RecordNotSupportedHelper      : loaded 2 times (x 78B)
Class [Lorg.objectweb.asm.AnnotationWriter;                                           : loaded 2 times (x 69B)
Class com.google.gson.JsonIOException                                                 : loaded 2 times (x 82B)
Class com.google.common.collect.Maps$8                                                : loaded 2 times (x 82B)
Class org.jetbrains.plugins.gradle.model.GradleSourceSetDependencyModel               : loaded 2 times (x 70B)
Class com.google.common.collect.CompoundOrdering                                      : loaded 2 times (x 115B)
Class kotlin.sequences.SequencesKt__SequencesJVMKt                                    : loaded 2 times (x 71B)
Class kotlin.coroutines.jvm.internal.RestrictedSuspendLambda                          : loaded 2 times (x 91B)
Class org.gradle.tooling.internal.adapter.TypeInspector                               : loaded 2 times (x 73B)
Class org.gradle.tooling.internal.adapter.ProtocolToModelAdapter$NoOpDecoration       : loaded 2 times (x 79B)
Class org.gradle.tooling.model.Element                                                : loaded 2 times (x 70B)
Class kotlin.collections.AbstractList                                                 : loaded 2 times (x 197B)
Class kotlin.collections.AbstractCollection                                           : loaded 2 times (x 117B)
Class com.google.common.collect.Lists$ReverseList$1                                   : loaded 2 times (x 99B)
Class com.google.common.collect.Sets$SetView                                          : loaded 2 times (x 138B)
Class org.jetbrains.kotlin.tooling.core.Extras                                        : loaded 2 times (x 70B)
Class com.google.common.cache.LocalCache$StrongValueReference                         : loaded 2 times (x 90B)
Class com.intellij.gradle.toolingExtension.impl.model.taskModel.GradleTaskSerialisationService: loaded 2 times (x 76B)
Class com.android.ide.gradle.model.LegacyV1AgpVersionModel                            : loaded 2 times (x 70B)
Class kotlin.text.StringsKt__StringBuilderJVMKt                                       : loaded 2 times (x 71B)
Class com.google.common.collect.ImmutableRangeSet$Builder                             : loaded 2 times (x 77B)
Class kotlin.text.Regex                                                               : loaded 2 times (x 72B)
Class kotlin.sequences.SequencesKt__SequenceBuilderKt$sequence$$inlined$Sequence$1    : loaded 2 times (x 75B)
Class org.objectweb.asm.Type                                                          : loaded 2 times (x 72B)
Class com.google.gson.LongSerializationPolicy$1                                       : loaded 2 times (x 80B)
Class org.jetbrains.plugins.gradle.tooling.util.IntObjectMap$1                        : loaded 2 times (x 77B)
Class org.gradle.internal.classloader.VisitableURLClassLoader$InstrumentingVisitableURLClassLoader: loaded 2 times (x 123B)
Class com.android.builder.model.v2.ide.AndroidGradlePluginProjectFlags                : loaded 2 times (x 70B)
Class [Lcom.android.builder.model.v2.ide.AndroidGradlePluginProjectFlags$BooleanFlag; : loaded 2 times (x 69B)
Class com.android.builder.model.v2.ide.BasicVariant                                   : loaded 2 times (x 70B)
Class com.google.common.math.IntMath$1                                                : loaded 2 times (x 71B)
Class org.objectweb.asm.ByteVector                                                    : loaded 2 times (x 79B)
Class [Lcom.google.common.cache.CacheBuilder$NullListener;                            : loaded 2 times (x 69B)
Class com.google.gson.LongSerializationPolicy$2                                       : loaded 2 times (x 80B)
Class kotlin.comparisons.ComparisonsKt__ComparisonsKt                                 : loaded 2 times (x 71B)
Class kotlin.ranges.RangesKt__RangesKt                                                : loaded 2 times (x 71B)
Class kotlin.collections.SetsKt___SetsKt                                              : loaded 2 times (x 71B)
Class kotlin.sequences.SequencesKt__SequencesKt                                       : loaded 2 times (x 71B)
Class kotlin.coroutines.Continuation                                                  : loaded 2 times (x 70B)
Class org.gradle.internal.classloader.VisitableURLClassLoader$Spec                    : loaded 2 times (x 74B)
Class org.gradle.internal.classpath.DefaultClassPath                                  : loaded 2 times (x 90B)
Class com.android.builder.model.v2.ide.BundleInfo                                     : loaded 2 times (x 70B)
Class com.android.builder.model.v2.ide.SourceProvider                                 : loaded 2 times (x 70B)
Class org.objectweb.asm.Symbol                                                        : loaded 2 times (x 73B)
Class org.jetbrains.plugins.gradle.model.GradleBuildScriptClasspathModel              : loaded 2 times (x 70B)
Class kotlin.sequences.FilteringSequence                                              : loaded 2 times (x 75B)
Class kotlin.text.CharsKt__CharJVMKt                                                  : loaded 2 times (x 71B)
Class kotlin.comparisons.ComparisonsKt                                                : loaded 2 times (x 71B)
Class kotlin.comparisons.ComparisonsKt___ComparisonsKt                                : loaded 2 times (x 71B)
Class kotlin.coroutines.jvm.internal.BaseContinuationImpl                             : loaded 2 times (x 87B)
Class kotlin.Result$Companion                                                         : loaded 2 times (x 71B)
Class org.gradle.util.internal.DefaultGradleVersion                                   : loaded 2 times (x 82B)
Class com.google.common.base.CharMatcher$BitSetMatcher                                : loaded 2 times (x 112B)
Class [Lcom.google.gson.Strictness;                                                   : loaded 2 times (x 69B)
Class com.google.gson.reflect.TypeToken                                               : loaded 2 times (x 75B)
Class com.intellij.gradle.toolingExtension.impl.model.sourceSetModel.GradleSourceSetSerialisationService$Companion: loaded 2 times (x 71B)
Class com.google.common.collect.RegularImmutableMap$Values                            : loaded 2 times (x 207B)
Class org.gradle.internal.classloader.ClassLoaderSpec                                 : loaded 2 times (x 71B)
Class org.objectweb.asm.AnnotationWriter                                              : loaded 2 times (x 79B)
Class com.google.common.cache.CacheStats                                              : loaded 2 times (x 71B)
Class com.google.gson.internal.sql.SqlTimestampTypeAdapter$1                          : loaded 2 times (x 75B)
Class com.google.gson.JsonPrimitive                                                   : loaded 2 times (x 93B)
Class kotlin.jvm.internal.FunctionReferenceImpl                                       : loaded 2 times (x 122B)
Class kotlin.collections.CollectionsKt___CollectionsJvmKt                             : loaded 2 times (x 71B)
Class [Lcom.google.gson.ReflectionAccessFilter$FilterResult;                          : loaded 2 times (x 69B)
Class org.objectweb.asm.RecordComponentWriter                                         : loaded 2 times (x 78B)
Class [Lcom.android.builder.model.v2.ide.ProjectType;                                 : loaded 2 times (x 69B)
Class com.google.common.util.concurrent.AbstractFuture$Listener                       : loaded 2 times (x 72B)
Class com.google.common.base.CharMatcher$Or                                           : loaded 2 times (x 112B)
Class com.google.gson.JsonElement                                                     : loaded 2 times (x 92B)
Class Settings_gradle$1$1                                                             : loaded 2 times (x 74B)
Class sync_studio_tooling7_2tlcuqi9t2swqslp2jenhfs6a                                  : loaded 2 times (x 171B)
Class kotlin.TuplesKt                                                                 : loaded 2 times (x 71B)
Class kotlin.jvm.internal.markers.KMutableIterable                                    : loaded 2 times (x 70B)
Class kotlin.Unit                                                                     : loaded 2 times (x 71B)
Class kotlin.sequences.SequencesKt___SequencesJvmKt                                   : loaded 2 times (x 71B)
Class org.gradle.tooling.internal.adapter.ProtocolToModelAdapter$DefaultViewBuilder   : loaded 2 times (x 80B)
Class [Lcom.android.builder.model.v2.ide.AaptOptions$Namespacing;                     : loaded 2 times (x 69B)
Class org.objectweb.asm.Attribute                                                     : loaded 2 times (x 77B)
Class com.google.common.base.Supplier                                                 : loaded 2 times (x 70B)
Class com.google.gson.internal.bind.CollectionTypeAdapterFactory                      : loaded 2 times (x 75B)
Class kotlin.ranges.RangesKt                                                          : loaded 2 times (x 71B)
Class org.gradle.tooling.internal.adapter.ProtocolToModelAdapter$ViewGraphDetails$1   : loaded 2 times (x 77B)
Class org.gradle.internal.classloader.VisitableURLClassLoader                         : loaded 2 times (x 117B)
Class com.android.ide.common.repository.AgpVersion$Companion                          : loaded 2 times (x 71B)
Class Settings_gradle                                                                 : loaded 2 times (x 124B)
Class org.jetbrains.plugins.gradle.tooling.serialization.ExternalTestsSerializationService$ReadContext: loaded 2 times (x 72B)
Class kotlin.sequences.FlatteningSequence$iterator$1                                  : loaded 2 times (x 79B)
Class kotlin.jvm.functions.Function0                                                  : loaded 2 times (x 70B)
Class kotlin.collections.ArraysUtilJVM                                                : loaded 2 times (x 71B)
Class com.google.common.base.CharMatcher$IsEither                                     : loaded 2 times (x 111B)
Class org.gradle.internal.classloader.FilteringClassLoader                            : loaded 2 times (x 105B)
Class org.gradle.tooling.model.idea.IdeaDependency                                    : loaded 2 times (x 70B)
Class com.android.builder.model.v2.ide.AaptOptions                                    : loaded 2 times (x 70B)
Class [Lcom.android.builder.model.v2.ide.BytecodeTransformation;                      : loaded 2 times (x 69B)
Class com.google.common.base.Strings                                                  : loaded 2 times (x 71B)
Class com.google.common.collect.Sets                                                  : loaded 2 times (x 71B)
Class org.objectweb.asm.Handler                                                       : loaded 2 times (x 72B)
Class com.google.common.base.CharMatcher$FastMatcher                                  : loaded 2 times (x 111B)
Class com.google.common.base.Ticker                                                   : loaded 2 times (x 72B)
Class com.google.gson.internal.bind.TreeTypeAdapter                                   : loaded 2 times (x 75B)
Class com.google.gson.internal.sql.SqlTimeTypeAdapter                                 : loaded 2 times (x 74B)
Class kotlin.collections.AbstractMutableList                                          : loaded 2 times (x 206B)
Class kotlin.jvm.functions.Function1                                                  : loaded 2 times (x 70B)
Class com.android.builder.model.v2.models.ndk.NativeModelBuilderParameter             : loaded 2 times (x 70B)
Class [Lcom.google.common.cache.LocalCache$Segment;                                   : loaded 2 times (x 69B)
Class kotlin.NotImplementedError                                                      : loaded 2 times (x 82B)
Class [Lcom.google.common.cache.LocalCache$Strength;                                  : loaded 2 times (x 69B)
Class com.google.common.cache.CacheBuilder$1                                          : loaded 2 times (x 85B)
Class com.google.gson.internal.bind.TypeAdapters$20                                   : loaded 2 times (x 75B)
Class com.google.common.collect.ImmutableMap                                          : loaded 2 times (x 120B)
Class org.jetbrains.plugins.gradle.tooling.serialization.internal.IdeaProjectSerializationService$WriteContext: loaded 2 times (x 72B)
Class com.intellij.gradle.toolingExtension.impl.model.sourceSetDependencyModel.GradleSourceSetDependencySerialisationService: loaded 2 times (x 77B)
Class org.jetbrains.plugins.gradle.model.GradleSourceSetModel                         : loaded 2 times (x 70B)
Class kotlin.KotlinNothingValueException                                              : loaded 2 times (x 82B)
Class kotlin.jvm.functions.Function2                                                  : loaded 2 times (x 70B)
Class org.gradle.internal.classpath.DefaultClassPath$ImmutableUniqueList$Builder      : loaded 2 times (x 75B)
Class com.google.common.base.CharMatcher$NegatedFastMatcher                           : loaded 2 times (x 113B)
Class com.google.common.cache.LocalCache                                              : loaded 2 times (x 187B)
Class com.google.common.cache.CacheBuilder$2                                          : loaded 2 times (x 79B)
Class com.google.gson.internal.bind.TypeAdapters$21                                   : loaded 2 times (x 75B)
Class com.google.gson.FieldNamingPolicy$1                                             : loaded 2 times (x 83B)
Class com.android.ide.gradle.model.dependencies.Coordinates                           : loaded 2 times (x 70B)
Class com.google.common.collect.AbstractRangeSet                                      : loaded 2 times (x 114B)
Class kotlin.collections.MapsKt___MapsJvmKt                                           : loaded 2 times (x 71B)
Class org.gradle.tooling.internal.adapter.WeakIdentityHashMap$AbsentValueProvider     : loaded 2 times (x 70B)
Class com.google.common.collect.ArrayListMultimap                                     : loaded 2 times (x 172B)
Class com.google.common.cache.CacheBuilder$3                                          : loaded 2 times (x 72B)
Class com.google.gson.internal.bind.TypeAdapters$22                                   : loaded 2 times (x 75B)
Class com.google.gson.FieldNamingPolicy$2                                             : loaded 2 times (x 83B)
Class com.google.gson.internal.Excluder$1                                             : loaded 2 times (x 74B)
Class [Lcom.google.common.collect.AbstractMapEntry;                                   : loaded 2 times (x 69B)
Class com.google.common.collect.ImmutableEntry                                        : loaded 2 times (x 82B)
Class gnu.trove.TObjectHash                                                           : loaded 2 times (x 94B)
Class org.jetbrains.plugins.gradle.tooling.util.ObjectCollector$Processor             : loaded 2 times (x 70B)
Class kotlin.jvm.functions.Function4                                                  : loaded 2 times (x 70B)
Class kotlin.collections.EmptySet                                                     : loaded 2 times (x 122B)
Class kotlin.annotation.Target                                                        : loaded 2 times (x 70B)
Class kotlin.collections.CollectionsKt___CollectionsKt                                : loaded 2 times (x 71B)
Class kotlin.sequences.FlatteningSequence                                             : loaded 2 times (x 75B)
Class org.gradle.internal.exceptions.NonGradleCauseExceptionsHolder                   : loaded 2 times (x 70B)
Class org.gradle.tooling.model.idea.IdeaModuleDependency                              : loaded 2 times (x 70B)
Class org.gradle.tooling.internal.adapter.ViewBuilder                                 : loaded 2 times (x 70B)
Class com.android.builder.model.v2.ide.ApiVersion                                     : loaded 2 times (x 70B)
Class com.google.gson.internal.bind.TypeAdapters$23                                   : loaded 2 times (x 75B)
Class com.google.gson.FieldNamingPolicy$3                                             : loaded 2 times (x 83B)
Class com.google.common.collect.CollectPreconditions                                  : loaded 2 times (x 71B)
Class org.jetbrains.plugins.gradle.model.AnnotationProcessingConfig                   : loaded 2 times (x 70B)
Class gnu.trove.Equality                                                              : loaded 2 times (x 70B)
Class ijInit1_5uw22s6ndsfau100zbogb21re$_run_closure1                                 : loaded 2 times (x 140B)
Class kotlin.text.StringsKt___StringsJvmKt                                            : loaded 2 times (x 71B)
Class kotlin.reflect.KDeclarationContainer                                            : loaded 2 times (x 70B)
Class kotlin.annotation.Retention                                                     : loaded 2 times (x 70B)
Class com.android.builder.model.v2.models.Versions$Version                            : loaded 2 times (x 70B)
Class com.google.gson.internal.bind.TypeAdapters$24                                   : loaded 2 times (x 75B)
Class com.google.gson.FieldNamingPolicy$4                                             : loaded 2 times (x 83B)
Class com.google.common.collect.SortedMapDifference                                   : loaded 2 times (x 70B)
Class org.jetbrains.plugins.gradle.tooling.ModelBuilderService$Parameter              : loaded 2 times (x 70B)
Class kotlin.io.FilesKt                                                               : loaded 2 times (x 71B)
Class kotlin.collections.MapsKt___MapsKt                                              : loaded 2 times (x 71B)
Class kotlin.collections.ArraysKt___ArraysKt                                          : loaded 2 times (x 71B)
Class com.google.common.cache.LocalCache$WriteThroughEntry                            : loaded 2 times (x 79B)
Class com.google.common.cache.LocalCache$HashIterator                                 : loaded 2 times (x 86B)
Class com.google.common.cache.LocalCache$EntryFactory                                 : loaded 2 times (x 83B)
Class com.google.gson.internal.bind.TypeAdapters$25                                   : loaded 2 times (x 75B)
Class com.google.gson.FieldNamingPolicy$5                                             : loaded 2 times (x 83B)
Class gnu.trove.TObjectHashingStrategy                                                : loaded 2 times (x 70B)
Class kotlin.collections.MapsKt__MapWithDefaultKt                                     : loaded 2 times (x 71B)
Class org.gradle.tooling.internal.adapter.ProtocolToModelAdapter$ReflectionMethodInvoker: loaded 2 times (x 76B)
Class org.jetbrains.kotlin.tooling.core.HasMutableExtras                              : loaded 2 times (x 70B)
Class com.google.common.cache.LocalCache$AbstractReferenceEntry                       : loaded 2 times (x 107B)
Class com.google.gson.internal.bind.ArrayTypeAdapter                                  : loaded 2 times (x 74B)
Class com.google.gson.internal.bind.TypeAdapters$26                                   : loaded 2 times (x 75B)
Class com.google.gson.FieldNamingPolicy$6                                             : loaded 2 times (x 83B)
Class kotlin.text.StringsKt___StringsKt                                               : loaded 2 times (x 71B)
Class com.google.common.collect.NullsLastOrdering                                     : loaded 2 times (x 115B)
Class kotlin.collections.CollectionsKt__MutableCollectionsJVMKt                       : loaded 2 times (x 71B)
Class kotlin.text.MatcherMatchResult                                                  : loaded 2 times (x 80B)
Class kotlin.enums.EnumEntriesKt                                                      : loaded 2 times (x 71B)
Class com.google.gson.internal.reflect.ReflectionHelper                               : loaded 2 times (x 71B)
Class com.android.builder.model.v2.models.VariantDependencies                         : loaded 2 times (x 70B)
Class org.objectweb.asm.SymbolTable                                                   : loaded 2 times (x 72B)
Class com.google.common.cache.CacheLoader$InvalidCacheLoadException                   : loaded 2 times (x 82B)
Class com.google.gson.internal.bind.TypeAdapters$27                                   : loaded 2 times (x 75B)
Class com.google.gson.FieldNamingPolicy$7                                             : loaded 2 times (x 83B)
Class kotlin.text.MatchGroupCollection                                                : loaded 2 times (x 70B)
Class com.intellij.gradle.toolingExtension.model.repositoryModel.ProjectRepositoriesModel: loaded 2 times (x 70B)
Class org.jetbrains.plugins.gradle.model.GradleProperty                               : loaded 2 times (x 70B)
Class gnu.trove.TObjectCanonicalHashingStrategy                                       : loaded 2 times (x 78B)
Class com.google.common.collect.ImmutableRangeSet$ComplementRanges                    : loaded 2 times (x 207B)
Class org.gradle.internal.classloader.SystemClassLoaderSpec                           : loaded 2 times (x 71B)
Class com.android.builder.model.v2.ide.TestedTargetVariant                            : loaded 2 times (x 70B)
Class com.google.common.cache.LocalCache$StrongEntry                                  : loaded 2 times (x 108B)
Class com.google.common.util.concurrent.AbstractFuture$TrustedFuture                  : loaded 2 times (x 114B)
Class com.google.common.cache.LoadingCache                                            : loaded 2 times (x 70B)
Class [Lcom.google.gson.LongSerializationPolicy;                                      : loaded 2 times (x 69B)
Class kotlin.ranges.IntRange$Companion                                                : loaded 2 times (x 71B)
Class kotlin.text.MatcherMatchResult$groups$1                                         : loaded 2 times (x 151B)
Class kotlin.collections.EmptyMap                                                     : loaded 2 times (x 108B)
Class kotlin.reflect.KAnnotatedElement                                                : loaded 2 times (x 70B)
Class kotlin.jvm.internal.markers.KMutableCollection                                  : loaded 2 times (x 70B)
Class kotlin.coroutines.intrinsics.IntrinsicsKt                                       : loaded 2 times (x 71B)
Class org.gradle.internal.exceptions.MultiCauseException                              : loaded 2 times (x 70B)
Class org.gradle.internal.time.CountdownTimer                                         : loaded 2 times (x 70B)
Class kotlin.jvm.internal.Intrinsics                                                  : loaded 2 times (x 71B)
Class org.objectweb.asm.MethodWriter                                                  : loaded 2 times (x 106B)
Class [Lcom.google.common.cache.Weigher;                                              : loaded 2 times (x 69B)
Class com.google.gson.internal.bind.MapTypeAdapterFactory                             : loaded 2 times (x 75B)
Class com.google.gson.internal.bind.TypeAdapters$29                                   : loaded 2 times (x 75B)
Class com.google.gson.JsonNull                                                        : loaded 2 times (x 92B)
Class com.google.common.collect.RegularImmutableMap$BucketOverflowException           : loaded 2 times (x 82B)
Class com.intellij.gradle.toolingExtension.impl.model.projectModel.GradleExternalProjectSerializationService$ReadContext: loaded 2 times (x 73B)
Class com.intellij.gradle.toolingExtension.impl.model.dependencyModel.DependencyWriteContext: loaded 2 times (x 72B)
Class kotlin.collections.MapsKt                                                       : loaded 2 times (x 71B)
Class kotlin.coroutines.intrinsics.CoroutineSingletons                                : loaded 2 times (x 79B)
Class kotlin.collections.CollectionsKt__IterablesKt                                   : loaded 2 times (x 71B)
Class org.gradle.tooling.model.ProjectModel                                           : loaded 2 times (x 70B)
Class kotlin.ranges.OpenEndRange                                                      : loaded 2 times (x 70B)
Class kotlin.sequences.SequenceBuilderIterator                                        : loaded 2 times (x 85B)
Class kotlin.KotlinNullPointerException                                               : loaded 2 times (x 83B)
Class com.android.ide.common.repository.AgpVersion$Companion$WhenMappings             : loaded 2 times (x 71B)
Class com.google.common.collect.RegularImmutableBiMap                                 : loaded 2 times (x 149B)
Class com.google.common.base.CharMatcher$Negated                                      : loaded 2 times (x 113B)
Class com.google.common.base.CharMatcher$Is                                           : loaded 2 times (x 111B)
Class com.google.common.cache.LocalCache$ValueReference                               : loaded 2 times (x 70B)
Class com.google.gson.internal.bind.DefaultDateTypeAdapter$DateType$1                 : loaded 2 times (x 73B)
Class org.jetbrains.plugins.gradle.model.tests.ExternalTestsModel                     : loaded 2 times (x 70B)
Class kotlin.ranges.RangesKt___RangesKt                                               : loaded 2 times (x 71B)
Class org.gradle.tooling.model.idea.IdeaLanguageLevel                                 : loaded 2 times (x 70B)
Class org.gradle.tooling.internal.adapter.ProtocolToModelAdapter$SafeMethodInvoker    : loaded 2 times (x 76B)
Class org.gradle.tooling.internal.adapter.WeakIdentityHashMap$WeakKey                 : loaded 2 times (x 79B)
Class org.gradle.internal.exceptions.DefaultMultiCauseException                       : loaded 2 times (x 95B)
Class com.google.common.base.PatternCompiler                                          : loaded 2 times (x 70B)
Class com.google.common.util.concurrent.AbstractFuture$Failure                        : loaded 2 times (x 72B)
Class com.google.common.base.Equivalence$Equals                                       : loaded 2 times (x 82B)
Class com.google.gson.internal.LazilyParsedNumber                                     : loaded 2 times (x 78B)
Class com.google.common.collect.Hashing                                               : loaded 2 times (x 71B)
Class kotlin.text.StringsKt__StringsKt                                                : loaded 2 times (x 71B)
Class com.intellij.gradle.toolingExtension.impl.model.projectModel.GradleExternalProjectSerializationService: loaded 2 times (x 77B)
Class kotlin.text.CharsKt__CharKt                                                     : loaded 2 times (x 71B)
Class kotlin.collections.ArrayDeque$Companion                                         : loaded 2 times (x 71B)
Class kotlin.collections.ArraysKt                                                     : loaded 2 times (x 71B)
Class org.gradle.tooling.model.HierarchicalElement                                    : loaded 2 times (x 70B)
Class com.android.builder.model.v2.dsl.DependenciesInfo                               : loaded 2 times (x 70B)
Class com.android.ide.gradle.model.dependencies.DeclaredDependencies                  : loaded 2 times (x 70B)
Class org.objectweb.asm.Label                                                         : loaded 2 times (x 73B)
Class org.objectweb.asm.CurrentFrame                                                  : loaded 2 times (x 73B)
Class org.objectweb.asm.ClassTooLargeException                                        : loaded 2 times (x 83B)
Class com.google.common.base.CharMatcher                                              : loaded 2 times (x 111B)
Class com.google.gson.stream.JsonReader                                               : loaded 2 times (x 97B)
Class org.jetbrains.plugins.gradle.tooling.serialization.internal.IdeaProjectSerializationService$ReadContext: loaded 2 times (x 72B)
Class org.jetbrains.plugins.gradle.tooling.serialization.ExternalTestsSerializationService: loaded 2 times (x 77B)
Class com.google.common.collect.ByFunctionOrdering                                    : loaded 2 times (x 115B)
Class kotlin.collections.SetsKt__SetsKt                                               : loaded 2 times (x 71B)
Class kotlin.coroutines.EmptyCoroutineContext                                         : loaded 2 times (x 77B)
Class org.gradle.internal.time.Time                                                   : loaded 2 times (x 71B)
Class com.google.gson.internal.reflect.ReflectionHelper$RecordSupportedHelper         : loaded 2 times (x 78B)
Class com.android.builder.model.v2.models.ProjectGraph                                : loaded 2 times (x 70B)
Class com.google.common.collect.RegularImmutableMap$KeySet                            : loaded 2 times (x 152B)
Class org.objectweb.asm.Frame                                                         : loaded 2 times (x 73B)
Class org.objectweb.asm.MethodVisitor                                                 : loaded 2 times (x 105B)
Class com.google.common.base.CharMatcher$1                                            : loaded 2 times (x 113B)
Class com.google.common.base.CharMatcher$NamedFastMatcher                             : loaded 2 times (x 112B)
Class com.google.common.cache.LocalCache$EntryFactory$1                               : loaded 2 times (x 83B)
Class [Lcom.google.common.cache.RemovalListener;                                      : loaded 2 times (x 69B)
Class com.android.ide.common.repository.AgpVersion$PreviewKind                        : loaded 2 times (x 79B)
Class org.jetbrains.plugins.gradle.tooling.serialization.AnnotationProcessingModelSerializationService: loaded 2 times (x 77B)
Class com.google.common.collect.RangeGwtSerializationDependencies                     : loaded 2 times (x 71B)
Class kotlin.collections.ArraysKt__ArraysJVMKt                                        : loaded 2 times (x 71B)
Class com.google.common.cache.LocalCache$EntryFactory$2                               : loaded 2 times (x 83B)
Class com.google.gson.internal.bind.JsonAdapterAnnotationTypeAdapterFactory           : loaded 2 times (x 75B)
Class org.jetbrains.plugins.gradle.model.DependencyAccessorsModel                     : loaded 2 times (x 70B)
Class [Lcom.intellij.openapi.externalSystem.model.project.dependencies.ResolutionState;: loaded 2 times (x 69B)
Class gnu.trove.TObjectIntHashMap                                                     : loaded 2 times (x 109B)
Class kotlin.text.StringsKt__StringBuilderKt                                          : loaded 2 times (x 71B)
Class com.google.common.collect.RangeSet                                              : loaded 2 times (x 70B)
Class kotlin.jvm.internal.CallableReference$NoReceiver                                : loaded 2 times (x 71B)
Class org.gradle.api.internal.classpath.GlobalCacheRootsProvider                      : loaded 2 times (x 70B)
Class org.objectweb.asm.ModuleWriter                                                  : loaded 2 times (x 82B)
Class com.google.common.cache.LocalCache$EntryFactory$3                               : loaded 2 times (x 83B)
Class com.google.common.base.Ticker$1                                                 : loaded 2 times (x 72B)
Class com.google.gson.internal.bind.NumberTypeAdapter                                 : loaded 2 times (x 74B)
Class com.google.common.collect.Maps$BiMapConverter                                   : loaded 2 times (x 90B)
Class com.google.common.collect.ImmutableMapEntrySet$RegularEntrySet                  : loaded 2 times (x 152B)
Class org.jetbrains.kotlin.idea.gradleTooling.KotlinMPPGradleModel                    : loaded 2 times (x 70B)
Class com.intellij.gradle.toolingExtension.impl.model.dependencyDownloadPolicyModel.GradleDependencyDownloadPolicy: loaded 2 times (x 70B)
Class org.gradle.tooling.model.BuildIdentifier                                        : loaded 2 times (x 70B)
Class kotlin.NoWhenBranchMatchedException                                             : loaded 2 times (x 82B)
Class com.android.builder.model.v2.ide.VectorDrawablesOptions                         : loaded 2 times (x 70B)
Class com.google.common.collect.ImmutableSet$Builder                                  : loaded 2 times (x 85B)
Class com.google.common.base.CharMatcher$InRange                                      : loaded 2 times (x 111B)
Class com.google.common.cache.LocalCache$EntryFactory$4                               : loaded 2 times (x 83B)
Class com.google.gson.ToNumberPolicy$1                                                : loaded 2 times (x 83B)
Class [Lcom.google.gson.FieldNamingStrategy;                                          : loaded 2 times (x 69B)
Class com.google.gson.internal.Excluder                                               : loaded 2 times (x 75B)
Class org.jetbrains.kotlin.idea.gradleTooling.PrepareKotlinIdeImportTaskModel         : loaded 2 times (x 70B)
Class com.google.gson.internal.ReflectionAccessFilterHelper                           : loaded 2 times (x 71B)
Class com.google.gson.internal.reflect.ReflectionHelper$RecordHelper                  : loaded 2 times (x 75B)
Class com.android.builder.model.v2.models.VariantDependenciesFlatList                 : loaded 2 times (x 70B)
Class com.google.common.cache.LocalCache$EntryFactory$5                               : loaded 2 times (x 83B)
Class com.google.gson.ToNumberPolicy$2                                                : loaded 2 times (x 83B)
Class com.android.ide.gradle.model.GradlePluginModel                                  : loaded 2 times (x 70B)
Class com.google.common.collect.ReverseOrdering                                       : loaded 2 times (x 115B)
Class org.gradle.tooling.model.build.JavaEnvironment                                  : loaded 2 times (x 70B)
Class com.google.gson.internal.bind.ObjectTypeAdapter$1                               : loaded 2 times (x 76B)
Class com.android.builder.model.v2.ide.SourceSetContainer                             : loaded 2 times (x 70B)
Class com.google.gson.internal.bind.ReflectiveTypeAdapterFactory$FieldsData           : loaded 2 times (x 72B)
Class com.google.common.cache.LocalCache$EntryFactory$6                               : loaded 2 times (x 83B)
Class com.google.gson.ToNumberPolicy$3                                                : loaded 2 times (x 83B)
Class org.gradle.internal.time.Timer                                                  : loaded 2 times (x 70B)
Class kotlin.jvm.internal.markers.KMappedMarker                                       : loaded 2 times (x 70B)
Class org.gradle.internal.installation.CurrentGradleInstallationLocator               : loaded 2 times (x 71B)
Class com.android.builder.model.v2.ide.LintOptions                                    : loaded 2 times (x 70B)
Class com.google.common.collect.Maps$KeySet                                           : loaded 2 times (x 137B)
Class com.google.common.collect.ImmutableSet$EmptySetBuilderImpl                      : loaded 2 times (x 76B)
Class com.google.common.cache.LocalCache$EntryFactory$7                               : loaded 2 times (x 83B)
Class com.google.gson.ToNumberPolicy$4                                                : loaded 2 times (x 83B)
Class com.google.common.base.Equivalence$Identity                                     : loaded 2 times (x 82B)
Class org.gradle.tooling.internal.adapter.ProtocolToModelAdapter$ViewGraphDetails     : loaded 2 times (x 72B)
Class org.gradle.tooling.model.idea.IdeaProject                                       : loaded 2 times (x 70B)
Class org.gradle.tooling.model.DomainObjectSet                                        : loaded 2 times (x 70B)
Class org.gradle.internal.service.DefaultServiceLocator                               : loaded 2 times (x 83B)
Class com.android.builder.model.v2.ide.BasicArtifact                                  : loaded 2 times (x 70B)
Class com.google.common.cache.LocalCache$EntryFactory$8                               : loaded 2 times (x 83B)
Class com.google.gson.internal.sql.SqlTypesSupport                                    : loaded 2 times (x 71B)
Class com.google.gson.Gson                                                            : loaded 2 times (x 72B)
Class com.google.common.base.PairwiseEquivalence                                      : loaded 2 times (x 83B)
Class kotlin.coroutines.jvm.internal.SuspendFunction                                  : loaded 2 times (x 70B)
Class org.gradle.util.GradleVersion                                                   : loaded 2 times (x 81B)
Class org.gradle.internal.installation.CurrentGradleInstallation                      : loaded 2 times (x 73B)
Class com.google.common.cache.CacheLoader$1                                           : loaded 2 times (x 75B)
Class com.google.common.collect.ForwardingObject                                      : loaded 2 times (x 72B)
Class com.google.gson.Gson$1                                                          : loaded 2 times (x 76B)
Class com.google.gson.Gson$FutureTypeAdapter                                          : loaded 2 times (x 76B)
Class org.jetbrains.plugins.gradle.javaModel.JavaGradleManifestModel                  : loaded 2 times (x 70B)
Class org.jetbrains.plugins.gradle.tooling.serialization.GradleExtensionsSerializationService$WriteContext: loaded 2 times (x 72B)
Class com.intellij.gradle.toolingExtension.impl.model.taskModel.GradleTaskSerialisationService$Companion: loaded 2 times (x 71B)
Class kotlin.jvm.internal.StringCompanionObject                                       : loaded 2 times (x 71B)
Class kotlin.coroutines.intrinsics.IntrinsicsKt__IntrinsicsJvmKt                      : loaded 2 times (x 71B)
Class kotlin.coroutines.jvm.internal.CoroutineStackFrame                              : loaded 2 times (x 70B)
Class org.gradle.tooling.internal.adapter.ProtocolToModelAdapter$MethodInvocationCache$MethodInvocationKey: loaded 2 times (x 73B)
Class org.gradle.util.internal.GUtil                                                  : loaded 2 times (x 71B)
Class com.google.common.cache.AbstractCache$StatsCounter                              : loaded 2 times (x 70B)
Class com.google.gson.Gson$2                                                          : loaded 2 times (x 76B)
Class com.intellij.gradle.toolingExtension.impl.model.utilTurnOffDefaultTasksModel.TurnOffDefaultTasks: loaded 2 times (x 70B)
Class com.intellij.gradle.toolingExtension.impl.model.sourceSetModel.GradleSourceSetSerialisationService$SourceSetModelReadContext: loaded 2 times (x 72B)
Class kotlin.io.NoSuchFileException                                                   : loaded 2 times (x 82B)
Class kotlin.collections.CollectionsKt                                                : loaded 2 times (x 71B)
Class com.android.builder.model.v2.dsl.BuildType                                      : loaded 2 times (x 70B)
Class com.google.gson.internal.bind.ReflectiveTypeAdapterFactory$BoundField           : loaded 2 times (x 75B)
Class com.google.gson.Gson$3                                                          : loaded 2 times (x 75B)
Class com.google.common.base.CharMatcher$IsNot                                        : loaded 2 times (x 111B)
Class com.android.builder.model.v2.ide.ViewBindingOptions                             : loaded 2 times (x 70B)
Class com.intellij.gradle.toolingExtension.impl.model.sourceSetModel.GradleSourceSetSerialisationService$SourceSetModelWriteContext: loaded 2 times (x 72B)
Class kotlin.ranges.IntProgressionIterator                                            : loaded 2 times (x 82B)
Class kotlin.coroutines.CoroutineContext                                              : loaded 2 times (x 70B)
Class kotlin.coroutines.jvm.internal.DebugProbesKt                                    : loaded 2 times (x 71B)
Class org.gradle.tooling.internal.adapter.WeakIdentityHashMap                         : loaded 2 times (x 76B)
Class org.gradle.tooling.GradleConnectionException                                    : loaded 2 times (x 83B)
Class org.gradle.tooling.internal.adapter.ProtocolToModelAdapter$1                    : loaded 2 times (x 75B)
Class org.gradle.tooling.internal.adapter.ProtocolToModelAdapter$ViewDecoration       : loaded 2 times (x 70B)
Class org.gradle.internal.installation.GradleInstallation                             : loaded 2 times (x 75B)
Class com.google.common.collect.Iterables                                             : loaded 2 times (x 71B)
Class com.google.gson.internal.bind.DefaultDateTypeAdapter$1                          : loaded 2 times (x 75B)
Class com.google.gson.Gson$4                                                          : loaded 2 times (x 76B)
Class com.google.gson.internal.ConstructorConstructor                                 : loaded 2 times (x 72B)
Class org.jetbrains.plugins.gradle.tooling.serialization.GradleExtensionsSerializationService$ReadContext: loaded 2 times (x 72B)
Class com.google.common.collect.LexicographicalOrdering                               : loaded 2 times (x 115B)
Class org.gradle.tooling.internal.adapter.MethodInvoker                               : loaded 2 times (x 70B)
Class com.google.gson.ReflectionAccessFilter$FilterResult                             : loaded 2 times (x 79B)
Class com.google.common.collect.Lists$RandomAccessReverseList                         : loaded 2 times (x 200B)
Class com.google.gson.Gson$5                                                          : loaded 2 times (x 76B)
Class org.jetbrains.plugins.gradle.tooling.serialization.RepositoriesModelSerializationService$WriteContext: loaded 2 times (x 72B)
Class com.android.ide.gradle.model.LegacyAndroidGradlePluginProperties                : loaded 2 times (x 70B)
Class kotlin.ranges.IntProgression                                                    : loaded 2 times (x 81B)
Class kotlin.jvm.KotlinReflectionNotSupportedError                                    : loaded 2 times (x 82B)
Class org.gradle.tooling.model.gradle.GradleScript                                    : loaded 2 times (x 70B)

---------------  S Y S T E M  ---------------

OS:
 Windows 11 , 64 bit Build 26100 (10.0.26100.8246)
OS uptime: 7 days 23:42 hours
Hyper-V role detected

CPU: total 12 (initial active 12) (12 cores per cpu, 2 threads per core) family 23 model 104 stepping 1 microcode 0x8608103, cx8, cmov, fxsr, ht, mmx, 3dnowpref, sse, sse2, sse3, ssse3, sse4a, sse4.1, sse4.2, popcnt, lzcnt, tsc, tscinvbit, avx, avx2, aes, clmul, bmi1, bmi2, adx, sha, fma, vzeroupper, clflush, clflushopt, hv, rdtscp, rdpid, f16c
Processor Information for the first 12 processors :
  Max Mhz: 2100, Current Mhz: 1686, Mhz Limit: 2100

Memory: 4k page, system-wide physical 6005M (593M free)
TotalPageFile size 24437M (AvailPageFile size 3M)
current process WorkingSet (physical memory assigned to process): 477M, peak: 477M
current process commit charge ("private bytes"): 595M, peak: 595M

vm_info: OpenJDK 64-Bit Server VM (21.0.9+-14649483-b1163.86) for windows-amd64 JRE (21.0.9+-14649483-b1163.86), built on 2025-12-30T22:08:35Z by "builder" with MS VC++ 16.10 / 16.11 (VS2019)

END.
