#
# There is insufficient memory for the Java Runtime Environment to continue.
# Native memory allocation (malloc) failed to allocate 1144896 bytes. Error detail: Chunk::new
# Possible reasons:
#   The system is out of physical RAM or swap space
#   This process is running with CompressedOops enabled, and the Java Heap may be blocking the growth of the native heap
# Possible solutions:
#   Reduce memory load on the system
#   Increase physical memory or swap space
#   Check if swap backing store is full
#   Decrease Java heap size (-Xmx/-Xms)
#   Decrease number of Java threads
#   Decrease Java thread stack sizes (-Xss)
#   Set larger code cache with -XX:ReservedCodeCacheSize=
#   JVM is running with Unscaled Compressed Oops mode in which the Java heap is
#     placed in the first 4GB address space. The Java Heap base address is the
#     maximum limit for the native heap growth. Please use -XX:HeapBaseMinAddress
#     to set the Java Heap base and to place the Java Heap above 4GB virtual address.
# This output file may be truncated or incomplete.
#
#  Out of Memory Error (arena.cpp:168), pid=24304, tid=34612
#
# JRE version: OpenJDK Runtime Environment (21.0.9) (build 21.0.9+-14649483-b1163.86)
# Java VM: OpenJDK 64-Bit Server VM (21.0.9+-14649483-b1163.86, mixed mode, tiered, compressed oops, compressed class ptrs, g1 gc, windows-amd64)
# No core dump will be written. Minidumps are not enabled by default on client versions of Windows
#

---------------  S U M M A R Y ------------

Command Line: --add-opens=java.base/java.lang=ALL-UNNAMED --add-opens=java.base/java.lang.invoke=ALL-UNNAMED --add-opens=java.base/java.util=ALL-UNNAMED --add-opens=java.prefs/java.util.prefs=ALL-UNNAMED --add-exports=jdk.compiler/com.sun.tools.javac.api=ALL-UNNAMED --add-exports=jdk.compiler/com.sun.tools.javac.util=ALL-UNNAMED --add-opens=java.base/java.util=ALL-UNNAMED --add-opens=java.prefs/java.util.prefs=ALL-UNNAMED --add-opens=java.base/java.nio.charset=ALL-UNNAMED --add-opens=java.base/java.net=ALL-UNNAMED --add-opens=java.base/java.util.concurrent=ALL-UNNAMED --add-opens=java.base/java.util.concurrent.atomic=ALL-UNNAMED --add-opens=java.xml/javax.xml.namespace=ALL-UNNAMED --add-opens=java.base/java.time=ALL-UNNAMED -Xmx2048m -Dfile.encoding=UTF-8 -Duser.country=IN -Duser.language=en -Duser.variant -javaagent:C:\Users\Lenovo\.gradle\wrapper\dists\gradle-9.2.1-bin\2t0n5ozlw9xmuyvbp7dnzaxug\gradle-9.2.1\lib\agents\gradle-instrumentation-agent-9.2.1.jar org.gradle.launcher.daemon.bootstrap.GradleDaemon 9.2.1

Host: AMD Ryzen 5 5500U with Radeon Graphics         , 12 cores, 5G,  Windows 11 , 64 bit Build 26100 (10.0.26100.8246)
Time: Tue May  5 23:26:28 2026 India Standard Time elapsed time: 110.602071 seconds (0d 0h 1m 50s)

---------------  T H R E A D  ---------------

Current thread (0x000001bc67301d80):  JavaThread "C2 CompilerThread1" daemon [_thread_in_native, id=34612, stack(0x000000b752c00000,0x000000b752d00000) (1024K)]


Current CompileTask:
C2:110608 22396 % !   4       com.android.tools.r8.dex.y::k @ 99 (2746 bytes)

Stack: [0x000000b752c00000,0x000000b752d00000]
Native frames: (J=compiled Java code, j=interpreted, Vv=VM code, C=native code)
V  [jvm.dll+0x6d6c99]
V  [jvm.dll+0x866b83]
V  [jvm.dll+0x86919e]
V  [jvm.dll+0x869883]
V  [jvm.dll+0x280776]
V  [jvm.dll+0xc07cd]
V  [jvm.dll+0xc0d03]
V  [jvm.dll+0x2f5a10]
V  [jvm.dll+0x5ff9a9]
V  [jvm.dll+0x252572]
V  [jvm.dll+0x24ad6d]
V  [jvm.dll+0x24892e]
V  [jvm.dll+0x1c7344]
V  [jvm.dll+0x2581ae]
V  [jvm.dll+0x2566f6]
V  [jvm.dll+0x3f48a6]
V  [jvm.dll+0x80f118]
V  [jvm.dll+0x6d54ed]
C  [ucrtbase.dll+0x37b0]
C  [KERNEL32.DLL+0x2e8d7]
C  [ntdll.dll+0x8c3fc]


---------------  P R O C E S S  ---------------

Threads class SMR info:
_java_thread_list=0x000001bc705b2d10, length=208, elements={
0x000001bc4daca5b0, 0x000001bc67c543a0, 0x000001bc67c57230, 0x000001bc67c57c90,
0x000001bc67c772f0, 0x000001bc67c77d50, 0x000001bc67c889f0, 0x000001bc67c89450,
0x000001bc67ca2330, 0x000001bc67cc7ec0, 0x000001bc67fbcaf0, 0x000001bc6d05c570,
0x000001bc6cd22710, 0x000001bc6e76cd50, 0x000001bc6e635f00, 0x000001bc6d7298b0,
0x000001bc6c845b10, 0x000001bc6c0c4630, 0x000001bc6c0c4cc0, 0x000001bc6c0c5350,
0x000001bc6c0c3fa0, 0x000001bc6f776370, 0x000001bc6f7742a0, 0x000001bc6f775ce0,
0x000001bc6f772ef0, 0x000001bc6f774fc0, 0x000001bc6f776a00, 0x000001bc6f777090,
0x000001bc6f773c10, 0x000001bc6f777db0, 0x000001bc6f777720, 0x000001bc6f778ad0,
0x000001bc6f778440, 0x000001bc6f779e80, 0x000001bc6f77a510, 0x000001bc6f7797f0,
0x000001bc6d470b70, 0x000001bc6d472c40, 0x000001bc6d4732d0, 0x000001bc6d471890,
0x000001bc6d4725b0, 0x000001bc6d473960, 0x000001bc6d471200, 0x000001bc6d471f20,
0x000001bc6d4704e0, 0x000001bc6d474680, 0x000001bc6d4753a0, 0x000001bc6d4760c0,
0x000001bc6d474d10, 0x000001bc6d473ff0, 0x000001bc6d476750, 0x000001bc6d475a30,
0x000001bc6d477b00, 0x000001bc6d476de0, 0x000001bc6d477470, 0x000001bc706780a0,
0x000001bc706752b0, 0x000001bc70675940, 0x000001bc70675fd0, 0x000001bc70676cf0,
0x000001bc70676660, 0x000001bc70677a10, 0x000001bc70677380, 0x000001bc70674c20,
0x000001bc7067bbb0, 0x000001bc70679450, 0x000001bc70679ae0, 0x000001bc7067a170,
0x000001bc7067b520, 0x000001bc7067a800, 0x000001bc701de0d0, 0x000001bc701de760,
0x000001bc701db2e0, 0x000001bc701dc690, 0x000001bc701e01a0, 0x000001bc701dcd20,
0x000001bc701e2270, 0x000001bc701e0ec0, 0x000001bc701e2900, 0x000001bc701e0830,
0x000001bc701e1550, 0x000001bc701e1be0, 0x000001bc70678dc0, 0x000001bc70678730,
0x000001bc7067c240, 0x000001bc70879d50, 0x000001bc7087b790, 0x000001bc708796c0,
0x000001bc7087a3e0, 0x000001bc7087b100, 0x000001bc7087aa70, 0x000001bc70878310,
0x000001bc7087be20, 0x000001bc708789a0, 0x000001bc7087c4b0, 0x000001bc7087d860,
0x000001bc713b17c0, 0x000001bc713b0410, 0x000001bc713b1e50, 0x000001bc713afd80,
0x000001bc713ae9d0, 0x000001bc713b24e0, 0x000001bc713af060, 0x000001bc713b0aa0,
0x000001bc713af6f0, 0x000001bc713b2b70, 0x000001bc713b52d0, 0x000001bc713b5960,
0x000001bc6f56b1f0, 0x000001bc6f56e670, 0x000001bc6f56f390, 0x000001bc6f56fa20,
0x000001bc6f5700b0, 0x000001bc6f570740, 0x000001bc6f56d2c0, 0x000001bc6f570dd0,
0x000001bc6f571460, 0x000001bc6f571af0, 0x000001bc6f572180, 0x000001bc6f89ffa0,
0x000001bc6f89ded0, 0x000001bc6f89cb20, 0x000001bc6f8a0630, 0x000001bc6f89d1b0,
0x000001bc6f89d840, 0x000001bc6f8a1350, 0x000001bc6f8a0cc0, 0x000001bc6f89e560,
0x000001bc6f8a2700, 0x000001bc6f8a2d90, 0x000001bc6f8a3420, 0x000001bc6f8a3ab0,
0x000001bc6f8a19e0, 0x000001bc6f8a2070, 0x000001bc70879030, 0x000001bc778fd190,
0x000001bc778ff8f0, 0x000001bc778fdeb0, 0x000001bc778fff80, 0x000001bc778fd820,
0x000001bc778fcb00, 0x000001bc77900ca0, 0x000001bc77901330, 0x000001bc779019c0,
0x000001bc778fe540, 0x000001bc77902050, 0x000001bc778febd0, 0x000001bc77906880,
0x000001bc77909d00, 0x000001bc7790bdd0, 0x000001bc77908950, 0x000001bc7790b0b0,
0x000001bc7790a390, 0x000001bc7790aa20, 0x000001bc76548250, 0x000001bc76546810,
0x000001bc76546ea0, 0x000001bc765488e0, 0x000001bc7654a9b0, 0x000001bc7654c3f0,
0x000001bc76548f70, 0x000001bc7654b6d0, 0x000001bc7654ca80, 0x000001bc76549600,
0x000001bc7654d110, 0x000001bc7654e4c0, 0x000001bc7654d7a0, 0x000001bc7654de30,
0x000001bc76544dd0, 0x000001bc76546180, 0x000001bc76545af0, 0x000001bc7654a320,
0x000001bc7654b040, 0x000001bc7654eb50, 0x000001bc7654f1e0, 0x000001bc7654bd60,
0x000001bc76552660, 0x000001bc76550590, 0x000001bc76552cf0, 0x000001bc77905b60,
0x000001bc779054d0, 0x000001bc779047b0, 0x000001bc779026e0, 0x000001bc779061f0,
0x000001bc77904e40, 0x000001bc7764a540, 0x000001bc76547530, 0x000001bc79811cf0,
0x000001bc79e2f6a0, 0x000001bc79e2e980, 0x000001bc79810fd0, 0x000001bc79d5d900,
0x000001bc79d5df90, 0x000001bc79ad5e40, 0x000001bc76549c90, 0x000001bc67301d80,
0x000001bc77649190, 0x000001bc799ab4e0, 0x000001bc7897bf70, 0x000001bc76e66f70,
0x000001bc79ad64d0, 0x000001bc77cfe630, 0x000001bc77649eb0, 0x000001bc778ff260,
0x000001bc77cfecc0, 0x000001bc799330b0, 0x000001bc79e2d5d0, 0x000001bc79e2fd30
}

Java Threads: ( => current thread )
  0x000001bc4daca5b0 JavaThread "main"                              [_thread_blocked, id=27900, stack(0x000000b752f00000,0x000000b753000000) (1024K)]
  0x000001bc67c543a0 JavaThread "Common-Cleaner"             daemon [_thread_blocked, id=34568, stack(0x000000b753700000,0x000000b753800000) (1024K)]
  0x000001bc67c57230 JavaThread "Reference Handler"          daemon [_thread_blocked, id=13700, stack(0x000000b753800000,0x000000b753900000) (1024K)]
  0x000001bc67c57c90 JavaThread "Finalizer"                  daemon [_thread_blocked, id=21832, stack(0x000000b753900000,0x000000b753a00000) (1024K)]
  0x000001bc67c772f0 JavaThread "Signal Dispatcher"          daemon [_thread_blocked, id=7120, stack(0x000000b753a00000,0x000000b753b00000) (1024K)]
  0x000001bc67c77d50 JavaThread "Attach Listener"            daemon [_thread_blocked, id=32504, stack(0x000000b753b00000,0x000000b753c00000) (1024K)]
  0x000001bc67c889f0 JavaThread "Service Thread"             daemon [_thread_blocked, id=31192, stack(0x000000b753c00000,0x000000b753d00000) (1024K)]
  0x000001bc67c89450 JavaThread "Monitor Deflation Thread"   daemon [_thread_blocked, id=9992, stack(0x000000b753d00000,0x000000b753e00000) (1024K)]
  0x000001bc67ca2330 JavaThread "C2 CompilerThread0"         daemon [_thread_in_native, id=29056, stack(0x000000b753e00000,0x000000b753f00000) (1024K)]
  0x000001bc67cc7ec0 JavaThread "C1 CompilerThread0"         daemon [_thread_in_vm, id=32020, stack(0x000000b753f00000,0x000000b754000000) (1024K)]
  0x000001bc67fbcaf0 JavaThread "Notification Thread"        daemon [_thread_blocked, id=18244, stack(0x000000b754000000,0x000000b754100000) (1024K)]
  0x000001bc6d05c570 JavaThread "Daemon health stats"               [_thread_blocked, id=31116, stack(0x000000b754500000,0x000000b754600000) (1024K)]
  0x000001bc6cd22710 JavaThread "Incoming local TCP Connector on port 54486"        [_thread_in_native, id=32216, stack(0x000000b754700000,0x000000b754800000) (1024K)]
  0x000001bc6e76cd50 JavaThread "Daemon periodic checks"            [_thread_blocked, id=34400, stack(0x000000b754800000,0x000000b754900000) (1024K)]
  0x000001bc6e635f00 JavaThread "Daemon"                            [_thread_blocked, id=15032, stack(0x000000b754900000,0x000000b754a00000) (1024K)]
  0x000001bc6d7298b0 JavaThread "Handler for socket connection from /127.0.0.1:54486 to /127.0.0.1:54487"        [_thread_in_native, id=36000, stack(0x000000b754a00000,0x000000b754b00000) (1024K)]
  0x000001bc6c845b10 JavaThread "Cancel handler"                    [_thread_blocked, id=24052, stack(0x000000b754b00000,0x000000b754c00000) (1024K)]
  0x000001bc6c0c4630 JavaThread "Daemon worker"                     [_thread_blocked, id=17084, stack(0x000000b755300000,0x000000b755400000) (1024K)]
  0x000001bc6c0c4cc0 JavaThread "Asynchronous log dispatcher for DefaultDaemonConnection: socket connection from /127.0.0.1:54486 to /127.0.0.1:54487"        [_thread_blocked, id=37580, stack(0x000000b755400000,0x000000b755500000) (1024K)]
  0x000001bc6c0c5350 JavaThread "Stdin handler"                     [_thread_blocked, id=18184, stack(0x000000b755500000,0x000000b755600000) (1024K)]
  0x000001bc6c0c3fa0 JavaThread "Daemon client event forwarder"        [_thread_blocked, id=23736, stack(0x000000b755600000,0x000000b755700000) (1024K)]
  0x000001bc6f776370 JavaThread "Cache worker for journal cache (C:\Users\Lenovo\.gradle\caches\journal-1)"        [_thread_blocked, id=30660, stack(0x000000b755700000,0x000000b755800000) (1024K)]
  0x000001bc6f7742a0 JavaThread "File lock request listener"        [_thread_in_native, id=33072, stack(0x000000b755800000,0x000000b755900000) (1024K)]
  0x000001bc6f775ce0 JavaThread "Cache worker for file hash cache (C:\Users\Lenovo\.gradle\caches\9.2.1\fileHashes)"        [_thread_blocked, id=6244, stack(0x000000b755900000,0x000000b755a00000) (1024K)]
  0x000001bc6f772ef0 JavaThread "Cache worker for file hash cache (C:\Users\Lenovo\AndroidStudioProjects\KavyaKanaja2\.gradle\9.2.1\fileHashes)"        [_thread_blocked, id=21044, stack(0x000000b754600000,0x000000b754700000) (1024K)]
  0x000001bc6f774fc0 JavaThread "Cache worker for Build Output Cleanup Cache (C:\Users\Lenovo\AndroidStudioProjects\KavyaKanaja2\.gradle\buildOutputCleanup)"        [_thread_blocked, id=35972, stack(0x000000b755a00000,0x000000b755b00000) (1024K)]
  0x000001bc6f776a00 JavaThread "File watcher server"        daemon [_thread_in_native, id=38372, stack(0x000000b755b00000,0x000000b755c00000) (1024K)]
  0x000001bc6f777090 JavaThread "File watcher consumer"      daemon [_thread_blocked, id=4180, stack(0x000000b755c00000,0x000000b755d00000) (1024K)]
  0x000001bc6f773c10 JavaThread "Cache worker for checksums cache (C:\Users\Lenovo\AndroidStudioProjects\KavyaKanaja2\.gradle\9.2.1\checksums)"        [_thread_blocked, id=20252, stack(0x000000b755d00000,0x000000b755e00000) (1024K)]
  0x000001bc6f777db0 JavaThread "Cache worker for file content cache (C:\Users\Lenovo\.gradle\caches\9.2.1\fileContent)"        [_thread_blocked, id=29708, stack(0x000000b755e00000,0x000000b755f00000) (1024K)]
  0x000001bc6f777720 JavaThread "Cache worker for cache directory md-supplier (C:\Users\Lenovo\.gradle\caches\9.2.1\md-supplier)"        [_thread_blocked, id=37988, stack(0x000000b755f00000,0x000000b756000000) (1024K)]
  0x000001bc6f778ad0 JavaThread "Cache worker for cache directory md-rule (C:\Users\Lenovo\.gradle\caches\9.2.1\md-rule)"        [_thread_blocked, id=10468, stack(0x000000b756000000,0x000000b756100000) (1024K)]
  0x000001bc6f778440 JavaThread "jar transforms"                    [_thread_blocked, id=6196, stack(0x000000b756100000,0x000000b756200000) (1024K)]
  0x000001bc6f779e80 JavaThread "jar transforms Thread 2"           [_thread_blocked, id=3620, stack(0x000000b756200000,0x000000b756300000) (1024K)]
  0x000001bc6f77a510 JavaThread "jar transforms Thread 3"           [_thread_blocked, id=14300, stack(0x000000b756300000,0x000000b756400000) (1024K)]
  0x000001bc6f7797f0 JavaThread "Unconstrained build operations"        [_thread_blocked, id=36636, stack(0x000000b756400000,0x000000b756500000) (1024K)]
  0x000001bc6d470b70 JavaThread "Unconstrained build operations Thread 2"        [_thread_blocked, id=24380, stack(0x000000b756500000,0x000000b756600000) (1024K)]
  0x000001bc6d472c40 JavaThread "Unconstrained build operations Thread 3"        [_thread_blocked, id=26224, stack(0x000000b756600000,0x000000b756700000) (1024K)]
  0x000001bc6d4732d0 JavaThread "Unconstrained build operations Thread 4"        [_thread_blocked, id=15788, stack(0x000000b756700000,0x000000b756800000) (1024K)]
  0x000001bc6d471890 JavaThread "Unconstrained build operations Thread 5"        [_thread_blocked, id=8428, stack(0x000000b756800000,0x000000b756900000) (1024K)]
  0x000001bc6d4725b0 JavaThread "Unconstrained build operations Thread 6"        [_thread_blocked, id=36868, stack(0x000000b756900000,0x000000b756a00000) (1024K)]
  0x000001bc6d473960 JavaThread "Unconstrained build operations Thread 7"        [_thread_blocked, id=12080, stack(0x000000b756a00000,0x000000b756b00000) (1024K)]
  0x000001bc6d471200 JavaThread "Unconstrained build operations Thread 8"        [_thread_blocked, id=36780, stack(0x000000b756b00000,0x000000b756c00000) (1024K)]
  0x000001bc6d471f20 JavaThread "Unconstrained build operations Thread 9"        [_thread_blocked, id=15960, stack(0x000000b756c00000,0x000000b756d00000) (1024K)]
  0x000001bc6d4704e0 JavaThread "Unconstrained build operations Thread 10"        [_thread_blocked, id=12512, stack(0x000000b756d00000,0x000000b756e00000) (1024K)]
  0x000001bc6d474680 JavaThread "Unconstrained build operations Thread 11"        [_thread_blocked, id=38392, stack(0x000000b756e00000,0x000000b756f00000) (1024K)]
  0x000001bc6d4753a0 JavaThread "Unconstrained build operations Thread 12"        [_thread_blocked, id=20116, stack(0x000000b756f00000,0x000000b757000000) (1024K)]
  0x000001bc6d4760c0 JavaThread "Unconstrained build operations Thread 13"        [_thread_blocked, id=20472, stack(0x000000b757000000,0x000000b757100000) (1024K)]
  0x000001bc6d474d10 JavaThread "Unconstrained build operations Thread 14"        [_thread_blocked, id=26516, stack(0x000000b757100000,0x000000b757200000) (1024K)]
  0x000001bc6d473ff0 JavaThread "Unconstrained build operations Thread 15"        [_thread_blocked, id=2588, stack(0x000000b757200000,0x000000b757300000) (1024K)]
  0x000001bc6d476750 JavaThread "Unconstrained build operations Thread 16"        [_thread_blocked, id=37720, stack(0x000000b757300000,0x000000b757400000) (1024K)]
  0x000001bc6d475a30 JavaThread "Unconstrained build operations Thread 17"        [_thread_blocked, id=33988, stack(0x000000b757400000,0x000000b757500000) (1024K)]
  0x000001bc6d477b00 JavaThread "Unconstrained build operations Thread 18"        [_thread_blocked, id=35592, stack(0x000000b757500000,0x000000b757600000) (1024K)]
  0x000001bc6d476de0 JavaThread "Unconstrained build operations Thread 19"        [_thread_blocked, id=13436, stack(0x000000b757600000,0x000000b757700000) (1024K)]
  0x000001bc6d477470 JavaThread "Unconstrained build operations Thread 20"        [_thread_blocked, id=10344, stack(0x000000b757700000,0x000000b757800000) (1024K)]
  0x000001bc706780a0 JavaThread "jar transforms Thread 4"           [_thread_blocked, id=23048, stack(0x000000b757800000,0x000000b757900000) (1024K)]
  0x000001bc706752b0 JavaThread "jar transforms Thread 5"           [_thread_blocked, id=37060, stack(0x000000b757900000,0x000000b757a00000) (1024K)]
  0x000001bc70675940 JavaThread "Unconstrained build operations Thread 21"        [_thread_blocked, id=29796, stack(0x000000b757a00000,0x000000b757b00000) (1024K)]
  0x000001bc70675fd0 JavaThread "Unconstrained build operations Thread 22"        [_thread_blocked, id=8604, stack(0x000000b757b00000,0x000000b757c00000) (1024K)]
  0x000001bc70676cf0 JavaThread "Unconstrained build operations Thread 23"        [_thread_blocked, id=35536, stack(0x000000b757c00000,0x000000b757d00000) (1024K)]
  0x000001bc70676660 JavaThread "Unconstrained build operations Thread 24"        [_thread_blocked, id=29892, stack(0x000000b757d00000,0x000000b757e00000) (1024K)]
  0x000001bc70677a10 JavaThread "Unconstrained build operations Thread 25"        [_thread_blocked, id=20020, stack(0x000000b757e00000,0x000000b757f00000) (1024K)]
  0x000001bc70677380 JavaThread "Unconstrained build operations Thread 26"        [_thread_blocked, id=13028, stack(0x000000b757f00000,0x000000b758000000) (1024K)]
  0x000001bc70674c20 JavaThread "Unconstrained build operations Thread 27"        [_thread_blocked, id=31480, stack(0x000000b758000000,0x000000b758100000) (1024K)]
  0x000001bc7067bbb0 JavaThread "Unconstrained build operations Thread 28"        [_thread_blocked, id=15668, stack(0x000000b758100000,0x000000b758200000) (1024K)]
  0x000001bc70679450 JavaThread "Unconstrained build operations Thread 29"        [_thread_blocked, id=37168, stack(0x000000b758200000,0x000000b758300000) (1024K)]
  0x000001bc70679ae0 JavaThread "Unconstrained build operations Thread 30"        [_thread_blocked, id=29116, stack(0x000000b758300000,0x000000b758400000) (1024K)]
  0x000001bc7067a170 JavaThread "jar transforms Thread 6"           [_thread_blocked, id=13372, stack(0x000000b758400000,0x000000b758500000) (1024K)]
  0x000001bc7067b520 JavaThread "jar transforms Thread 7"           [_thread_blocked, id=38856, stack(0x000000b758500000,0x000000b758600000) (1024K)]
  0x000001bc7067a800 JavaThread "jar transforms Thread 8"           [_thread_blocked, id=7156, stack(0x000000b758600000,0x000000b758700000) (1024K)]
  0x000001bc701de0d0 JavaThread "Unconstrained build operations Thread 31"        [_thread_blocked, id=12112, stack(0x000000b758700000,0x000000b758800000) (1024K)]
  0x000001bc701de760 JavaThread "Unconstrained build operations Thread 32"        [_thread_blocked, id=37548, stack(0x000000b758800000,0x000000b758900000) (1024K)]
  0x000001bc701db2e0 JavaThread "Unconstrained build operations Thread 33"        [_thread_blocked, id=32892, stack(0x000000b758900000,0x000000b758a00000) (1024K)]
  0x000001bc701dc690 JavaThread "Unconstrained build operations Thread 34"        [_thread_blocked, id=38008, stack(0x000000b758a00000,0x000000b758b00000) (1024K)]
  0x000001bc701e01a0 JavaThread "Unconstrained build operations Thread 35"        [_thread_blocked, id=31928, stack(0x000000b758b00000,0x000000b758c00000) (1024K)]
  0x000001bc701dcd20 JavaThread "Unconstrained build operations Thread 36"        [_thread_blocked, id=15404, stack(0x000000b758c00000,0x000000b758d00000) (1024K)]
  0x000001bc701e2270 JavaThread "Unconstrained build operations Thread 37"        [_thread_blocked, id=17992, stack(0x000000b758d00000,0x000000b758e00000) (1024K)]
  0x000001bc701e0ec0 JavaThread "Unconstrained build operations Thread 38"        [_thread_blocked, id=29584, stack(0x000000b758e00000,0x000000b758f00000) (1024K)]
  0x000001bc701e2900 JavaThread "Unconstrained build operations Thread 39"        [_thread_blocked, id=34188, stack(0x000000b758f00000,0x000000b759000000) (1024K)]
  0x000001bc701e0830 JavaThread "Unconstrained build operations Thread 40"        [_thread_blocked, id=32140, stack(0x000000b759000000,0x000000b759100000) (1024K)]
  0x000001bc701e1550 JavaThread "Unconstrained build operations Thread 41"        [_thread_blocked, id=11296, stack(0x000000b759100000,0x000000b759200000) (1024K)]
  0x000001bc701e1be0 JavaThread "Unconstrained build operations Thread 42"        [_thread_blocked, id=21476, stack(0x000000b759200000,0x000000b759300000) (1024K)]
  0x000001bc70678dc0 JavaThread "Unconstrained build operations Thread 43"        [_thread_blocked, id=33140, stack(0x000000b759300000,0x000000b759400000) (1024K)]
  0x000001bc70678730 JavaThread "Unconstrained build operations Thread 44"        [_thread_blocked, id=22664, stack(0x000000b759400000,0x000000b759500000) (1024K)]
  0x000001bc7067c240 JavaThread "Unconstrained build operations Thread 45"        [_thread_blocked, id=21448, stack(0x000000b759500000,0x000000b759600000) (1024K)]
  0x000001bc70879d50 JavaThread "Unconstrained build operations Thread 46"        [_thread_blocked, id=33812, stack(0x000000b759600000,0x000000b759700000) (1024K)]
  0x000001bc7087b790 JavaThread "Unconstrained build operations Thread 47"        [_thread_blocked, id=18936, stack(0x000000b759700000,0x000000b759800000) (1024K)]
  0x000001bc708796c0 JavaThread "Unconstrained build operations Thread 48"        [_thread_blocked, id=33316, stack(0x000000b759800000,0x000000b759900000) (1024K)]
  0x000001bc7087a3e0 JavaThread "Unconstrained build operations Thread 49"        [_thread_blocked, id=9528, stack(0x000000b759900000,0x000000b759a00000) (1024K)]
  0x000001bc7087b100 JavaThread "Unconstrained build operations Thread 50"        [_thread_blocked, id=18856, stack(0x000000b759a00000,0x000000b759b00000) (1024K)]
  0x000001bc7087aa70 JavaThread "Unconstrained build operations Thread 51"        [_thread_blocked, id=29036, stack(0x000000b759b00000,0x000000b759c00000) (1024K)]
  0x000001bc70878310 JavaThread "Unconstrained build operations Thread 52"        [_thread_blocked, id=35008, stack(0x000000b759c00000,0x000000b759d00000) (1024K)]
  0x000001bc7087be20 JavaThread "Unconstrained build operations Thread 53"        [_thread_blocked, id=4352, stack(0x000000b759d00000,0x000000b759e00000) (1024K)]
  0x000001bc708789a0 JavaThread "Unconstrained build operations Thread 54"        [_thread_blocked, id=6680, stack(0x000000b759e00000,0x000000b759f00000) (1024K)]
  0x000001bc7087c4b0 JavaThread "Unconstrained build operations Thread 55"        [_thread_blocked, id=14548, stack(0x000000b759f00000,0x000000b75a000000) (1024K)]
  0x000001bc7087d860 JavaThread "Unconstrained build operations Thread 56"        [_thread_blocked, id=24404, stack(0x000000b75a000000,0x000000b75a100000) (1024K)]
  0x000001bc713b17c0 JavaThread "Unconstrained build operations Thread 57"        [_thread_blocked, id=28068, stack(0x000000b75a100000,0x000000b75a200000) (1024K)]
  0x000001bc713b0410 JavaThread "Unconstrained build operations Thread 58"        [_thread_blocked, id=30064, stack(0x000000b75a200000,0x000000b75a300000) (1024K)]
  0x000001bc713b1e50 JavaThread "Unconstrained build operations Thread 59"        [_thread_blocked, id=16768, stack(0x000000b75a300000,0x000000b75a400000) (1024K)]
  0x000001bc713afd80 JavaThread "Unconstrained build operations Thread 60"        [_thread_blocked, id=27408, stack(0x000000b75a400000,0x000000b75a500000) (1024K)]
  0x000001bc713ae9d0 JavaThread "Unconstrained build operations Thread 61"        [_thread_blocked, id=15664, stack(0x000000b75a500000,0x000000b75a600000) (1024K)]
  0x000001bc713b24e0 JavaThread "Unconstrained build operations Thread 62"        [_thread_blocked, id=38476, stack(0x000000b75a600000,0x000000b75a700000) (1024K)]
  0x000001bc713af060 JavaThread "Unconstrained build operations Thread 63"        [_thread_blocked, id=15904, stack(0x000000b75a700000,0x000000b75a800000) (1024K)]
  0x000001bc713b0aa0 JavaThread "Unconstrained build operations Thread 64"        [_thread_blocked, id=8040, stack(0x000000b75a800000,0x000000b75a900000) (1024K)]
  0x000001bc713af6f0 JavaThread "Unconstrained build operations Thread 65"        [_thread_blocked, id=10212, stack(0x000000b75a900000,0x000000b75aa00000) (1024K)]
  0x000001bc713b2b70 JavaThread "Unconstrained build operations Thread 66"        [_thread_blocked, id=31540, stack(0x000000b75aa00000,0x000000b75ab00000) (1024K)]
  0x000001bc713b52d0 JavaThread "build event listener"              [_thread_blocked, id=14480, stack(0x000000b75ab00000,0x000000b75ac00000) (1024K)]
  0x000001bc713b5960 JavaThread "Memory manager"                    [_thread_blocked, id=23572, stack(0x000000b75ac00000,0x000000b75ad00000) (1024K)]
  0x000001bc6f56b1f0 JavaThread "build event listener"              [_thread_blocked, id=1684, stack(0x000000b75ad00000,0x000000b75ae00000) (1024K)]
  0x000001bc6f56e670 JavaThread "pool-3-thread-1"                   [_thread_blocked, id=23120, stack(0x000000b75af00000,0x000000b75b000000) (1024K)]
  0x000001bc6f56f390 JavaThread "build event listener"              [_thread_blocked, id=22404, stack(0x000000b75b000000,0x000000b75b100000) (1024K)]
  0x000001bc6f56fa20 JavaThread "included builds"                   [_thread_blocked, id=4940, stack(0x000000b75b100000,0x000000b75b200000) (1024K)]
  0x000001bc6f5700b0 JavaThread "Execution worker"                  [_thread_blocked, id=8208, stack(0x000000b75b200000,0x000000b75b300000) (1024K)]
  0x000001bc6f570740 JavaThread "Execution worker Thread 2"         [_thread_blocked, id=38284, stack(0x000000b75b300000,0x000000b75b400000) (1024K)]
  0x000001bc6f56d2c0 JavaThread "Execution worker Thread 3"         [_thread_blocked, id=21764, stack(0x000000b75b400000,0x000000b75b500000) (1024K)]
  0x000001bc6f570dd0 JavaThread "Execution worker Thread 4"         [_thread_blocked, id=14976, stack(0x000000b75b500000,0x000000b75b600000) (1024K)]
  0x000001bc6f571460 JavaThread "Execution worker Thread 5"         [_thread_in_native, id=14580, stack(0x000000b75b600000,0x000000b75b700000) (1024K)]
  0x000001bc6f571af0 JavaThread "Execution worker Thread 6"         [_thread_blocked, id=2236, stack(0x000000b75b700000,0x000000b75b800000) (1024K)]
  0x000001bc6f572180 JavaThread "Execution worker Thread 7"         [_thread_blocked, id=21400, stack(0x000000b75b800000,0x000000b75b900000) (1024K)]
  0x000001bc6f89ffa0 JavaThread "Execution worker Thread 8"         [_thread_blocked, id=14088, stack(0x000000b75b900000,0x000000b75ba00000) (1024K)]
  0x000001bc6f89ded0 JavaThread "Execution worker Thread 9"         [_thread_blocked, id=25420, stack(0x000000b75ba00000,0x000000b75bb00000) (1024K)]
  0x000001bc6f89cb20 JavaThread "Execution worker Thread 10"        [_thread_blocked, id=1256, stack(0x000000b75bb00000,0x000000b75bc00000) (1024K)]
  0x000001bc6f8a0630 JavaThread "Execution worker Thread 11"        [_thread_blocked, id=14104, stack(0x000000b75bc00000,0x000000b75bd00000) (1024K)]
  0x000001bc6f89d1b0 JavaThread "Cache worker for execution history cache (C:\Users\Lenovo\AndroidStudioProjects\KavyaKanaja2\.gradle\9.2.1\executionHistory)"        [_thread_blocked, id=31580, stack(0x000000b75bd00000,0x000000b75be00000) (1024K)]
  0x000001bc6f89d840 JavaThread "Unconstrained build operations Thread 67"        [_thread_blocked, id=32832, stack(0x000000b75be00000,0x000000b75bf00000) (1024K)]
  0x000001bc6f8a1350 JavaThread "Unconstrained build operations Thread 68"        [_thread_blocked, id=1688, stack(0x000000b75bf00000,0x000000b75c000000) (1024K)]
  0x000001bc6f8a0cc0 JavaThread "Unconstrained build operations Thread 69"        [_thread_blocked, id=33032, stack(0x000000b75c000000,0x000000b75c100000) (1024K)]
  0x000001bc6f89e560 JavaThread "Unconstrained build operations Thread 70"        [_thread_blocked, id=23684, stack(0x000000b75c100000,0x000000b75c200000) (1024K)]
  0x000001bc6f8a2700 JavaThread "Unconstrained build operations Thread 71"        [_thread_blocked, id=28224, stack(0x000000b75c200000,0x000000b75c300000) (1024K)]
  0x000001bc6f8a2d90 JavaThread "Unconstrained build operations Thread 72"        [_thread_blocked, id=23876, stack(0x000000b75c300000,0x000000b75c400000) (1024K)]
  0x000001bc6f8a3420 JavaThread "Unconstrained build operations Thread 73"        [_thread_blocked, id=13384, stack(0x000000b75c400000,0x000000b75c500000) (1024K)]
  0x000001bc6f8a3ab0 JavaThread "Unconstrained build operations Thread 74"        [_thread_blocked, id=23136, stack(0x000000b75c500000,0x000000b75c600000) (1024K)]
  0x000001bc6f8a19e0 JavaThread "Unconstrained build operations Thread 75"        [_thread_blocked, id=25948, stack(0x000000b75c600000,0x000000b75c700000) (1024K)]
  0x000001bc6f8a2070 JavaThread "Unconstrained build operations Thread 76"        [_thread_blocked, id=9844, stack(0x000000b75c700000,0x000000b75c800000) (1024K)]
  0x000001bc70879030 JavaThread "Unconstrained build operations Thread 77"        [_thread_blocked, id=33492, stack(0x000000b75c800000,0x000000b75c900000) (1024K)]
  0x000001bc778fd190 JavaThread "Unconstrained build operations Thread 78"        [_thread_blocked, id=8108, stack(0x000000b75c900000,0x000000b75ca00000) (1024K)]
  0x000001bc778ff8f0 JavaThread "Unconstrained build operations Thread 79"        [_thread_blocked, id=17444, stack(0x000000b75ae00000,0x000000b75af00000) (1024K)]
  0x000001bc778fdeb0 JavaThread "Unconstrained build operations Thread 80"        [_thread_blocked, id=24704, stack(0x000000b75ca00000,0x000000b75cb00000) (1024K)]
  0x000001bc778fff80 JavaThread "Unconstrained build operations Thread 81"        [_thread_blocked, id=33932, stack(0x000000b75cb00000,0x000000b75cc00000) (1024K)]
  0x000001bc778fd820 JavaThread "Unconstrained build operations Thread 82"        [_thread_blocked, id=25708, stack(0x000000b75cc00000,0x000000b75cd00000) (1024K)]
  0x000001bc778fcb00 JavaThread "Unconstrained build operations Thread 83"        [_thread_blocked, id=16836, stack(0x000000b75cd00000,0x000000b75ce00000) (1024K)]
  0x000001bc77900ca0 JavaThread "Unconstrained build operations Thread 84"        [_thread_blocked, id=8200, stack(0x000000b75ce00000,0x000000b75cf00000) (1024K)]
  0x000001bc77901330 JavaThread "Unconstrained build operations Thread 85"        [_thread_blocked, id=22636, stack(0x000000b75cf00000,0x000000b75d000000) (1024K)]
  0x000001bc779019c0 JavaThread "Unconstrained build operations Thread 86"        [_thread_blocked, id=38756, stack(0x000000b75d000000,0x000000b75d100000) (1024K)]
  0x000001bc778fe540 JavaThread "Unconstrained build operations Thread 87"        [_thread_blocked, id=25564, stack(0x000000b75d100000,0x000000b75d200000) (1024K)]
  0x000001bc77902050 JavaThread "Unconstrained build operations Thread 88"        [_thread_blocked, id=6644, stack(0x000000b75d200000,0x000000b75d300000) (1024K)]
  0x000001bc778febd0 JavaThread "Unconstrained build operations Thread 89"        [_thread_blocked, id=25624, stack(0x000000b75d300000,0x000000b75d400000) (1024K)]
  0x000001bc77906880 JavaThread "Unconstrained build operations Thread 90"        [_thread_blocked, id=28216, stack(0x000000b75d400000,0x000000b75d500000) (1024K)]
  0x000001bc77909d00 JavaThread "Unconstrained build operations Thread 91"        [_thread_blocked, id=25180, stack(0x000000b75d500000,0x000000b75d600000) (1024K)]
  0x000001bc7790bdd0 JavaThread "Unconstrained build operations Thread 92"        [_thread_blocked, id=27032, stack(0x000000b75d600000,0x000000b75d700000) (1024K)]
  0x000001bc77908950 JavaThread "Unconstrained build operations Thread 93"        [_thread_blocked, id=8452, stack(0x000000b75d700000,0x000000b75d800000) (1024K)]
  0x000001bc7790b0b0 JavaThread "Unconstrained build operations Thread 94"        [_thread_blocked, id=15284, stack(0x000000b75d800000,0x000000b75d900000) (1024K)]
  0x000001bc7790a390 JavaThread "Unconstrained build operations Thread 95"        [_thread_blocked, id=15076, stack(0x000000b75d900000,0x000000b75da00000) (1024K)]
  0x000001bc7790aa20 JavaThread "Unconstrained build operations Thread 96"        [_thread_blocked, id=2640, stack(0x000000b75da00000,0x000000b75db00000) (1024K)]
  0x000001bc76548250 JavaThread "Unconstrained build operations Thread 97"        [_thread_blocked, id=18956, stack(0x000000b75db00000,0x000000b75dc00000) (1024K)]
  0x000001bc76546810 JavaThread "Unconstrained build operations Thread 98"        [_thread_blocked, id=24476, stack(0x000000b75dc00000,0x000000b75dd00000) (1024K)]
  0x000001bc76546ea0 JavaThread "Unconstrained build operations Thread 99"        [_thread_blocked, id=33876, stack(0x000000b75dd00000,0x000000b75de00000) (1024K)]
  0x000001bc765488e0 JavaThread "Unconstrained build operations Thread 100"        [_thread_blocked, id=8440, stack(0x000000b75de00000,0x000000b75df00000) (1024K)]
  0x000001bc7654a9b0 JavaThread "Unconstrained build operations Thread 101"        [_thread_blocked, id=38908, stack(0x000000b75df00000,0x000000b75e000000) (1024K)]
  0x000001bc7654c3f0 JavaThread "Unconstrained build operations Thread 102"        [_thread_blocked, id=23828, stack(0x000000b75e000000,0x000000b75e100000) (1024K)]
  0x000001bc76548f70 JavaThread "Unconstrained build operations Thread 103"        [_thread_blocked, id=12456, stack(0x000000b75e100000,0x000000b75e200000) (1024K)]
  0x000001bc7654b6d0 JavaThread "Unconstrained build operations Thread 104"        [_thread_blocked, id=32872, stack(0x000000b75e200000,0x000000b75e300000) (1024K)]
  0x000001bc7654ca80 JavaThread "Unconstrained build operations Thread 105"        [_thread_blocked, id=30120, stack(0x000000b75e300000,0x000000b75e400000) (1024K)]
  0x000001bc76549600 JavaThread "Unconstrained build operations Thread 106"        [_thread_blocked, id=20288, stack(0x000000b75e400000,0x000000b75e500000) (1024K)]
  0x000001bc7654d110 JavaThread "Unconstrained build operations Thread 107"        [_thread_blocked, id=24824, stack(0x000000b75e500000,0x000000b75e600000) (1024K)]
  0x000001bc7654e4c0 JavaThread "Unconstrained build operations Thread 108"        [_thread_blocked, id=7976, stack(0x000000b75e600000,0x000000b75e700000) (1024K)]
  0x000001bc7654d7a0 JavaThread "Unconstrained build operations Thread 109"        [_thread_blocked, id=13240, stack(0x000000b75e700000,0x000000b75e800000) (1024K)]
  0x000001bc7654de30 JavaThread "Unconstrained build operations Thread 110"        [_thread_blocked, id=7036, stack(0x000000b75e800000,0x000000b75e900000) (1024K)]
  0x000001bc76544dd0 JavaThread "Unconstrained build operations Thread 111"        [_thread_blocked, id=15808, stack(0x000000b75e900000,0x000000b75ea00000) (1024K)]
  0x000001bc76546180 JavaThread "WorkerExecutor Queue"              [_thread_in_native, id=38772, stack(0x000000b75ea00000,0x000000b75eb00000) (1024K)]
  0x000001bc76545af0 JavaThread "Unconstrained build operations Thread 112"        [_thread_blocked, id=18336, stack(0x000000b75eb00000,0x000000b75ec00000) (1024K)]
  0x000001bc7654a320 JavaThread "Unconstrained build operations Thread 113"        [_thread_blocked, id=21040, stack(0x000000b75ec00000,0x000000b75ed00000) (1024K)]
  0x000001bc7654b040 JavaThread "Unconstrained build operations Thread 114"        [_thread_blocked, id=27312, stack(0x000000b75ed00000,0x000000b75ee00000) (1024K)]
  0x000001bc7654eb50 JavaThread "Unconstrained build operations Thread 115"        [_thread_blocked, id=20188, stack(0x000000b75ee00000,0x000000b75ef00000) (1024K)]
  0x000001bc7654f1e0 JavaThread "Unconstrained build operations Thread 116"        [_thread_blocked, id=22040, stack(0x000000b75ef00000,0x000000b75f000000) (1024K)]
  0x000001bc7654bd60 JavaThread "Unconstrained build operations Thread 117"        [_thread_blocked, id=10764, stack(0x000000b75f000000,0x000000b75f100000) (1024K)]
  0x000001bc76552660 JavaThread "Unconstrained build operations Thread 118"        [_thread_blocked, id=35672, stack(0x000000b75f100000,0x000000b75f200000) (1024K)]
  0x000001bc76550590 JavaThread "Unconstrained build operations Thread 119"        [_thread_blocked, id=16288, stack(0x000000b75f200000,0x000000b75f300000) (1024K)]
  0x000001bc76552cf0 JavaThread "Unconstrained build operations Thread 120"        [_thread_blocked, id=31416, stack(0x000000b75f300000,0x000000b75f400000) (1024K)]
  0x000001bc77905b60 JavaThread "RMI Scheduler(0)"           daemon [_thread_blocked, id=22080, stack(0x000000b75f400000,0x000000b75f500000) (1024K)]
  0x000001bc779054d0 JavaThread "RMI RenewClean-[127.0.0.1:17427,org.jetbrains.kotlin.daemon.common.LoopbackNetworkInterface$ClientLoopbackSocketFactory@497895ab]" daemon [_thread_blocked, id=30688, stack(0x000000b75f500000,0x000000b75f600000) (1024K)]
  0x000001bc779047b0 JavaThread "RMI GC Daemon"              daemon [_thread_blocked, id=25384, stack(0x000000b75f600000,0x000000b75f700000) (1024K)]
  0x000001bc779026e0 JavaThread "RMI TCP Accept-0"           daemon [_thread_in_native, id=24724, stack(0x000000b75f700000,0x000000b75f800000) (1024K)]
  0x000001bc779061f0 JavaThread "RMI Reaper"                        [_thread_blocked, id=13864, stack(0x000000b75f800000,0x000000b75f900000) (1024K)]
  0x000001bc77904e40 JavaThread "RMI TCP Connection(idle)"   daemon [_thread_blocked, id=4128, stack(0x000000b75f900000,0x000000b75fa00000) (1024K)]
  0x000001bc7764a540 JavaThread "WorkerExecutor Queue Thread 2"        [_thread_blocked, id=33788, stack(0x000000b752d00000,0x000000b752e00000) (1024K)]
  0x000001bc76547530 JavaThread "WorkerExecutor Queue Thread 3"        [_thread_blocked, id=31812, stack(0x000000b752e00000,0x000000b752f00000) (1024K)]
  0x000001bc79811cf0 JavaThread "WorkerExecutor Queue Thread 4"        [_thread_blocked, id=30928, stack(0x000000b75fa00000,0x000000b75fb00000) (1024K)]
  0x000001bc79e2f6a0 JavaThread "WorkerExecutor Queue Thread 5"        [_thread_blocked, id=18708, stack(0x000000b75fb00000,0x000000b75fc00000) (1024K)]
  0x000001bc79e2e980 JavaThread "WorkerExecutor Queue Thread 6"        [_thread_blocked, id=25836, stack(0x000000b75fc00000,0x000000b75fd00000) (1024K)]
  0x000001bc79810fd0 JavaThread "WorkerExecutor Queue Thread 7"        [_thread_blocked, id=8396, stack(0x000000b75fd00000,0x000000b75fe00000) (1024K)]
  0x000001bc79d5d900 JavaThread "WorkerExecutor Queue Thread 10"        [_thread_blocked, id=24784, stack(0x000000b760000000,0x000000b760100000) (1024K)]
  0x000001bc79d5df90 JavaThread "WorkerExecutor Queue Thread 11"        [_thread_blocked, id=37660, stack(0x000000b760100000,0x000000b760200000) (1024K)]
  0x000001bc79ad5e40 JavaThread "WorkerExecutor Queue Thread 12"        [_thread_blocked, id=30980, stack(0x000000b760200000,0x000000b760300000) (1024K)]
  0x000001bc76549c90 JavaThread "WorkerExecutor Queue Thread 13"        [_thread_blocked, id=21112, stack(0x000000b760300000,0x000000b760400000) (1024K)]
=>0x000001bc67301d80 JavaThread "C2 CompilerThread1"         daemon [_thread_in_native, id=34612, stack(0x000000b752c00000,0x000000b752d00000) (1024K)]
  0x000001bc77649190 JavaThread "ForkJoinPool-1-worker-1"    daemon [_thread_blocked, id=28396, stack(0x000000b75fe00000,0x000000b75ff00000) (1024K)]
  0x000001bc799ab4e0 JavaThread "ForkJoinPool-1-worker-2"    daemon [_thread_in_Java, id=29124, stack(0x000000b75ff00000,0x000000b760000000) (1024K)]
  0x000001bc7897bf70 JavaThread "ForkJoinPool-1-worker-3"    daemon [_thread_blocked, id=7208, stack(0x000000b760400000,0x000000b760500000) (1024K)]
  0x000001bc76e66f70 JavaThread "ForkJoinPool-1-worker-4"    daemon [_thread_blocked, id=32052, stack(0x000000b760500000,0x000000b760600000) (1024K)]
  0x000001bc79ad64d0 JavaThread "ForkJoinPool-1-worker-5"    daemon [_thread_blocked, id=8288, stack(0x000000b760600000,0x000000b760700000) (1024K)]
  0x000001bc77cfe630 JavaThread "ForkJoinPool-1-worker-6"    daemon [_thread_in_Java, id=14276, stack(0x000000b760700000,0x000000b760800000) (1024K)]
  0x000001bc77649eb0 JavaThread "ForkJoinPool-1-worker-7"    daemon [_thread_blocked, id=13800, stack(0x000000b760800000,0x000000b760900000) (1024K)]
  0x000001bc778ff260 JavaThread "ForkJoinPool-1-worker-8"    daemon [_thread_blocked, id=22140, stack(0x000000b760900000,0x000000b760a00000) (1024K)]
  0x000001bc77cfecc0 JavaThread "ForkJoinPool-1-worker-9"    daemon [_thread_blocked, id=25572, stack(0x000000b760a00000,0x000000b760b00000) (1024K)]
  0x000001bc799330b0 JavaThread "ForkJoinPool-1-worker-10"   daemon [_thread_blocked, id=34440, stack(0x000000b760b00000,0x000000b760c00000) (1024K)]
  0x000001bc79e2d5d0 JavaThread "ForkJoinPool-1-worker-11"   daemon [_thread_blocked, id=34636, stack(0x000000b760c00000,0x000000b760d00000) (1024K)]
  0x000001bc79e2fd30 JavaThread "ForkJoinPool-1-worker-12"   daemon [_thread_in_vm, id=10920, stack(0x000000b760d00000,0x000000b760e00000) (1024K)]
Total: 208

Other Threads:
  0x000001bc67442e20 VMThread "VM Thread"                           [id=38264, stack(0x000000b753600000,0x000000b753700000) (1024K)]
  0x000001bc673e5ac0 WatcherThread "VM Periodic Task Thread"        [id=8960, stack(0x000000b753500000,0x000000b753600000) (1024K)]
  0x000001bc4ffb6bf0 WorkerThread "GC Thread#0"                     [id=1216, stack(0x000000b753000000,0x000000b753100000) (1024K)]
  0x000001bc6c4d9e70 WorkerThread "GC Thread#1"                     [id=38876, stack(0x000000b754100000,0x000000b754200000) (1024K)]
  0x000001bc6c4e3580 WorkerThread "GC Thread#2"                     [id=28692, stack(0x000000b754200000,0x000000b754300000) (1024K)]
  0x000001bc6ce48a50 WorkerThread "GC Thread#3"                     [id=33156, stack(0x000000b754300000,0x000000b754400000) (1024K)]
  0x000001bc6ccd4210 WorkerThread "GC Thread#4"                     [id=38620, stack(0x000000b754400000,0x000000b754500000) (1024K)]
  0x000001bc6d729070 WorkerThread "GC Thread#5"                     [id=8952, stack(0x000000b754c00000,0x000000b754d00000) (1024K)]
  0x000001bc6d729410 WorkerThread "GC Thread#6"                     [id=13696, stack(0x000000b754d00000,0x000000b754e00000) (1024K)]
  0x000001bc67ed1c10 WorkerThread "GC Thread#7"                     [id=9568, stack(0x000000b754e00000,0x000000b754f00000) (1024K)]
  0x000001bc6d2a0d30 WorkerThread "GC Thread#8"                     [id=32340, stack(0x000000b754f00000,0x000000b755000000) (1024K)]
  0x000001bc6d2a10d0 WorkerThread "GC Thread#9"                     [id=35132, stack(0x000000b755000000,0x000000b755100000) (1024K)]
  0x000001bc4ffc8dc0 ConcurrentGCThread "G1 Main Marker"            [id=36648, stack(0x000000b753100000,0x000000b753200000) (1024K)]
  0x000001bc4ffcb990 WorkerThread "G1 Conc#0"                       [id=15216, stack(0x000000b753200000,0x000000b753300000) (1024K)]
  0x000001bc6d2a0250 WorkerThread "G1 Conc#1"                       [id=17932, stack(0x000000b755100000,0x000000b755200000) (1024K)]
  0x000001bc6d2a05f0 WorkerThread "G1 Conc#2"                       [id=9092, stack(0x000000b755200000,0x000000b755300000) (1024K)]
  0x000001bc672b8420 ConcurrentGCThread "G1 Refine#0"               [id=32448, stack(0x000000b753300000,0x000000b753400000) (1024K)]
  0x000001bc672b8c40 ConcurrentGCThread "G1 Service"                [id=19868, stack(0x000000b753400000,0x000000b753500000) (1024K)]
Total: 18

Threads with active compile tasks:
C2 CompilerThread0  110726 22447       4       com.android.tools.r8.internal.fx::a (79 bytes)
C1 CompilerThread0  110726 22494       2       com.android.tools.r8.dex.y$$Lambda/0x00000001015d6e68::<init> (10 bytes)
C2 CompilerThread1  110727 22396 % !   4       com.android.tools.r8.dex.y::k @ 99 (2746 bytes)
Total: 3

VM state: not at safepoint (normal execution)

VM Mutex/Monitor currently owned by a thread: None

Heap address: 0x0000000080000000, size: 2048 MB, Compressed Oops mode: 32-bit

CDS archive(s) not mapped
Compressed class space mapped at: 0x0000000100000000-0x0000000140000000, reserved size: 1073741824
Narrow klass base: 0x0000000000000000, Narrow klass shift: 3, Narrow klass range: 0x140000000

GC Precious Log:
 CardTable entry size: 512
 Card Set container configuration: InlinePtr #cards 5 size 8 Array Of Cards #cards 12 size 40 Howl #buckets 4 coarsen threshold 1843 Howl Bitmap #cards 512 size 80 coarsen threshold 460 Card regions per heap region 1 cards per card region 2048
 CPUs: 12 total, 12 available
 Memory: 6005M
 Large Page Support: Disabled
 NUMA Support: Disabled
 Compressed Oops: Enabled (32-bit)
 Heap Region Size: 1M
 Heap Min Capacity: 8M
 Heap Initial Capacity: 94M
 Heap Max Capacity: 2G
 Pre-touch: Disabled
 Parallel Workers: 10
 Concurrent Workers: 3
 Concurrent Refinement Workers: 10
 Periodic GC: Disabled

Heap:
 garbage-first heap   total 396288K, used 307200K [0x0000000080000000, 0x0000000100000000)
  region size 1024K, 20 young (20480K), 10 survivors (10240K)
 Metaspace       used 148744K, committed 151232K, reserved 1179648K
  class space    used 21272K, committed 22464K, reserved 1048576K

Heap Regions: E=young(eden), S=young(survivor), O=old, HS=humongous(starts), HC=humongous(continues), CS=collection set, F=free, TAMS=top-at-mark-start, PB=parsable bottom
|   0|0x0000000080000000, 0x0000000080100000, 0x0000000080100000|100%|HS|  |TAMS 0x0000000080000000| PB 0x0000000080000000| Complete 
|   1|0x0000000080100000, 0x0000000080200000, 0x0000000080200000|100%|HC|  |TAMS 0x0000000080100000| PB 0x0000000080100000| Complete 
|   2|0x0000000080200000, 0x0000000080300000, 0x0000000080300000|100%|HC|  |TAMS 0x0000000080200000| PB 0x0000000080200000| Complete 
|   3|0x0000000080300000, 0x0000000080400000, 0x0000000080400000|100%|HC|  |TAMS 0x0000000080300000| PB 0x0000000080300000| Complete 
|   4|0x0000000080400000, 0x0000000080500000, 0x0000000080500000|100%| O|  |TAMS 0x0000000080400000| PB 0x0000000080400000| Untracked 
|   5|0x0000000080500000, 0x0000000080600000, 0x0000000080600000|100%| O|  |TAMS 0x0000000080500000| PB 0x0000000080500000| Untracked 
|   6|0x0000000080600000, 0x0000000080700000, 0x0000000080700000|100%| O|  |TAMS 0x0000000080600000| PB 0x0000000080600000| Untracked 
|   7|0x0000000080700000, 0x0000000080800000, 0x0000000080800000|100%| O|  |TAMS 0x0000000080700000| PB 0x0000000080700000| Untracked 
|   8|0x0000000080800000, 0x0000000080900000, 0x0000000080900000|100%| O|  |TAMS 0x0000000080800000| PB 0x0000000080800000| Untracked 
|   9|0x0000000080900000, 0x0000000080a00000, 0x0000000080a00000|100%| O|  |TAMS 0x0000000080900000| PB 0x0000000080900000| Untracked 
|  10|0x0000000080a00000, 0x0000000080b00000, 0x0000000080b00000|100%| O|  |TAMS 0x0000000080a00000| PB 0x0000000080a00000| Untracked 
|  11|0x0000000080b00000, 0x0000000080c00000, 0x0000000080c00000|100%| O|  |TAMS 0x0000000080b00000| PB 0x0000000080b00000| Untracked 
|  12|0x0000000080c00000, 0x0000000080d00000, 0x0000000080d00000|100%|HS|  |TAMS 0x0000000080c00000| PB 0x0000000080c00000| Complete 
|  13|0x0000000080d00000, 0x0000000080e00000, 0x0000000080e00000|100%| O|  |TAMS 0x0000000080d00000| PB 0x0000000080d00000| Untracked 
|  14|0x0000000080e00000, 0x0000000080f00000, 0x0000000080f00000|100%| O|  |TAMS 0x0000000080e00000| PB 0x0000000080e00000| Untracked 
|  15|0x0000000080f00000, 0x0000000081000000, 0x0000000081000000|100%| O|  |TAMS 0x0000000080f00000| PB 0x0000000080f00000| Untracked 
|  16|0x0000000081000000, 0x0000000081100000, 0x0000000081100000|100%| O|  |TAMS 0x0000000081000000| PB 0x0000000081000000| Untracked 
|  17|0x0000000081100000, 0x0000000081200000, 0x0000000081200000|100%| O|  |TAMS 0x0000000081100000| PB 0x0000000081100000| Untracked 
|  18|0x0000000081200000, 0x0000000081300000, 0x0000000081300000|100%| O|  |TAMS 0x0000000081200000| PB 0x0000000081200000| Untracked 
|  19|0x0000000081300000, 0x0000000081400000, 0x0000000081400000|100%| O|  |TAMS 0x0000000081300000| PB 0x0000000081300000| Untracked 
|  20|0x0000000081400000, 0x0000000081500000, 0x0000000081500000|100%| O|  |TAMS 0x0000000081400000| PB 0x0000000081400000| Untracked 
|  21|0x0000000081500000, 0x0000000081600000, 0x0000000081600000|100%| O|  |TAMS 0x0000000081500000| PB 0x0000000081500000| Untracked 
|  22|0x0000000081600000, 0x0000000081700000, 0x0000000081700000|100%| O|  |TAMS 0x0000000081600000| PB 0x0000000081600000| Untracked 
|  23|0x0000000081700000, 0x0000000081800000, 0x0000000081800000|100%| O|  |TAMS 0x0000000081700000| PB 0x0000000081700000| Untracked 
|  24|0x0000000081800000, 0x0000000081900000, 0x0000000081900000|100%| O|  |TAMS 0x0000000081800000| PB 0x0000000081800000| Untracked 
|  25|0x0000000081900000, 0x0000000081a00000, 0x0000000081a00000|100%| O|  |TAMS 0x0000000081900000| PB 0x0000000081900000| Untracked 
|  26|0x0000000081a00000, 0x0000000081b00000, 0x0000000081b00000|100%| O|  |TAMS 0x0000000081a00000| PB 0x0000000081a00000| Untracked 
|  27|0x0000000081b00000, 0x0000000081c00000, 0x0000000081c00000|100%|HS|  |TAMS 0x0000000081b00000| PB 0x0000000081b00000| Complete 
|  28|0x0000000081c00000, 0x0000000081d00000, 0x0000000081d00000|100%|HC|  |TAMS 0x0000000081c00000| PB 0x0000000081c00000| Complete 
|  29|0x0000000081d00000, 0x0000000081e00000, 0x0000000081e00000|100%| O|  |TAMS 0x0000000081d00000| PB 0x0000000081d00000| Untracked 
|  30|0x0000000081e00000, 0x0000000081f00000, 0x0000000081f00000|100%| O|  |TAMS 0x0000000081e00000| PB 0x0000000081e00000| Untracked 
|  31|0x0000000081f00000, 0x0000000082000000, 0x0000000082000000|100%| O|  |TAMS 0x0000000081f00000| PB 0x0000000081f00000| Untracked 
|  32|0x0000000082000000, 0x0000000082100000, 0x0000000082100000|100%| O|  |TAMS 0x0000000082000000| PB 0x0000000082000000| Untracked 
|  33|0x0000000082100000, 0x0000000082200000, 0x0000000082200000|100%| O|  |TAMS 0x0000000082100000| PB 0x0000000082100000| Untracked 
|  34|0x0000000082200000, 0x0000000082300000, 0x0000000082300000|100%| O|  |TAMS 0x0000000082200000| PB 0x0000000082200000| Untracked 
|  35|0x0000000082300000, 0x0000000082400000, 0x0000000082400000|100%| O|  |TAMS 0x0000000082300000| PB 0x0000000082300000| Untracked 
|  36|0x0000000082400000, 0x0000000082500000, 0x0000000082500000|100%| O|  |TAMS 0x0000000082400000| PB 0x0000000082400000| Untracked 
|  37|0x0000000082500000, 0x0000000082600000, 0x0000000082600000|100%| O|  |TAMS 0x0000000082500000| PB 0x0000000082500000| Untracked 
|  38|0x0000000082600000, 0x0000000082700000, 0x0000000082700000|100%| O|  |TAMS 0x0000000082600000| PB 0x0000000082600000| Untracked 
|  39|0x0000000082700000, 0x0000000082800000, 0x0000000082800000|100%| O|  |TAMS 0x0000000082700000| PB 0x0000000082700000| Untracked 
|  40|0x0000000082800000, 0x0000000082900000, 0x0000000082900000|100%| O|  |TAMS 0x0000000082800000| PB 0x0000000082800000| Untracked 
|  41|0x0000000082900000, 0x0000000082a00000, 0x0000000082a00000|100%| O|  |TAMS 0x0000000082900000| PB 0x0000000082900000| Untracked 
|  42|0x0000000082a00000, 0x0000000082b00000, 0x0000000082b00000|100%| O|  |TAMS 0x0000000082a00000| PB 0x0000000082a00000| Untracked 
|  43|0x0000000082b00000, 0x0000000082c00000, 0x0000000082c00000|100%| O|  |TAMS 0x0000000082b00000| PB 0x0000000082b00000| Untracked 
|  44|0x0000000082c00000, 0x0000000082d00000, 0x0000000082d00000|100%| O|  |TAMS 0x0000000082c00000| PB 0x0000000082c00000| Untracked 
|  45|0x0000000082d00000, 0x0000000082e00000, 0x0000000082e00000|100%| O|  |TAMS 0x0000000082d00000| PB 0x0000000082d00000| Untracked 
|  46|0x0000000082e00000, 0x0000000082f00000, 0x0000000082f00000|100%| O|  |TAMS 0x0000000082e00000| PB 0x0000000082e00000| Untracked 
|  47|0x0000000082f00000, 0x0000000083000000, 0x0000000083000000|100%|HS|  |TAMS 0x0000000082f00000| PB 0x0000000082f00000| Complete 
|  48|0x0000000083000000, 0x0000000083100000, 0x0000000083100000|100%|HS|  |TAMS 0x0000000083000000| PB 0x0000000083000000| Complete 
|  49|0x0000000083100000, 0x0000000083200000, 0x0000000083200000|100%| O|  |TAMS 0x0000000083100000| PB 0x0000000083100000| Untracked 
|  50|0x0000000083200000, 0x0000000083300000, 0x0000000083300000|100%|HS|  |TAMS 0x0000000083200000| PB 0x0000000083200000| Complete 
|  51|0x0000000083300000, 0x0000000083400000, 0x0000000083400000|100%|HC|  |TAMS 0x0000000083300000| PB 0x0000000083300000| Complete 
|  52|0x0000000083400000, 0x0000000083500000, 0x0000000083500000|100%| O|  |TAMS 0x0000000083400000| PB 0x0000000083400000| Untracked 
|  53|0x0000000083500000, 0x0000000083600000, 0x0000000083600000|100%|HS|  |TAMS 0x0000000083500000| PB 0x0000000083500000| Complete 
|  54|0x0000000083600000, 0x0000000083700000, 0x0000000083700000|100%|HS|  |TAMS 0x0000000083600000| PB 0x0000000083600000| Complete 
|  55|0x0000000083700000, 0x0000000083800000, 0x0000000083800000|100%| O|  |TAMS 0x0000000083700000| PB 0x0000000083700000| Untracked 
|  56|0x0000000083800000, 0x0000000083900000, 0x0000000083900000|100%|HS|  |TAMS 0x0000000083800000| PB 0x0000000083800000| Complete 
|  57|0x0000000083900000, 0x0000000083a00000, 0x0000000083a00000|100%|HS|  |TAMS 0x0000000083900000| PB 0x0000000083900000| Complete 
|  58|0x0000000083a00000, 0x0000000083b00000, 0x0000000083b00000|100%| O|  |TAMS 0x0000000083a00000| PB 0x0000000083a00000| Untracked 
|  59|0x0000000083b00000, 0x0000000083c00000, 0x0000000083c00000|100%|HS|  |TAMS 0x0000000083b00000| PB 0x0000000083b00000| Complete 
|  60|0x0000000083c00000, 0x0000000083d00000, 0x0000000083d00000|100%|HC|  |TAMS 0x0000000083c00000| PB 0x0000000083c00000| Complete 
|  61|0x0000000083d00000, 0x0000000083e00000, 0x0000000083e00000|100%| O|  |TAMS 0x0000000083d00000| PB 0x0000000083d00000| Untracked 
|  62|0x0000000083e00000, 0x0000000083f00000, 0x0000000083f00000|100%| O|  |TAMS 0x0000000083e00000| PB 0x0000000083e00000| Untracked 
|  63|0x0000000083f00000, 0x0000000084000000, 0x0000000084000000|100%| O|  |TAMS 0x0000000083f00000| PB 0x0000000083f00000| Untracked 
|  64|0x0000000084000000, 0x0000000084100000, 0x0000000084100000|100%| O|  |TAMS 0x0000000084000000| PB 0x0000000084000000| Untracked 
|  65|0x0000000084100000, 0x0000000084200000, 0x0000000084200000|100%| O|  |TAMS 0x0000000084100000| PB 0x0000000084100000| Untracked 
|  66|0x0000000084200000, 0x0000000084300000, 0x0000000084300000|100%| O|  |TAMS 0x0000000084200000| PB 0x0000000084200000| Untracked 
|  67|0x0000000084300000, 0x0000000084400000, 0x0000000084400000|100%| O|  |TAMS 0x0000000084300000| PB 0x0000000084300000| Untracked 
|  68|0x0000000084400000, 0x0000000084500000, 0x0000000084500000|100%| O|  |TAMS 0x0000000084400000| PB 0x0000000084400000| Untracked 
|  69|0x0000000084500000, 0x0000000084600000, 0x0000000084600000|100%| O|  |TAMS 0x0000000084500000| PB 0x0000000084500000| Untracked 
|  70|0x0000000084600000, 0x0000000084700000, 0x0000000084700000|100%|HS|  |TAMS 0x0000000084600000| PB 0x0000000084600000| Complete 
|  71|0x0000000084700000, 0x0000000084800000, 0x0000000084800000|100%| O|  |TAMS 0x0000000084700000| PB 0x0000000084700000| Untracked 
|  72|0x0000000084800000, 0x0000000084900000, 0x0000000084900000|100%| O|  |TAMS 0x0000000084800000| PB 0x0000000084800000| Untracked 
|  73|0x0000000084900000, 0x0000000084a00000, 0x0000000084a00000|100%| O|  |TAMS 0x0000000084900000| PB 0x0000000084900000| Untracked 
|  74|0x0000000084a00000, 0x0000000084b00000, 0x0000000084b00000|100%| O|  |TAMS 0x0000000084a00000| PB 0x0000000084a00000| Untracked 
|  75|0x0000000084b00000, 0x0000000084c00000, 0x0000000084c00000|100%| O|  |TAMS 0x0000000084b00000| PB 0x0000000084b00000| Untracked 
|  76|0x0000000084c00000, 0x0000000084d00000, 0x0000000084d00000|100%| O|  |TAMS 0x0000000084c00000| PB 0x0000000084c00000| Untracked 
|  77|0x0000000084d00000, 0x0000000084e00000, 0x0000000084e00000|100%| O|  |TAMS 0x0000000084d00000| PB 0x0000000084d00000| Untracked 
|  78|0x0000000084e00000, 0x0000000084f00000, 0x0000000084f00000|100%| O|  |TAMS 0x0000000084e00000| PB 0x0000000084e00000| Untracked 
|  79|0x0000000084f00000, 0x0000000085000000, 0x0000000085000000|100%| O|  |TAMS 0x0000000084f00000| PB 0x0000000084f00000| Untracked 
|  80|0x0000000085000000, 0x0000000085100000, 0x0000000085100000|100%| O|  |TAMS 0x0000000085000000| PB 0x0000000085000000| Untracked 
|  81|0x0000000085100000, 0x0000000085200000, 0x0000000085200000|100%| O|  |TAMS 0x0000000085100000| PB 0x0000000085100000| Untracked 
|  82|0x0000000085200000, 0x0000000085300000, 0x0000000085300000|100%| O|  |TAMS 0x0000000085200000| PB 0x0000000085200000| Untracked 
|  83|0x0000000085300000, 0x0000000085400000, 0x0000000085400000|100%| O|  |TAMS 0x0000000085300000| PB 0x0000000085300000| Untracked 
|  84|0x0000000085400000, 0x0000000085500000, 0x0000000085500000|100%| O|  |TAMS 0x0000000085400000| PB 0x0000000085400000| Untracked 
|  85|0x0000000085500000, 0x0000000085600000, 0x0000000085600000|100%| O|  |TAMS 0x0000000085500000| PB 0x0000000085500000| Untracked 
|  86|0x0000000085600000, 0x0000000085700000, 0x0000000085700000|100%| O|  |TAMS 0x0000000085600000| PB 0x0000000085600000| Untracked 
|  87|0x0000000085700000, 0x0000000085800000, 0x0000000085800000|100%| O|  |TAMS 0x0000000085700000| PB 0x0000000085700000| Untracked 
|  88|0x0000000085800000, 0x0000000085900000, 0x0000000085900000|100%| O|  |TAMS 0x0000000085800000| PB 0x0000000085800000| Untracked 
|  89|0x0000000085900000, 0x0000000085a00000, 0x0000000085a00000|100%| O|  |TAMS 0x0000000085900000| PB 0x0000000085900000| Untracked 
|  90|0x0000000085a00000, 0x0000000085b00000, 0x0000000085b00000|100%| O|  |TAMS 0x0000000085a00000| PB 0x0000000085a00000| Untracked 
|  91|0x0000000085b00000, 0x0000000085c00000, 0x0000000085c00000|100%| O|  |TAMS 0x0000000085b00000| PB 0x0000000085b00000| Untracked 
|  92|0x0000000085c00000, 0x0000000085d00000, 0x0000000085d00000|100%| O|  |TAMS 0x0000000085c00000| PB 0x0000000085c00000| Untracked 
|  93|0x0000000085d00000, 0x0000000085e00000, 0x0000000085e00000|100%| O|  |TAMS 0x0000000085d00000| PB 0x0000000085d00000| Untracked 
|  94|0x0000000085e00000, 0x0000000085f00000, 0x0000000085f00000|100%| O|  |TAMS 0x0000000085e00000| PB 0x0000000085e00000| Untracked 
|  95|0x0000000085f00000, 0x0000000086000000, 0x0000000086000000|100%| O|  |TAMS 0x0000000085f00000| PB 0x0000000085f00000| Untracked 
|  96|0x0000000086000000, 0x0000000086100000, 0x0000000086100000|100%| O|  |TAMS 0x0000000086000000| PB 0x0000000086000000| Untracked 
|  97|0x0000000086100000, 0x0000000086200000, 0x0000000086200000|100%| O|  |TAMS 0x0000000086100000| PB 0x0000000086100000| Untracked 
|  98|0x0000000086200000, 0x0000000086300000, 0x0000000086300000|100%| O|  |TAMS 0x0000000086200000| PB 0x0000000086200000| Untracked 
|  99|0x0000000086300000, 0x0000000086400000, 0x0000000086400000|100%| O|  |TAMS 0x0000000086300000| PB 0x0000000086300000| Untracked 
| 100|0x0000000086400000, 0x0000000086500000, 0x0000000086500000|100%| O|  |TAMS 0x0000000086400000| PB 0x0000000086400000| Untracked 
| 101|0x0000000086500000, 0x0000000086600000, 0x0000000086600000|100%| O|  |TAMS 0x0000000086500000| PB 0x0000000086500000| Untracked 
| 102|0x0000000086600000, 0x0000000086700000, 0x0000000086700000|100%| O|  |TAMS 0x0000000086600000| PB 0x0000000086600000| Untracked 
| 103|0x0000000086700000, 0x0000000086800000, 0x0000000086800000|100%| O|  |TAMS 0x0000000086700000| PB 0x0000000086700000| Untracked 
| 104|0x0000000086800000, 0x0000000086900000, 0x0000000086900000|100%| O|  |TAMS 0x0000000086800000| PB 0x0000000086800000| Untracked 
| 105|0x0000000086900000, 0x0000000086a00000, 0x0000000086a00000|100%| O|  |TAMS 0x0000000086900000| PB 0x0000000086900000| Untracked 
| 106|0x0000000086a00000, 0x0000000086b00000, 0x0000000086b00000|100%| O|  |TAMS 0x0000000086a00000| PB 0x0000000086a00000| Untracked 
| 107|0x0000000086b00000, 0x0000000086c00000, 0x0000000086c00000|100%| O|  |TAMS 0x0000000086b00000| PB 0x0000000086b00000| Untracked 
| 108|0x0000000086c00000, 0x0000000086d00000, 0x0000000086d00000|100%| O|  |TAMS 0x0000000086c00000| PB 0x0000000086c00000| Untracked 
| 109|0x0000000086d00000, 0x0000000086e00000, 0x0000000086e00000|100%| O|  |TAMS 0x0000000086d00000| PB 0x0000000086d00000| Untracked 
| 110|0x0000000086e00000, 0x0000000086f00000, 0x0000000086f00000|100%| O|Cm|TAMS 0x0000000086e00000| PB 0x0000000086e00000| Complete 
| 111|0x0000000086f00000, 0x0000000087000000, 0x0000000087000000|100%| O|  |TAMS 0x0000000086f00000| PB 0x0000000086f00000| Untracked 
| 112|0x0000000087000000, 0x0000000087100000, 0x0000000087100000|100%| O|  |TAMS 0x0000000087000000| PB 0x0000000087000000| Untracked 
| 113|0x0000000087100000, 0x0000000087200000, 0x0000000087200000|100%| O|  |TAMS 0x0000000087100000| PB 0x0000000087100000| Untracked 
| 114|0x0000000087200000, 0x0000000087300000, 0x0000000087300000|100%| O|  |TAMS 0x0000000087200000| PB 0x0000000087200000| Untracked 
| 115|0x0000000087300000, 0x0000000087400000, 0x0000000087400000|100%| O|  |TAMS 0x0000000087300000| PB 0x0000000087300000| Untracked 
| 116|0x0000000087400000, 0x0000000087500000, 0x0000000087500000|100%| O|Cm|TAMS 0x0000000087400000| PB 0x0000000087400000| Complete 
| 117|0x0000000087500000, 0x0000000087600000, 0x0000000087600000|100%|HS|  |TAMS 0x0000000087500000| PB 0x0000000087500000| Complete 
| 118|0x0000000087600000, 0x0000000087700000, 0x0000000087700000|100%| O|  |TAMS 0x0000000087600000| PB 0x0000000087600000| Untracked 
| 119|0x0000000087700000, 0x0000000087800000, 0x0000000087800000|100%| O|Cm|TAMS 0x0000000087700000| PB 0x0000000087700000| Complete 
| 120|0x0000000087800000, 0x0000000087900000, 0x0000000087900000|100%| O|  |TAMS 0x0000000087800000| PB 0x0000000087800000| Untracked 
| 121|0x0000000087900000, 0x0000000087900000, 0x0000000087a00000|  0%| F|  |TAMS 0x0000000087900000| PB 0x0000000087900000| Untracked 
| 122|0x0000000087a00000, 0x0000000087b00000, 0x0000000087b00000|100%| O|  |TAMS 0x0000000087a00000| PB 0x0000000087a00000| Untracked 
| 123|0x0000000087b00000, 0x0000000087c00000, 0x0000000087c00000|100%| O|  |TAMS 0x0000000087b00000| PB 0x0000000087b00000| Untracked 
| 124|0x0000000087c00000, 0x0000000087d00000, 0x0000000087d00000|100%| O|Cm|TAMS 0x0000000087c00000| PB 0x0000000087c00000| Complete 
| 125|0x0000000087d00000, 0x0000000087e00000, 0x0000000087e00000|100%| O|  |TAMS 0x0000000087d00000| PB 0x0000000087d00000| Untracked 
| 126|0x0000000087e00000, 0x0000000087f00000, 0x0000000087f00000|100%| O|  |TAMS 0x0000000087e00000| PB 0x0000000087e00000| Untracked 
| 127|0x0000000087f00000, 0x0000000088000000, 0x0000000088000000|100%| O|  |TAMS 0x0000000087f00000| PB 0x0000000087f00000| Untracked 
| 128|0x0000000088000000, 0x0000000088100000, 0x0000000088100000|100%| O|  |TAMS 0x0000000088000000| PB 0x0000000088000000| Untracked 
| 129|0x0000000088100000, 0x0000000088200000, 0x0000000088200000|100%| O|  |TAMS 0x0000000088100000| PB 0x0000000088100000| Untracked 
| 130|0x0000000088200000, 0x0000000088300000, 0x0000000088300000|100%|HS|  |TAMS 0x0000000088200000| PB 0x0000000088200000| Complete 
| 131|0x0000000088300000, 0x0000000088400000, 0x0000000088400000|100%| O|  |TAMS 0x0000000088300000| PB 0x0000000088300000| Untracked 
| 132|0x0000000088400000, 0x0000000088500000, 0x0000000088500000|100%|HS|  |TAMS 0x0000000088400000| PB 0x0000000088400000| Complete 
| 133|0x0000000088500000, 0x0000000088600000, 0x0000000088600000|100%|HC|  |TAMS 0x0000000088500000| PB 0x0000000088500000| Complete 
| 134|0x0000000088600000, 0x0000000088700000, 0x0000000088700000|100%|HC|  |TAMS 0x0000000088600000| PB 0x0000000088600000| Complete 
| 135|0x0000000088700000, 0x0000000088800000, 0x0000000088800000|100%|HC|  |TAMS 0x0000000088700000| PB 0x0000000088700000| Complete 
| 136|0x0000000088800000, 0x0000000088900000, 0x0000000088900000|100%|HS|  |TAMS 0x0000000088800000| PB 0x0000000088800000| Complete 
| 137|0x0000000088900000, 0x0000000088a00000, 0x0000000088a00000|100%|HC|  |TAMS 0x0000000088900000| PB 0x0000000088900000| Complete 
| 138|0x0000000088a00000, 0x0000000088b00000, 0x0000000088b00000|100%|HC|  |TAMS 0x0000000088a00000| PB 0x0000000088a00000| Complete 
| 139|0x0000000088b00000, 0x0000000088c00000, 0x0000000088c00000|100%|HC|  |TAMS 0x0000000088b00000| PB 0x0000000088b00000| Complete 
| 140|0x0000000088c00000, 0x0000000088d00000, 0x0000000088d00000|100%|HC|  |TAMS 0x0000000088c00000| PB 0x0000000088c00000| Complete 
| 141|0x0000000088d00000, 0x0000000088e00000, 0x0000000088e00000|100%|HS|  |TAMS 0x0000000088d00000| PB 0x0000000088d00000| Complete 
| 142|0x0000000088e00000, 0x0000000088f00000, 0x0000000088f00000|100%|HS|  |TAMS 0x0000000088e00000| PB 0x0000000088e00000| Complete 
| 143|0x0000000088f00000, 0x0000000089000000, 0x0000000089000000|100%|HC|  |TAMS 0x0000000088f00000| PB 0x0000000088f00000| Complete 
| 144|0x0000000089000000, 0x0000000089100000, 0x0000000089100000|100%|HS|  |TAMS 0x0000000089000000| PB 0x0000000089000000| Complete 
| 145|0x0000000089100000, 0x0000000089200000, 0x0000000089200000|100%|HS|  |TAMS 0x0000000089100000| PB 0x0000000089100000| Complete 
| 146|0x0000000089200000, 0x0000000089300000, 0x0000000089300000|100%|HC|  |TAMS 0x0000000089200000| PB 0x0000000089200000| Complete 
| 147|0x0000000089300000, 0x0000000089400000, 0x0000000089400000|100%|HC|  |TAMS 0x0000000089300000| PB 0x0000000089300000| Complete 
| 148|0x0000000089400000, 0x0000000089500000, 0x0000000089500000|100%|HC|  |TAMS 0x0000000089400000| PB 0x0000000089400000| Complete 
| 149|0x0000000089500000, 0x0000000089600000, 0x0000000089600000|100%|HS|  |TAMS 0x0000000089500000| PB 0x0000000089500000| Complete 
| 150|0x0000000089600000, 0x0000000089700000, 0x0000000089700000|100%|HC|  |TAMS 0x0000000089600000| PB 0x0000000089600000| Complete 
| 151|0x0000000089700000, 0x0000000089800000, 0x0000000089800000|100%|HS|  |TAMS 0x0000000089700000| PB 0x0000000089700000| Complete 
| 152|0x0000000089800000, 0x0000000089900000, 0x0000000089900000|100%|HC|  |TAMS 0x0000000089800000| PB 0x0000000089800000| Complete 
| 153|0x0000000089900000, 0x0000000089a00000, 0x0000000089a00000|100%|HS|  |TAMS 0x0000000089900000| PB 0x0000000089900000| Complete 
| 154|0x0000000089a00000, 0x0000000089b00000, 0x0000000089b00000|100%|HC|  |TAMS 0x0000000089a00000| PB 0x0000000089a00000| Complete 
| 155|0x0000000089b00000, 0x0000000089c00000, 0x0000000089c00000|100%|HS|  |TAMS 0x0000000089b00000| PB 0x0000000089b00000| Complete 
| 156|0x0000000089c00000, 0x0000000089d00000, 0x0000000089d00000|100%|HC|  |TAMS 0x0000000089c00000| PB 0x0000000089c00000| Complete 
| 157|0x0000000089d00000, 0x0000000089e00000, 0x0000000089e00000|100%|HS|  |TAMS 0x0000000089d00000| PB 0x0000000089d00000| Complete 
| 158|0x0000000089e00000, 0x0000000089f00000, 0x0000000089f00000|100%|HC|  |TAMS 0x0000000089e00000| PB 0x0000000089e00000| Complete 
| 159|0x0000000089f00000, 0x000000008a000000, 0x000000008a000000|100%|HC|  |TAMS 0x0000000089f00000| PB 0x0000000089f00000| Complete 
| 160|0x000000008a000000, 0x000000008a100000, 0x000000008a100000|100%| O|  |TAMS 0x000000008a000000| PB 0x000000008a000000| Untracked 
| 161|0x000000008a100000, 0x000000008a200000, 0x000000008a200000|100%| O|  |TAMS 0x000000008a100000| PB 0x000000008a100000| Untracked 
| 162|0x000000008a200000, 0x000000008a300000, 0x000000008a300000|100%| O|  |TAMS 0x000000008a200000| PB 0x000000008a200000| Untracked 
| 163|0x000000008a300000, 0x000000008a400000, 0x000000008a400000|100%| O|  |TAMS 0x000000008a300000| PB 0x000000008a300000| Untracked 
| 164|0x000000008a400000, 0x000000008a500000, 0x000000008a500000|100%| O|  |TAMS 0x000000008a400000| PB 0x000000008a400000| Untracked 
| 165|0x000000008a500000, 0x000000008a600000, 0x000000008a600000|100%|HS|  |TAMS 0x000000008a500000| PB 0x000000008a500000| Complete 
| 166|0x000000008a600000, 0x000000008a700000, 0x000000008a700000|100%|HC|  |TAMS 0x000000008a600000| PB 0x000000008a600000| Complete 
| 167|0x000000008a700000, 0x000000008a800000, 0x000000008a800000|100%|HC|  |TAMS 0x000000008a700000| PB 0x000000008a700000| Complete 
| 168|0x000000008a800000, 0x000000008a900000, 0x000000008a900000|100%|HC|  |TAMS 0x000000008a800000| PB 0x000000008a800000| Complete 
| 169|0x000000008a900000, 0x000000008aa00000, 0x000000008aa00000|100%| O|  |TAMS 0x000000008a900000| PB 0x000000008a900000| Untracked 
| 170|0x000000008aa00000, 0x000000008ab00000, 0x000000008ab00000|100%| O|  |TAMS 0x000000008aa00000| PB 0x000000008aa00000| Untracked 
| 171|0x000000008ab00000, 0x000000008ac00000, 0x000000008ac00000|100%|HS|  |TAMS 0x000000008ab00000| PB 0x000000008ab00000| Complete 
| 172|0x000000008ac00000, 0x000000008ad00000, 0x000000008ad00000|100%|HS|  |TAMS 0x000000008ac00000| PB 0x000000008ac00000| Complete 
| 173|0x000000008ad00000, 0x000000008ae00000, 0x000000008ae00000|100%|HS|  |TAMS 0x000000008ad00000| PB 0x000000008ad00000| Complete 
| 174|0x000000008ae00000, 0x000000008af00000, 0x000000008af00000|100%|HC|  |TAMS 0x000000008ae00000| PB 0x000000008ae00000| Complete 
| 175|0x000000008af00000, 0x000000008b000000, 0x000000008b000000|100%| O|  |TAMS 0x000000008af00000| PB 0x000000008af00000| Untracked 
| 176|0x000000008b000000, 0x000000008b100000, 0x000000008b100000|100%| O|  |TAMS 0x000000008b000000| PB 0x000000008b000000| Untracked 
| 177|0x000000008b100000, 0x000000008b200000, 0x000000008b200000|100%| O|  |TAMS 0x000000008b100000| PB 0x000000008b100000| Untracked 
| 178|0x000000008b200000, 0x000000008b300000, 0x000000008b300000|100%| O|  |TAMS 0x000000008b200000| PB 0x000000008b200000| Untracked 
| 179|0x000000008b300000, 0x000000008b400000, 0x000000008b400000|100%|HS|  |TAMS 0x000000008b300000| PB 0x000000008b300000| Complete 
| 180|0x000000008b400000, 0x000000008b500000, 0x000000008b500000|100%|HC|  |TAMS 0x000000008b400000| PB 0x000000008b400000| Complete 
| 181|0x000000008b500000, 0x000000008b600000, 0x000000008b600000|100%|HC|  |TAMS 0x000000008b500000| PB 0x000000008b500000| Complete 
| 182|0x000000008b600000, 0x000000008b700000, 0x000000008b700000|100%|HC|  |TAMS 0x000000008b600000| PB 0x000000008b600000| Complete 
| 183|0x000000008b700000, 0x000000008b800000, 0x000000008b800000|100%|HC|  |TAMS 0x000000008b700000| PB 0x000000008b700000| Complete 
| 184|0x000000008b800000, 0x000000008b900000, 0x000000008b900000|100%| O|  |TAMS 0x000000008b800000| PB 0x000000008b800000| Untracked 
| 185|0x000000008b900000, 0x000000008ba00000, 0x000000008ba00000|100%|HS|  |TAMS 0x000000008b900000| PB 0x000000008b900000| Complete 
| 186|0x000000008ba00000, 0x000000008bb00000, 0x000000008bb00000|100%| O|  |TAMS 0x000000008ba00000| PB 0x000000008ba00000| Untracked 
| 187|0x000000008bb00000, 0x000000008bc00000, 0x000000008bc00000|100%|HS|  |TAMS 0x000000008bb00000| PB 0x000000008bb00000| Complete 
| 188|0x000000008bc00000, 0x000000008bd00000, 0x000000008bd00000|100%| O|  |TAMS 0x000000008bc00000| PB 0x000000008bc00000| Untracked 
| 189|0x000000008bd00000, 0x000000008be00000, 0x000000008be00000|100%|HS|  |TAMS 0x000000008bd00000| PB 0x000000008bd00000| Complete 
| 190|0x000000008be00000, 0x000000008bf00000, 0x000000008bf00000|100%| O|  |TAMS 0x000000008be00000| PB 0x000000008be00000| Untracked 
| 191|0x000000008bf00000, 0x000000008c000000, 0x000000008c000000|100%| O|  |TAMS 0x000000008bf00000| PB 0x000000008bf00000| Untracked 
| 192|0x000000008c000000, 0x000000008c100000, 0x000000008c100000|100%| O|  |TAMS 0x000000008c000000| PB 0x000000008c000000| Untracked 
| 193|0x000000008c100000, 0x000000008c200000, 0x000000008c200000|100%| O|  |TAMS 0x000000008c100000| PB 0x000000008c100000| Untracked 
| 194|0x000000008c200000, 0x000000008c300000, 0x000000008c300000|100%| O|  |TAMS 0x000000008c200000| PB 0x000000008c200000| Untracked 
| 195|0x000000008c300000, 0x000000008c400000, 0x000000008c400000|100%| O|  |TAMS 0x000000008c300000| PB 0x000000008c300000| Untracked 
| 196|0x000000008c400000, 0x000000008c500000, 0x000000008c500000|100%| O|  |TAMS 0x000000008c400000| PB 0x000000008c400000| Untracked 
| 197|0x000000008c500000, 0x000000008c600000, 0x000000008c600000|100%| O|  |TAMS 0x000000008c500000| PB 0x000000008c500000| Untracked 
| 198|0x000000008c600000, 0x000000008c700000, 0x000000008c700000|100%| O|  |TAMS 0x000000008c600000| PB 0x000000008c600000| Untracked 
| 199|0x000000008c700000, 0x000000008c800000, 0x000000008c800000|100%| O|  |TAMS 0x000000008c700000| PB 0x000000008c700000| Untracked 
| 200|0x000000008c800000, 0x000000008c900000, 0x000000008c900000|100%| O|  |TAMS 0x000000008c800000| PB 0x000000008c800000| Untracked 
| 201|0x000000008c900000, 0x000000008ca00000, 0x000000008ca00000|100%| O|  |TAMS 0x000000008c900000| PB 0x000000008c900000| Untracked 
| 202|0x000000008ca00000, 0x000000008cb00000, 0x000000008cb00000|100%|HS|  |TAMS 0x000000008ca00000| PB 0x000000008ca00000| Complete 
| 203|0x000000008cb00000, 0x000000008cc00000, 0x000000008cc00000|100%|HC|  |TAMS 0x000000008cb00000| PB 0x000000008cb00000| Complete 
| 204|0x000000008cc00000, 0x000000008cd00000, 0x000000008cd00000|100%|HS|  |TAMS 0x000000008cc00000| PB 0x000000008cc00000| Complete 
| 205|0x000000008cd00000, 0x000000008ce00000, 0x000000008ce00000|100%| O|  |TAMS 0x000000008cd00000| PB 0x000000008cd00000| Untracked 
| 206|0x000000008ce00000, 0x000000008cf00000, 0x000000008cf00000|100%| O|  |TAMS 0x000000008ce00000| PB 0x000000008ce00000| Untracked 
| 207|0x000000008cf00000, 0x000000008d000000, 0x000000008d000000|100%| O|  |TAMS 0x000000008cf00000| PB 0x000000008cf00000| Untracked 
| 208|0x000000008d000000, 0x000000008d100000, 0x000000008d100000|100%| O|  |TAMS 0x000000008d000000| PB 0x000000008d000000| Untracked 
| 209|0x000000008d100000, 0x000000008d200000, 0x000000008d200000|100%| O|  |TAMS 0x000000008d100000| PB 0x000000008d100000| Untracked 
| 210|0x000000008d200000, 0x000000008d300000, 0x000000008d300000|100%| O|  |TAMS 0x000000008d200000| PB 0x000000008d200000| Untracked 
| 211|0x000000008d300000, 0x000000008d400000, 0x000000008d400000|100%|HS|  |TAMS 0x000000008d300000| PB 0x000000008d300000| Complete 
| 212|0x000000008d400000, 0x000000008d500000, 0x000000008d500000|100%|HC|  |TAMS 0x000000008d400000| PB 0x000000008d400000| Complete 
| 213|0x000000008d500000, 0x000000008d600000, 0x000000008d600000|100%|HC|  |TAMS 0x000000008d500000| PB 0x000000008d500000| Complete 
| 214|0x000000008d600000, 0x000000008d700000, 0x000000008d700000|100%|HC|  |TAMS 0x000000008d600000| PB 0x000000008d600000| Complete 
| 215|0x000000008d700000, 0x000000008d800000, 0x000000008d800000|100%|HS|  |TAMS 0x000000008d700000| PB 0x000000008d700000| Complete 
| 216|0x000000008d800000, 0x000000008d900000, 0x000000008d900000|100%|HC|  |TAMS 0x000000008d800000| PB 0x000000008d800000| Complete 
| 217|0x000000008d900000, 0x000000008da00000, 0x000000008da00000|100%| O|  |TAMS 0x000000008d900000| PB 0x000000008d900000| Untracked 
| 218|0x000000008da00000, 0x000000008db00000, 0x000000008db00000|100%|HS|  |TAMS 0x000000008da00000| PB 0x000000008da00000| Complete 
| 219|0x000000008db00000, 0x000000008dc00000, 0x000000008dc00000|100%|HC|  |TAMS 0x000000008db00000| PB 0x000000008db00000| Complete 
| 220|0x000000008dc00000, 0x000000008dd00000, 0x000000008dd00000|100%| O|  |TAMS 0x000000008dc00000| PB 0x000000008dc00000| Untracked 
| 221|0x000000008dd00000, 0x000000008de00000, 0x000000008de00000|100%| O|  |TAMS 0x000000008dd00000| PB 0x000000008dd00000| Untracked 
| 222|0x000000008de00000, 0x000000008df00000, 0x000000008df00000|100%| O|  |TAMS 0x000000008de00000| PB 0x000000008de00000| Untracked 
| 223|0x000000008df00000, 0x000000008e000000, 0x000000008e000000|100%|HS|  |TAMS 0x000000008df00000| PB 0x000000008df00000| Complete 
| 224|0x000000008e000000, 0x000000008e100000, 0x000000008e100000|100%|HC|  |TAMS 0x000000008e000000| PB 0x000000008e000000| Complete 
| 225|0x000000008e100000, 0x000000008e200000, 0x000000008e200000|100%| O|  |TAMS 0x000000008e100000| PB 0x000000008e100000| Untracked 
| 226|0x000000008e200000, 0x000000008e300000, 0x000000008e300000|100%| O|  |TAMS 0x000000008e200000| PB 0x000000008e200000| Untracked 
| 227|0x000000008e300000, 0x000000008e400000, 0x000000008e400000|100%| O|  |TAMS 0x000000008e300000| PB 0x000000008e300000| Untracked 
| 228|0x000000008e400000, 0x000000008e500000, 0x000000008e500000|100%|HS|  |TAMS 0x000000008e400000| PB 0x000000008e400000| Complete 
| 229|0x000000008e500000, 0x000000008e600000, 0x000000008e600000|100%|HC|  |TAMS 0x000000008e500000| PB 0x000000008e500000| Complete 
| 230|0x000000008e600000, 0x000000008e700000, 0x000000008e700000|100%| O|  |TAMS 0x000000008e600000| PB 0x000000008e600000| Untracked 
| 231|0x000000008e700000, 0x000000008e800000, 0x000000008e800000|100%| O|  |TAMS 0x000000008e700000| PB 0x000000008e700000| Untracked 
| 232|0x000000008e800000, 0x000000008e900000, 0x000000008e900000|100%| O|  |TAMS 0x000000008e800000| PB 0x000000008e800000| Untracked 
| 233|0x000000008e900000, 0x000000008ea00000, 0x000000008ea00000|100%|HS|  |TAMS 0x000000008e900000| PB 0x000000008e900000| Complete 
| 234|0x000000008ea00000, 0x000000008eb00000, 0x000000008eb00000|100%|HC|  |TAMS 0x000000008ea00000| PB 0x000000008ea00000| Complete 
| 235|0x000000008eb00000, 0x000000008ec00000, 0x000000008ec00000|100%| O|  |TAMS 0x000000008eb00000| PB 0x000000008eb00000| Untracked 
| 236|0x000000008ec00000, 0x000000008ed00000, 0x000000008ed00000|100%| O|  |TAMS 0x000000008ec00000| PB 0x000000008ec00000| Untracked 
| 237|0x000000008ed00000, 0x000000008ee00000, 0x000000008ee00000|100%| O|  |TAMS 0x000000008ed00000| PB 0x000000008ed00000| Untracked 
| 238|0x000000008ee00000, 0x000000008ef00000, 0x000000008ef00000|100%| O|  |TAMS 0x000000008ee00000| PB 0x000000008ee00000| Untracked 
| 239|0x000000008ef00000, 0x000000008f000000, 0x000000008f000000|100%| O|  |TAMS 0x000000008ef00000| PB 0x000000008ef00000| Untracked 
| 240|0x000000008f000000, 0x000000008f100000, 0x000000008f100000|100%| O|  |TAMS 0x000000008f000000| PB 0x000000008f000000| Untracked 
| 241|0x000000008f100000, 0x000000008f200000, 0x000000008f200000|100%|HS|  |TAMS 0x000000008f100000| PB 0x000000008f100000| Complete 
| 242|0x000000008f200000, 0x000000008f300000, 0x000000008f300000|100%|HC|  |TAMS 0x000000008f200000| PB 0x000000008f200000| Complete 
| 243|0x000000008f300000, 0x000000008f400000, 0x000000008f400000|100%|HC|  |TAMS 0x000000008f300000| PB 0x000000008f300000| Complete 
| 244|0x000000008f400000, 0x000000008f500000, 0x000000008f500000|100%| O|  |TAMS 0x000000008f400000| PB 0x000000008f400000| Untracked 
| 245|0x000000008f500000, 0x000000008f600000, 0x000000008f600000|100%| O|  |TAMS 0x000000008f500000| PB 0x000000008f500000| Untracked 
| 246|0x000000008f600000, 0x000000008f700000, 0x000000008f700000|100%| O|  |TAMS 0x000000008f600000| PB 0x000000008f600000| Untracked 
| 247|0x000000008f700000, 0x000000008f800000, 0x000000008f800000|100%| O|  |TAMS 0x000000008f700000| PB 0x000000008f700000| Untracked 
| 248|0x000000008f800000, 0x000000008f900000, 0x000000008f900000|100%| O|  |TAMS 0x000000008f800000| PB 0x000000008f800000| Untracked 
| 249|0x000000008f900000, 0x000000008fa00000, 0x000000008fa00000|100%| O|  |TAMS 0x000000008f900000| PB 0x000000008f900000| Untracked 
| 250|0x000000008fa00000, 0x000000008fb00000, 0x000000008fb00000|100%| O|  |TAMS 0x000000008fa00000| PB 0x000000008fa00000| Untracked 
| 251|0x000000008fb00000, 0x000000008fc00000, 0x000000008fc00000|100%| O|  |TAMS 0x000000008fb00000| PB 0x000000008fb00000| Untracked 
| 252|0x000000008fc00000, 0x000000008fd00000, 0x000000008fd00000|100%| O|  |TAMS 0x000000008fc00000| PB 0x000000008fc00000| Untracked 
| 253|0x000000008fd00000, 0x000000008fe00000, 0x000000008fe00000|100%| O|  |TAMS 0x000000008fd00000| PB 0x000000008fd00000| Untracked 
| 254|0x000000008fe00000, 0x000000008ff00000, 0x000000008ff00000|100%| O|  |TAMS 0x000000008fe00000| PB 0x000000008fe00000| Untracked 
| 255|0x000000008ff00000, 0x0000000090000000, 0x0000000090000000|100%| O|  |TAMS 0x000000008ff00000| PB 0x000000008ff00000| Untracked 
| 256|0x0000000090000000, 0x0000000090100000, 0x0000000090100000|100%| O|  |TAMS 0x0000000090000000| PB 0x0000000090000000| Untracked 
| 257|0x0000000090100000, 0x0000000090200000, 0x0000000090200000|100%| O|  |TAMS 0x0000000090100000| PB 0x0000000090100000| Untracked 
| 258|0x0000000090200000, 0x0000000090300000, 0x0000000090300000|100%| O|  |TAMS 0x0000000090200000| PB 0x0000000090200000| Untracked 
| 259|0x0000000090300000, 0x0000000090400000, 0x0000000090400000|100%| O|  |TAMS 0x0000000090300000| PB 0x0000000090300000| Untracked 
| 260|0x0000000090400000, 0x0000000090500000, 0x0000000090500000|100%| O|  |TAMS 0x0000000090400000| PB 0x0000000090400000| Untracked 
| 261|0x0000000090500000, 0x0000000090500000, 0x0000000090600000|  0%| F|  |TAMS 0x0000000090500000| PB 0x0000000090500000| Untracked 
| 262|0x0000000090600000, 0x0000000090600000, 0x0000000090700000|  0%| F|  |TAMS 0x0000000090600000| PB 0x0000000090600000| Untracked 
| 263|0x0000000090700000, 0x0000000090700000, 0x0000000090800000|  0%| F|  |TAMS 0x0000000090700000| PB 0x0000000090700000| Untracked 
| 264|0x0000000090800000, 0x0000000090800000, 0x0000000090900000|  0%| F|  |TAMS 0x0000000090800000| PB 0x0000000090800000| Untracked 
| 265|0x0000000090900000, 0x0000000090900000, 0x0000000090a00000|  0%| F|  |TAMS 0x0000000090900000| PB 0x0000000090900000| Untracked 
| 266|0x0000000090a00000, 0x0000000090a00000, 0x0000000090b00000|  0%| F|  |TAMS 0x0000000090a00000| PB 0x0000000090a00000| Untracked 
| 267|0x0000000090b00000, 0x0000000090b00000, 0x0000000090c00000|  0%| F|  |TAMS 0x0000000090b00000| PB 0x0000000090b00000| Untracked 
| 268|0x0000000090c00000, 0x0000000090c00000, 0x0000000090d00000|  0%| F|  |TAMS 0x0000000090c00000| PB 0x0000000090c00000| Untracked 
| 269|0x0000000090d00000, 0x0000000090d00000, 0x0000000090e00000|  0%| F|  |TAMS 0x0000000090d00000| PB 0x0000000090d00000| Untracked 
| 270|0x0000000090e00000, 0x0000000090e00000, 0x0000000090f00000|  0%| F|  |TAMS 0x0000000090e00000| PB 0x0000000090e00000| Untracked 
| 271|0x0000000090f00000, 0x0000000090f00000, 0x0000000091000000|  0%| F|  |TAMS 0x0000000090f00000| PB 0x0000000090f00000| Untracked 
| 272|0x0000000091000000, 0x0000000091000000, 0x0000000091100000|  0%| F|  |TAMS 0x0000000091000000| PB 0x0000000091000000| Untracked 
| 273|0x0000000091100000, 0x0000000091100000, 0x0000000091200000|  0%| F|  |TAMS 0x0000000091100000| PB 0x0000000091100000| Untracked 
| 274|0x0000000091200000, 0x0000000091200000, 0x0000000091300000|  0%| F|  |TAMS 0x0000000091200000| PB 0x0000000091200000| Untracked 
| 275|0x0000000091300000, 0x0000000091300000, 0x0000000091400000|  0%| F|  |TAMS 0x0000000091300000| PB 0x0000000091300000| Untracked 
| 276|0x0000000091400000, 0x0000000091400000, 0x0000000091500000|  0%| F|  |TAMS 0x0000000091400000| PB 0x0000000091400000| Untracked 
| 277|0x0000000091500000, 0x0000000091500000, 0x0000000091600000|  0%| F|  |TAMS 0x0000000091500000| PB 0x0000000091500000| Untracked 
| 278|0x0000000091600000, 0x0000000091600000, 0x0000000091700000|  0%| F|  |TAMS 0x0000000091600000| PB 0x0000000091600000| Untracked 
| 279|0x0000000091700000, 0x0000000091700000, 0x0000000091800000|  0%| F|  |TAMS 0x0000000091700000| PB 0x0000000091700000| Untracked 
| 280|0x0000000091800000, 0x0000000091900000, 0x0000000091900000|100%| S|CS|TAMS 0x0000000091800000| PB 0x0000000091800000| Complete 
| 281|0x0000000091900000, 0x0000000091a00000, 0x0000000091a00000|100%| S|CS|TAMS 0x0000000091900000| PB 0x0000000091900000| Complete 
| 282|0x0000000091a00000, 0x0000000091b00000, 0x0000000091b00000|100%| S|CS|TAMS 0x0000000091a00000| PB 0x0000000091a00000| Complete 
| 283|0x0000000091b00000, 0x0000000091c00000, 0x0000000091c00000|100%| S|CS|TAMS 0x0000000091b00000| PB 0x0000000091b00000| Complete 
| 284|0x0000000091c00000, 0x0000000091d00000, 0x0000000091d00000|100%| S|CS|TAMS 0x0000000091c00000| PB 0x0000000091c00000| Complete 
| 285|0x0000000091d00000, 0x0000000091e00000, 0x0000000091e00000|100%| S|CS|TAMS 0x0000000091d00000| PB 0x0000000091d00000| Complete 
| 286|0x0000000091e00000, 0x0000000091f00000, 0x0000000091f00000|100%| S|CS|TAMS 0x0000000091e00000| PB 0x0000000091e00000| Complete 
| 287|0x0000000091f00000, 0x0000000092000000, 0x0000000092000000|100%| S|CS|TAMS 0x0000000091f00000| PB 0x0000000091f00000| Complete 
| 288|0x0000000092000000, 0x0000000092100000, 0x0000000092100000|100%| S|CS|TAMS 0x0000000092000000| PB 0x0000000092000000| Complete 
| 289|0x0000000092100000, 0x0000000092200000, 0x0000000092200000|100%| S|CS|TAMS 0x0000000092100000| PB 0x0000000092100000| Complete 
| 290|0x0000000092200000, 0x0000000092200000, 0x0000000092300000|  0%| F|  |TAMS 0x0000000092200000| PB 0x0000000092200000| Untracked 
| 291|0x0000000092300000, 0x0000000092300000, 0x0000000092400000|  0%| F|  |TAMS 0x0000000092300000| PB 0x0000000092300000| Untracked 
| 292|0x0000000092400000, 0x0000000092400000, 0x0000000092500000|  0%| F|  |TAMS 0x0000000092400000| PB 0x0000000092400000| Untracked 
| 293|0x0000000092500000, 0x0000000092500000, 0x0000000092600000|  0%| F|  |TAMS 0x0000000092500000| PB 0x0000000092500000| Untracked 
| 294|0x0000000092600000, 0x0000000092600000, 0x0000000092700000|  0%| F|  |TAMS 0x0000000092600000| PB 0x0000000092600000| Untracked 
| 295|0x0000000092700000, 0x0000000092700000, 0x0000000092800000|  0%| F|  |TAMS 0x0000000092700000| PB 0x0000000092700000| Untracked 
| 296|0x0000000092800000, 0x0000000092800000, 0x0000000092900000|  0%| F|  |TAMS 0x0000000092800000| PB 0x0000000092800000| Untracked 
| 297|0x0000000092900000, 0x0000000092900000, 0x0000000092a00000|  0%| F|  |TAMS 0x0000000092900000| PB 0x0000000092900000| Untracked 
| 298|0x0000000092a00000, 0x0000000092a00000, 0x0000000092b00000|  0%| F|  |TAMS 0x0000000092a00000| PB 0x0000000092a00000| Untracked 
| 299|0x0000000092b00000, 0x0000000092b00000, 0x0000000092c00000|  0%| F|  |TAMS 0x0000000092b00000| PB 0x0000000092b00000| Untracked 
| 300|0x0000000092c00000, 0x0000000092c00000, 0x0000000092d00000|  0%| F|  |TAMS 0x0000000092c00000| PB 0x0000000092c00000| Untracked 
| 301|0x0000000092d00000, 0x0000000092d00000, 0x0000000092e00000|  0%| F|  |TAMS 0x0000000092d00000| PB 0x0000000092d00000| Untracked 
| 302|0x0000000092e00000, 0x0000000092e00000, 0x0000000092f00000|  0%| F|  |TAMS 0x0000000092e00000| PB 0x0000000092e00000| Untracked 
| 303|0x0000000092f00000, 0x0000000092f00000, 0x0000000093000000|  0%| F|  |TAMS 0x0000000092f00000| PB 0x0000000092f00000| Untracked 
| 304|0x0000000093000000, 0x0000000093000000, 0x0000000093100000|  0%| F|  |TAMS 0x0000000093000000| PB 0x0000000093000000| Untracked 
| 305|0x0000000093100000, 0x0000000093100000, 0x0000000093200000|  0%| F|  |TAMS 0x0000000093100000| PB 0x0000000093100000| Untracked 
| 306|0x0000000093200000, 0x0000000093200000, 0x0000000093300000|  0%| F|  |TAMS 0x0000000093200000| PB 0x0000000093200000| Untracked 
| 307|0x0000000093300000, 0x0000000093300000, 0x0000000093400000|  0%| F|  |TAMS 0x0000000093300000| PB 0x0000000093300000| Untracked 
| 308|0x0000000093400000, 0x0000000093400000, 0x0000000093500000|  0%| F|  |TAMS 0x0000000093400000| PB 0x0000000093400000| Untracked 
| 309|0x0000000093500000, 0x0000000093500000, 0x0000000093600000|  0%| F|  |TAMS 0x0000000093500000| PB 0x0000000093500000| Untracked 
| 310|0x0000000093600000, 0x0000000093600000, 0x0000000093700000|  0%| F|  |TAMS 0x0000000093600000| PB 0x0000000093600000| Untracked 
| 311|0x0000000093700000, 0x0000000093700000, 0x0000000093800000|  0%| F|  |TAMS 0x0000000093700000| PB 0x0000000093700000| Untracked 
| 312|0x0000000093800000, 0x0000000093800000, 0x0000000093900000|  0%| F|  |TAMS 0x0000000093800000| PB 0x0000000093800000| Untracked 
| 313|0x0000000093900000, 0x0000000093900000, 0x0000000093a00000|  0%| F|  |TAMS 0x0000000093900000| PB 0x0000000093900000| Untracked 
| 314|0x0000000093a00000, 0x0000000093a00000, 0x0000000093b00000|  0%| F|  |TAMS 0x0000000093a00000| PB 0x0000000093a00000| Untracked 
| 315|0x0000000093b00000, 0x0000000093b00000, 0x0000000093c00000|  0%| F|  |TAMS 0x0000000093b00000| PB 0x0000000093b00000| Untracked 
| 316|0x0000000093c00000, 0x0000000093c00000, 0x0000000093d00000|  0%| F|  |TAMS 0x0000000093c00000| PB 0x0000000093c00000| Untracked 
| 317|0x0000000093d00000, 0x0000000093d00000, 0x0000000093e00000|  0%| F|  |TAMS 0x0000000093d00000| PB 0x0000000093d00000| Untracked 
| 318|0x0000000093e00000, 0x0000000093e00000, 0x0000000093f00000|  0%| F|  |TAMS 0x0000000093e00000| PB 0x0000000093e00000| Untracked 
| 319|0x0000000093f00000, 0x0000000093f00000, 0x0000000094000000|  0%| F|  |TAMS 0x0000000093f00000| PB 0x0000000093f00000| Untracked 
| 320|0x0000000094000000, 0x0000000094000000, 0x0000000094100000|  0%| F|  |TAMS 0x0000000094000000| PB 0x0000000094000000| Untracked 
| 321|0x0000000094100000, 0x0000000094100000, 0x0000000094200000|  0%| F|  |TAMS 0x0000000094100000| PB 0x0000000094100000| Untracked 
| 322|0x0000000094200000, 0x0000000094200000, 0x0000000094300000|  0%| F|  |TAMS 0x0000000094200000| PB 0x0000000094200000| Untracked 
| 323|0x0000000094300000, 0x0000000094300000, 0x0000000094400000|  0%| F|  |TAMS 0x0000000094300000| PB 0x0000000094300000| Untracked 
| 324|0x0000000094400000, 0x0000000094400000, 0x0000000094500000|  0%| F|  |TAMS 0x0000000094400000| PB 0x0000000094400000| Untracked 
| 325|0x0000000094500000, 0x0000000094500000, 0x0000000094600000|  0%| F|  |TAMS 0x0000000094500000| PB 0x0000000094500000| Untracked 
| 326|0x0000000094600000, 0x0000000094600000, 0x0000000094700000|  0%| F|  |TAMS 0x0000000094600000| PB 0x0000000094600000| Untracked 
| 327|0x0000000094700000, 0x0000000094700000, 0x0000000094800000|  0%| F|  |TAMS 0x0000000094700000| PB 0x0000000094700000| Untracked 
| 328|0x0000000094800000, 0x0000000094800000, 0x0000000094900000|  0%| F|  |TAMS 0x0000000094800000| PB 0x0000000094800000| Untracked 
| 329|0x0000000094900000, 0x0000000094900000, 0x0000000094a00000|  0%| F|  |TAMS 0x0000000094900000| PB 0x0000000094900000| Untracked 
| 330|0x0000000094a00000, 0x0000000094a00000, 0x0000000094b00000|  0%| F|  |TAMS 0x0000000094a00000| PB 0x0000000094a00000| Untracked 
| 331|0x0000000094b00000, 0x0000000094b00000, 0x0000000094c00000|  0%| F|  |TAMS 0x0000000094b00000| PB 0x0000000094b00000| Untracked 
| 332|0x0000000094c00000, 0x0000000094c00000, 0x0000000094d00000|  0%| F|  |TAMS 0x0000000094c00000| PB 0x0000000094c00000| Untracked 
| 333|0x0000000094d00000, 0x0000000094d00000, 0x0000000094e00000|  0%| F|  |TAMS 0x0000000094d00000| PB 0x0000000094d00000| Untracked 
| 334|0x0000000094e00000, 0x0000000094e00000, 0x0000000094f00000|  0%| F|  |TAMS 0x0000000094e00000| PB 0x0000000094e00000| Untracked 
| 335|0x0000000094f00000, 0x0000000094f00000, 0x0000000095000000|  0%| F|  |TAMS 0x0000000094f00000| PB 0x0000000094f00000| Untracked 
| 336|0x0000000095000000, 0x0000000095000000, 0x0000000095100000|  0%| F|  |TAMS 0x0000000095000000| PB 0x0000000095000000| Untracked 
| 337|0x0000000095100000, 0x0000000095100000, 0x0000000095200000|  0%| F|  |TAMS 0x0000000095100000| PB 0x0000000095100000| Untracked 
| 338|0x0000000095200000, 0x0000000095200000, 0x0000000095300000|  0%| F|  |TAMS 0x0000000095200000| PB 0x0000000095200000| Untracked 
| 339|0x0000000095300000, 0x0000000095300000, 0x0000000095400000|  0%| F|  |TAMS 0x0000000095300000| PB 0x0000000095300000| Untracked 
| 340|0x0000000095400000, 0x0000000095400000, 0x0000000095500000|  0%| F|  |TAMS 0x0000000095400000| PB 0x0000000095400000| Untracked 
| 341|0x0000000095500000, 0x0000000095500000, 0x0000000095600000|  0%| F|  |TAMS 0x0000000095500000| PB 0x0000000095500000| Untracked 
| 342|0x0000000095600000, 0x0000000095600000, 0x0000000095700000|  0%| F|  |TAMS 0x0000000095600000| PB 0x0000000095600000| Untracked 
| 343|0x0000000095700000, 0x0000000095700000, 0x0000000095800000|  0%| F|  |TAMS 0x0000000095700000| PB 0x0000000095700000| Untracked 
| 344|0x0000000095800000, 0x0000000095800000, 0x0000000095900000|  0%| F|  |TAMS 0x0000000095800000| PB 0x0000000095800000| Untracked 
| 345|0x0000000095900000, 0x0000000095900000, 0x0000000095a00000|  0%| F|  |TAMS 0x0000000095900000| PB 0x0000000095900000| Untracked 
| 346|0x0000000095a00000, 0x0000000095a00000, 0x0000000095b00000|  0%| F|  |TAMS 0x0000000095a00000| PB 0x0000000095a00000| Untracked 
| 347|0x0000000095b00000, 0x0000000095b00000, 0x0000000095c00000|  0%| F|  |TAMS 0x0000000095b00000| PB 0x0000000095b00000| Untracked 
| 348|0x0000000095c00000, 0x0000000095c00000, 0x0000000095d00000|  0%| F|  |TAMS 0x0000000095c00000| PB 0x0000000095c00000| Untracked 
| 349|0x0000000095d00000, 0x0000000095d00000, 0x0000000095e00000|  0%| F|  |TAMS 0x0000000095d00000| PB 0x0000000095d00000| Untracked 
| 350|0x0000000095e00000, 0x0000000095ec70b8, 0x0000000095f00000| 77%| E|  |TAMS 0x0000000095e00000| PB 0x0000000095e00000| Complete 
| 351|0x0000000095f00000, 0x0000000096000000, 0x0000000096000000|100%| E|CS|TAMS 0x0000000095f00000| PB 0x0000000095f00000| Complete 
|2013|0x00000000fdd00000, 0x00000000fde00000, 0x00000000fde00000|100%| O|  |TAMS 0x00000000fdd00000| PB 0x00000000fdd00000| Untracked 
|2014|0x00000000fde00000, 0x00000000fdf00000, 0x00000000fdf00000|100%| O|  |TAMS 0x00000000fde00000| PB 0x00000000fde00000| Untracked 
|2015|0x00000000fdf00000, 0x00000000fe000000, 0x00000000fe000000|100%| O|  |TAMS 0x00000000fdf00000| PB 0x00000000fdf00000| Untracked 
|2016|0x00000000fe000000, 0x00000000fe100000, 0x00000000fe100000|100%| O|  |TAMS 0x00000000fe000000| PB 0x00000000fe000000| Untracked 
|2017|0x00000000fe100000, 0x00000000fe200000, 0x00000000fe200000|100%| O|  |TAMS 0x00000000fe100000| PB 0x00000000fe100000| Untracked 
|2018|0x00000000fe200000, 0x00000000fe300000, 0x00000000fe300000|100%| E|CS|TAMS 0x00000000fe200000| PB 0x00000000fe200000| Complete 
|2019|0x00000000fe300000, 0x00000000fe400000, 0x00000000fe400000|100%| E|CS|TAMS 0x00000000fe300000| PB 0x00000000fe300000| Complete 
|2020|0x00000000fe400000, 0x00000000fe500000, 0x00000000fe500000|100%| E|CS|TAMS 0x00000000fe400000| PB 0x00000000fe400000| Complete 
|2021|0x00000000fe500000, 0x00000000fe600000, 0x00000000fe600000|100%| E|CS|TAMS 0x00000000fe500000| PB 0x00000000fe500000| Complete 
|2022|0x00000000fe600000, 0x00000000fe700000, 0x00000000fe700000|100%| E|  |TAMS 0x00000000fe600000| PB 0x00000000fe600000| Complete 
|2023|0x00000000fe700000, 0x00000000fe800000, 0x00000000fe800000|100%| E|CS|TAMS 0x00000000fe700000| PB 0x00000000fe700000| Complete 
|2024|0x00000000fe800000, 0x00000000fe900000, 0x00000000fe900000|100%| O|  |TAMS 0x00000000fe800000| PB 0x00000000fe800000| Untracked 
|2025|0x00000000fe900000, 0x00000000fea00000, 0x00000000fea00000|100%| E|CS|TAMS 0x00000000fe900000| PB 0x00000000fe900000| Complete 
|2026|0x00000000fea00000, 0x00000000feb00000, 0x00000000feb00000|100%| E|CS|TAMS 0x00000000fea00000| PB 0x00000000fea00000| Complete 
|2027|0x00000000feb00000, 0x00000000fec00000, 0x00000000fec00000|100%| E|CS|TAMS 0x00000000feb00000| PB 0x00000000feb00000| Complete 
|2028|0x00000000fec00000, 0x00000000fed00000, 0x00000000fed00000|100%| O|  |TAMS 0x00000000fec00000| PB 0x00000000fec00000| Untracked 
|2029|0x00000000fed00000, 0x00000000fee00000, 0x00000000fee00000|100%| O|  |TAMS 0x00000000fed00000| PB 0x00000000fed00000| Untracked 
|2030|0x00000000fee00000, 0x00000000fef00000, 0x00000000fef00000|100%| O|  |TAMS 0x00000000fee00000| PB 0x00000000fee00000| Untracked 
|2031|0x00000000fef00000, 0x00000000ff000000, 0x00000000ff000000|100%| E|CS|TAMS 0x00000000fef00000| PB 0x00000000fef00000| Complete 
|2032|0x00000000ff000000, 0x00000000ff100000, 0x00000000ff100000|100%| O|  |TAMS 0x00000000ff000000| PB 0x00000000ff000000| Untracked 
|2033|0x00000000ff100000, 0x00000000ff200000, 0x00000000ff200000|100%| O|  |TAMS 0x00000000ff100000| PB 0x00000000ff100000| Untracked 
|2034|0x00000000ff200000, 0x00000000ff300000, 0x00000000ff300000|100%| E|CS|TAMS 0x00000000ff200000| PB 0x00000000ff200000| Complete 
|2035|0x00000000ff300000, 0x00000000ff400000, 0x00000000ff400000|100%| O|  |TAMS 0x00000000ff300000| PB 0x00000000ff300000| Untracked 
|2036|0x00000000ff400000, 0x00000000ff500000, 0x00000000ff500000|100%| O|  |TAMS 0x00000000ff400000| PB 0x00000000ff400000| Untracked 
|2037|0x00000000ff500000, 0x00000000ff600000, 0x00000000ff600000|100%| O|  |TAMS 0x00000000ff500000| PB 0x00000000ff500000| Untracked 
|2038|0x00000000ff600000, 0x00000000ff700000, 0x00000000ff700000|100%| O|  |TAMS 0x00000000ff600000| PB 0x00000000ff600000| Untracked 
|2039|0x00000000ff700000, 0x00000000ff800000, 0x00000000ff800000|100%| O|  |TAMS 0x00000000ff700000| PB 0x00000000ff700000| Untracked 
|2040|0x00000000ff800000, 0x00000000ff900000, 0x00000000ff900000|100%| E|CS|TAMS 0x00000000ff800000| PB 0x00000000ff800000| Complete 
|2041|0x00000000ff900000, 0x00000000ffa00000, 0x00000000ffa00000|100%| O|  |TAMS 0x00000000ff900000| PB 0x00000000ff900000| Untracked 
|2042|0x00000000ffa00000, 0x00000000ffb00000, 0x00000000ffb00000|100%| O|  |TAMS 0x00000000ffa00000| PB 0x00000000ffa00000| Untracked 
|2043|0x00000000ffb00000, 0x00000000ffc00000, 0x00000000ffc00000|100%| O|  |TAMS 0x00000000ffb00000| PB 0x00000000ffb00000| Untracked 
|2044|0x00000000ffc00000, 0x00000000ffd00000, 0x00000000ffd00000|100%| O|  |TAMS 0x00000000ffc00000| PB 0x00000000ffc00000| Untracked 
|2045|0x00000000ffd00000, 0x00000000ffe00000, 0x00000000ffe00000|100%| E|CS|TAMS 0x00000000ffd00000| PB 0x00000000ffd00000| Complete 
|2046|0x00000000ffe00000, 0x00000000fff00000, 0x00000000fff00000|100%| O|  |TAMS 0x00000000ffe00000| PB 0x00000000ffe00000| Untracked 
|2047|0x00000000fff00000, 0x0000000100000000, 0x0000000100000000|100%| O|  |TAMS 0x00000000fff00000| PB 0x00000000fff00000| Untracked 

Card table byte_map: [0x000001bc62a10000,0x000001bc62e10000] _byte_map_base: 0x000001bc62610000

Marking Bits: (CMBitMap*) 0x000001bc4ffb8210
 Bits: [0x000001bc62e10000, 0x000001bc64e10000)

Polling page: 0x000001bc4df90000

Metaspace:

Usage:
  Non-class:    124.49 MB used.
      Class:     20.77 MB used.
       Both:    145.26 MB used.

Virtual space:
  Non-class space:      128.00 MB reserved,     125.75 MB ( 98%) committed,  2 nodes.
      Class space:        1.00 GB reserved,      21.94 MB (  2%) committed,  1 nodes.
             Both:        1.12 GB reserved,     147.69 MB ( 13%) committed. 

Chunk freelists:
   Non-Class:  1.97 MB
       Class:  10.11 MB
        Both:  12.08 MB

MaxMetaspaceSize: unlimited
CompressedClassSpaceSize: 1.00 GB
Initial GC threshold: 21.00 MB
Current GC threshold: 244.31 MB
CDS: off
 - commit_granule_bytes: 65536.
 - commit_granule_words: 8192.
 - virtual_space_node_default_size: 8388608.
 - enlarge_chunks_in_place: 1.
 - use_allocation_guard: 0.


Internal statistics:

num_allocs_failed_limit: 9.
num_arena_births: 4924.
num_arena_deaths: 50.
num_vsnodes_births: 3.
num_vsnodes_deaths: 0.
num_space_committed: 2362.
num_space_uncommitted: 0.
num_chunks_returned_to_freelist: 81.
num_chunks_taken_from_freelist: 11404.
num_chunk_merges: 25.
num_chunk_splits: 7466.
num_chunks_enlarged: 4789.
num_inconsistent_stats: 0.

CodeHeap 'non-profiled nmethods': size=120000Kb used=11081Kb max_used=11081Kb free=108919Kb
 bounds [0x000001bc5ab90000, 0x000001bc5b670000, 0x000001bc620c0000]
CodeHeap 'profiled nmethods': size=120000Kb used=33011Kb max_used=34170Kb free=86988Kb
 bounds [0x000001bc530c0000, 0x000001bc552d0000, 0x000001bc5a5f0000]
CodeHeap 'non-nmethods': size=5760Kb used=2098Kb max_used=2155Kb free=3661Kb
 bounds [0x000001bc5a5f0000, 0x000001bc5a860000, 0x000001bc5ab90000]
CodeCache: size=245760Kb, used=46190Kb, max_used=47406Kb, free=199568Kb
 total_blobs=17024, nmethods=16060, adapters=865, full_count=0
Compilation: enabled, stopped_count=0, restarted_count=0

Compilation events (20 events):
Event: 109.592 Thread 0x000001bc67cc7ec0 nmethod 22569 0x000001bc5395e290 code [0x000001bc5395e420, 0x000001bc5395e570]
Event: 109.592 Thread 0x000001bc67cc7ec0 22571       3       com.android.tools.r8.graph.ka::e (40 bytes)
Event: 109.593 Thread 0x000001bc67cc7ec0 nmethod 22571 0x000001bc54dd8990 code [0x000001bc54dd8b80, 0x000001bc54dd8f70]
Event: 109.593 Thread 0x000001bc67cc7ec0 22572   !   3       java.nio.ShortBuffer::wrap (21 bytes)
Event: 109.593 Thread 0x000001bc67cc7ec0 nmethod 22572 0x000001bc53c99c90 code [0x000001bc53c99e60, 0x000001bc53c9a0f8]
Event: 109.593 Thread 0x000001bc67cc7ec0 22570       2       com.android.tools.r8.dex.y::c (15 bytes)
Event: 109.594 Thread 0x000001bc67cc7ec0 nmethod 22570 0x000001bc53bf0010 code [0x000001bc53bf01e0, 0x000001bc53bf03f8]
Event: 109.594 Thread 0x000001bc67cc7ec0 22563       2       com.android.tools.r8.internal.oh0::<init> (20 bytes)
Event: 109.595 Thread 0x000001bc67cc7ec0 nmethod 22563 0x000001bc53966410 code [0x000001bc539665c0, 0x000001bc53966750]
Event: 109.595 Thread 0x000001bc67cc7ec0 22573       2       com.android.tools.r8.graph.g::a (20 bytes)
Event: 109.595 Thread 0x000001bc67cc7ec0 nmethod 22573 0x000001bc539c6310 code [0x000001bc539c64a0, 0x000001bc539c65b8]
Event: 109.595 Thread 0x000001bc67cc7ec0 22574       3       com.android.tools.r8.dex.y::a (73 bytes)
Event: 109.597 Thread 0x000001bc67cc7ec0 nmethod 22574 0x000001bc54fcf410 code [0x000001bc54fcf740, 0x000001bc54fd0c78]
Event: 109.597 Thread 0x000001bc67cc7ec0 22575       2       com.android.tools.r8.graph.w5::<init> (7 bytes)
Event: 109.598 Thread 0x000001bc67cc7ec0 nmethod 22575 0x000001bc53d04390 code [0x000001bc53d04540, 0x000001bc53d046f0]
Event: 109.598 Thread 0x000001bc67cc7ec0 22576       2       com.android.tools.r8.internal.qf0::<init> (37 bytes)
Event: 109.598 Thread 0x000001bc67cc7ec0 nmethod 22576 0x000001bc53d04d10 code [0x000001bc53d04ec0, 0x000001bc53d04fe0]
Event: 109.598 Thread 0x000001bc67cc7ec0 22577       3       com.android.tools.r8.internal.dh0::hashCode (21 bytes)
Event: 109.598 Thread 0x000001bc67cc7ec0 nmethod 22577 0x000001bc53a23590 code [0x000001bc53a23740, 0x000001bc53a23948]
Event: 109.598 Thread 0x000001bc67cc7ec0 22518       3       com.android.tools.r8.internal.fh0::<init> (21 bytes)

GC Heap History (20 events):
Event: 76.087 GC heap before
{Heap before GC invocations=87 (full 0):
 garbage-first heap   total 268288K, used 253183K [0x0000000080000000, 0x0000000100000000)
  region size 1024K, 101 young (103424K), 7 survivors (7168K)
 Metaspace       used 145842K, committed 148352K, reserved 1179648K
  class space    used 20927K, committed 22144K, reserved 1048576K
}
Event: 76.097 GC heap after
{Heap after GC invocations=88 (full 0):
 garbage-first heap   total 268288K, used 157070K [0x0000000080000000, 0x0000000100000000)
  region size 1024K, 7 young (7168K), 7 survivors (7168K)
 Metaspace       used 145842K, committed 148352K, reserved 1179648K
  class space    used 20927K, committed 22144K, reserved 1048576K
}
Event: 78.528 GC heap before
{Heap before GC invocations=88 (full 0):
 garbage-first heap   total 268288K, used 254350K [0x0000000080000000, 0x0000000100000000)
  region size 1024K, 101 young (103424K), 7 survivors (7168K)
 Metaspace       used 146587K, committed 149056K, reserved 1179648K
  class space    used 21009K, committed 22208K, reserved 1048576K
}
Event: 78.546 GC heap after
{Heap after GC invocations=89 (full 0):
 garbage-first heap   total 268288K, used 153183K [0x0000000080000000, 0x0000000100000000)
  region size 1024K, 5 young (5120K), 5 survivors (5120K)
 Metaspace       used 146587K, committed 149056K, reserved 1179648K
  class space    used 21009K, committed 22208K, reserved 1048576K
}
Event: 78.654 GC heap before
{Heap before GC invocations=89 (full 0):
 garbage-first heap   total 268288K, used 164447K [0x0000000080000000, 0x0000000100000000)
  region size 1024K, 18 young (18432K), 5 survivors (5120K)
 Metaspace       used 146606K, committed 149056K, reserved 1179648K
  class space    used 21012K, committed 22208K, reserved 1048576K
}
Event: 78.662 GC heap after
{Heap after GC invocations=90 (full 0):
 garbage-first heap   total 268288K, used 153240K [0x0000000080000000, 0x0000000100000000)
  region size 1024K, 5 young (5120K), 5 survivors (5120K)
 Metaspace       used 146606K, committed 149056K, reserved 1179648K
  class space    used 21012K, committed 22208K, reserved 1048576K
}
Event: 79.761 GC heap before
{Heap before GC invocations=91 (full 0):
 garbage-first heap   total 268288K, used 262808K [0x0000000080000000, 0x0000000100000000)
  region size 1024K, 103 young (105472K), 5 survivors (5120K)
 Metaspace       used 146615K, committed 149120K, reserved 1179648K
  class space    used 21012K, committed 22208K, reserved 1048576K
}
Event: 79.774 GC heap after
{Heap after GC invocations=92 (full 0):
 garbage-first heap   total 271360K, used 165580K [0x0000000080000000, 0x0000000100000000)
  region size 1024K, 6 young (6144K), 6 survivors (6144K)
 Metaspace       used 146615K, committed 149120K, reserved 1179648K
  class space    used 21012K, committed 22208K, reserved 1048576K
}
Event: 81.295 GC heap before
{Heap before GC invocations=92 (full 0):
 garbage-first heap   total 271360K, used 270028K [0x0000000080000000, 0x0000000100000000)
  region size 1024K, 94 young (96256K), 6 survivors (6144K)
 Metaspace       used 146815K, committed 149376K, reserved 1179648K
  class space    used 21031K, committed 22272K, reserved 1048576K
}
Event: 81.316 GC heap after
{Heap after GC invocations=93 (full 0):
 garbage-first heap   total 282624K, used 180824K [0x0000000080000000, 0x0000000100000000)
  region size 1024K, 9 young (9216K), 9 survivors (9216K)
 Metaspace       used 146815K, committed 149376K, reserved 1179648K
  class space    used 21031K, committed 22272K, reserved 1048576K
}
Event: 83.298 GC heap before
{Heap before GC invocations=93 (full 0):
 garbage-first heap   total 282624K, used 235096K [0x0000000080000000, 0x0000000100000000)
  region size 1024K, 64 young (65536K), 9 survivors (9216K)
 Metaspace       used 146824K, committed 149376K, reserved 1179648K
  class space    used 21031K, committed 22272K, reserved 1048576K
}
Event: 83.389 GC heap after
{Heap after GC invocations=94 (full 0):
 garbage-first heap   total 282624K, used 181879K [0x0000000080000000, 0x0000000100000000)
  region size 1024K, 7 young (7168K), 7 survivors (7168K)
 Metaspace       used 146824K, committed 149376K, reserved 1179648K
  class space    used 21031K, committed 22272K, reserved 1048576K
}
Event: 84.733 GC heap before
{Heap before GC invocations=95 (full 0):
 garbage-first heap   total 309248K, used 268919K [0x0000000080000000, 0x0000000100000000)
  region size 1024K, 88 young (90112K), 7 survivors (7168K)
 Metaspace       used 146885K, committed 149376K, reserved 1179648K
  class space    used 21041K, committed 22272K, reserved 1048576K
}
Event: 84.794 GC heap after
{Heap after GC invocations=96 (full 0):
 garbage-first heap   total 309248K, used 188584K [0x0000000080000000, 0x0000000100000000)
  region size 1024K, 8 young (8192K), 8 survivors (8192K)
 Metaspace       used 146885K, committed 149376K, reserved 1179648K
  class space    used 21041K, committed 22272K, reserved 1048576K
}
Event: 105.808 GC heap before
{Heap before GC invocations=96 (full 0):
 garbage-first heap   total 309248K, used 307368K [0x0000000080000000, 0x0000000100000000)
  region size 1024K, 47 young (48128K), 8 survivors (8192K)
 Metaspace       used 147488K, committed 149952K, reserved 1179648K
  class space    used 21133K, committed 22336K, reserved 1048576K
}
Event: 106.052 GC heap after
{Heap after GC invocations=97 (full 0):
 garbage-first heap   total 325632K, used 221470K [0x0000000080000000, 0x0000000100000000)
  region size 1024K, 13 young (13312K), 13 survivors (13312K)
 Metaspace       used 147488K, committed 149952K, reserved 1179648K
  class space    used 21133K, committed 22336K, reserved 1048576K
}
Event: 107.967 GC heap before
{Heap before GC invocations=97 (full 0):
 garbage-first heap   total 325632K, used 262430K [0x0000000080000000, 0x0000000100000000)
  region size 1024K, 55 young (56320K), 13 survivors (13312K)
 Metaspace       used 147553K, committed 150016K, reserved 1179648K
  class space    used 21135K, committed 22336K, reserved 1048576K
}
Event: 108.007 GC heap after
{Heap after GC invocations=98 (full 0):
 garbage-first heap   total 325632K, used 235979K [0x0000000080000000, 0x0000000100000000)
  region size 1024K, 12 young (12288K), 12 survivors (12288K)
 Metaspace       used 147553K, committed 150016K, reserved 1179648K
  class space    used 21135K, committed 22336K, reserved 1048576K
}
Event: 109.303 GC heap before
{Heap before GC invocations=99 (full 0):
 garbage-first heap   total 396288K, used 304587K [0x0000000080000000, 0x0000000100000000)
  region size 1024K, 76 young (77824K), 12 survivors (12288K)
 Metaspace       used 148301K, committed 150784K, reserved 1179648K
  class space    used 21215K, committed 22400K, reserved 1048576K
}
Event: 109.344 GC heap after
{Heap after GC invocations=100 (full 0):
 garbage-first heap   total 396288K, used 262498K [0x0000000080000000, 0x0000000100000000)
  region size 1024K, 10 young (10240K), 10 survivors (10240K)
 Metaspace       used 148301K, committed 150784K, reserved 1179648K
  class space    used 21215K, committed 22400K, reserved 1048576K
}

Dll operation events (3 events):
Event: 0.040 Loaded shared library D:\New folder\Android studio\jbr\bin\java.dll
Event: 0.059 Loaded shared library D:\New folder\Android studio\jbr\bin\zip.dll
Event: 1.882 Loaded shared library D:\New folder\Android studio\jbr\bin\verify.dll

Deoptimization events (20 events):
Event: 109.411 Thread 0x000001bc76e66f70 Uncommon trap: trap_request=0xffffff45 fr.pc=0x000001bc5acd5bd0 relative=0x00000000000000b0
Event: 109.412 Thread 0x000001bc76e66f70 Uncommon trap: reason=unstable_if action=reinterpret pc=0x000001bc5acd5bd0 method=com.android.tools.r8.internal.xm1$f.b()Z @ 4 c2
Event: 109.412 Thread 0x000001bc76e66f70 DEOPT PACKING pc=0x000001bc5acd5bd0 sp=0x000000b7605fe550
Event: 109.412 Thread 0x000001bc76e66f70 DEOPT UNPACKING pc=0x000001bc5a6443a2 sp=0x000000b7605fe488 mode 2
Event: 109.413 Thread 0x000001bc77649eb0 Uncommon trap: trap_request=0xffffff45 fr.pc=0x000001bc5ae602f8 relative=0x0000000000000138
Event: 109.413 Thread 0x000001bc77649eb0 Uncommon trap: reason=unstable_if action=reinterpret pc=0x000001bc5ae602f8 method=java.lang.ThreadLocal.get(Ljava/lang/Thread;)Ljava/lang/Object; @ 7 c2
Event: 109.413 Thread 0x000001bc77649eb0 DEOPT PACKING pc=0x000001bc5ae602f8 sp=0x000000b7608fde30
Event: 109.413 Thread 0x000001bc77649eb0 DEOPT UNPACKING pc=0x000001bc5a6443a2 sp=0x000000b7608fddd8 mode 2
Event: 109.482 Thread 0x000001bc77649eb0 Uncommon trap: trap_request=0xffffff45 fr.pc=0x000001bc5b2d9090 relative=0x0000000000000070
Event: 109.482 Thread 0x000001bc77649eb0 Uncommon trap: reason=unstable_if action=reinterpret pc=0x000001bc5b2d9090 method=com.android.tools.r8.internal.xm1$f.b()Z @ 4 c2
Event: 109.482 Thread 0x000001bc77649eb0 DEOPT PACKING pc=0x000001bc5b2d9090 sp=0x000000b7608fe2d0
Event: 109.483 Thread 0x000001bc77649eb0 DEOPT UNPACKING pc=0x000001bc5a6443a2 sp=0x000000b7608fe258 mode 2
Event: 109.509 Thread 0x000001bc77649190 Uncommon trap: trap_request=0xffffff45 fr.pc=0x000001bc5b1a0b90 relative=0x00000000000003d0
Event: 109.509 Thread 0x000001bc77649190 Uncommon trap: reason=unstable_if action=reinterpret pc=0x000001bc5b1a0b90 method=java.util.concurrent.ConcurrentLinkedQueue.offer(Ljava/lang/Object;)Z @ 96 c2
Event: 109.509 Thread 0x000001bc77649190 DEOPT PACKING pc=0x000001bc5b1a0b90 sp=0x000000b75fefebc0
Event: 109.510 Thread 0x000001bc77649190 DEOPT UNPACKING pc=0x000001bc5a6443a2 sp=0x000000b75fefeb00 mode 2
Event: 109.530 Thread 0x000001bc76e66f70 Uncommon trap: trap_request=0xffffff45 fr.pc=0x000001bc5ae84490 relative=0x00000000000003d0
Event: 109.530 Thread 0x000001bc76e66f70 Uncommon trap: reason=unstable_if action=reinterpret pc=0x000001bc5ae84490 method=java.util.concurrent.ConcurrentLinkedQueue.offer(Ljava/lang/Object;)Z @ 96 c2
Event: 109.530 Thread 0x000001bc76e66f70 DEOPT PACKING pc=0x000001bc5ae84490 sp=0x000000b7605fec80
Event: 109.530 Thread 0x000001bc76e66f70 DEOPT UNPACKING pc=0x000001bc5a6443a2 sp=0x000000b7605fec18 mode 2

Classes loaded (20 events):
Event: 109.388 Loading class java/util/concurrent/ForkJoinTask$InterruptibleTask done
Event: 109.388 Loading class java/util/concurrent/ForkJoinTask$AdaptedInterruptibleCallable done
Event: 109.388 Loading class java/util/concurrent/ForkJoinTask$Aux
Event: 109.390 Loading class java/util/concurrent/ForkJoinTask$Aux done
Event: 109.393 Loading class java/util/concurrent/ForkJoinPool$DefaultForkJoinWorkerThreadFactory$1
Event: 109.394 Loading class java/util/concurrent/ForkJoinPool$DefaultForkJoinWorkerThreadFactory$1 done
Event: 109.396 Loading class java/util/concurrent/CountedCompleter
Event: 109.401 Loading class java/util/concurrent/CountedCompleter done
Event: 109.463 Loading class java/nio/HeapShortBuffer
Event: 109.464 Loading class java/nio/HeapShortBuffer done
Event: 109.482 Loading class java/util/AbstractList$RandomAccessSubList
Event: 109.483 Loading class java/util/AbstractList$SubList
Event: 109.487 Loading class java/util/AbstractList$SubList done
Event: 109.487 Loading class java/util/AbstractList$RandomAccessSubList done
Event: 109.488 Loading class java/util/AbstractList$SubList$1
Event: 109.489 Loading class java/util/AbstractList$SubList$1 done
Event: 109.572 Loading class com/sun/org/apache/xerces/internal/dom/CommentImpl
Event: 109.572 Loading class org/w3c/dom/Comment
Event: 109.573 Loading class org/w3c/dom/Comment done
Event: 109.573 Loading class com/sun/org/apache/xerces/internal/dom/CommentImpl done

Classes unloaded (20 events):
Event: 63.554 Thread 0x000001bc67442e20 Unloading class 0x0000000101429000 'java/lang/invoke/LambdaForm$MH+0x0000000101429000'
Event: 63.554 Thread 0x000001bc67442e20 Unloading class 0x0000000101428c00 'java/lang/invoke/LambdaForm$MH+0x0000000101428c00'
Event: 63.554 Thread 0x000001bc67442e20 Unloading class 0x0000000101428000 'java/lang/invoke/LambdaForm$MH+0x0000000101428000'
Event: 63.554 Thread 0x000001bc67442e20 Unloading class 0x0000000101415800 'java/lang/invoke/LambdaForm$MH+0x0000000101415800'
Event: 63.554 Thread 0x000001bc67442e20 Unloading class 0x0000000101414c00 'java/lang/invoke/LambdaForm$DMH+0x0000000101414c00'
Event: 63.554 Thread 0x000001bc67442e20 Unloading class 0x0000000101414400 'java/lang/invoke/LambdaForm$DMH+0x0000000101414400'
Event: 63.554 Thread 0x000001bc67442e20 Unloading class 0x00000001013e0400 'java/lang/invoke/LambdaForm$DMH+0x00000001013e0400'
Event: 63.554 Thread 0x000001bc67442e20 Unloading class 0x00000001013e0c00 'java/lang/invoke/LambdaForm$DMH+0x00000001013e0c00'
Event: 63.554 Thread 0x000001bc67442e20 Unloading class 0x00000001013e0800 'java/lang/invoke/LambdaForm$DMH+0x00000001013e0800'
Event: 63.554 Thread 0x000001bc67442e20 Unloading class 0x00000001013e1000 'java/lang/invoke/LambdaForm$DMH+0x00000001013e1000'
Event: 63.554 Thread 0x000001bc67442e20 Unloading class 0x00000001013e1400 'java/lang/invoke/LambdaForm$DMH+0x00000001013e1400'
Event: 63.554 Thread 0x000001bc67442e20 Unloading class 0x000000010130d000 'java/lang/invoke/LambdaForm$DMH+0x000000010130d000'
Event: 63.554 Thread 0x000001bc67442e20 Unloading class 0x000000010130d400 'java/lang/invoke/LambdaForm$DMH+0x000000010130d400'
Event: 63.554 Thread 0x000001bc67442e20 Unloading class 0x000000010130c800 'java/lang/invoke/LambdaForm$DMH+0x000000010130c800'
Event: 63.554 Thread 0x000001bc67442e20 Unloading class 0x000000010130cc00 'java/lang/invoke/LambdaForm$DMH+0x000000010130cc00'
Event: 63.554 Thread 0x000001bc67442e20 Unloading class 0x000000010130c000 'java/lang/invoke/LambdaForm$DMH+0x000000010130c000'
Event: 63.554 Thread 0x000001bc67442e20 Unloading class 0x0000000101284c00 'java/lang/invoke/LambdaForm$DMH+0x0000000101284c00'
Event: 63.554 Thread 0x000001bc67442e20 Unloading class 0x0000000101284400 'java/lang/invoke/LambdaForm$DMH+0x0000000101284400'
Event: 63.554 Thread 0x000001bc67442e20 Unloading class 0x0000000101284800 'java/lang/invoke/LambdaForm$DMH+0x0000000101284800'
Event: 63.554 Thread 0x000001bc67442e20 Unloading class 0x0000000101285000 'java/lang/invoke/LambdaForm$DMH+0x0000000101285000'

Classes redefined (0 events):
No events

Internal exceptions (20 events):
Event: 109.067 Thread 0x000001bc6f571460 Exception <a 'sun/nio/fs/WindowsException'{0x0000000093f08840}> (0x0000000093f08840) 
thrown [s\src\hotspot\share\prims\jni.cpp, line 537]
Event: 109.082 Thread 0x000001bc6f571460 Exception <a 'sun/nio/fs/WindowsException'{0x0000000093e0fc50}> (0x0000000093e0fc50) 
thrown [s\src\hotspot\share\prims\jni.cpp, line 537]
Event: 109.399 Thread 0x000001bc77649190 Implicit null exception at 0x000001bc5ad02828 to 0x000001bc5ad028e8
Event: 109.401 Thread 0x000001bc77649190 Exception <a 'sun/nio/fs/WindowsException'{0x00000000fef82380}> (0x00000000fef82380) 
thrown [s\src\hotspot\share\prims\jni.cpp, line 537]
Event: 109.413 Thread 0x000001bc77649eb0 Implicit null exception at 0x000001bc5ae6021c to 0x000001bc5ae602dc
Event: 109.413 Thread 0x000001bc77649eb0 Exception <a 'sun/nio/fs/WindowsException'{0x00000000feb0ca60}> (0x00000000feb0ca60) 
thrown [s\src\hotspot\share\prims\jni.cpp, line 537]
Event: 109.414 Thread 0x000001bc79ad64d0 Exception <a 'sun/nio/fs/WindowsException'{0x00000000fefec5d8}> (0x00000000fefec5d8) 
thrown [s\src\hotspot\share\prims\jni.cpp, line 537]
Event: 109.421 Thread 0x000001bc799330b0 Exception <a 'sun/nio/fs/WindowsException'{0x00000000feb5c0a0}> (0x00000000feb5c0a0) 
thrown [s\src\hotspot\share\prims\jni.cpp, line 537]
Event: 109.422 Thread 0x000001bc79e2d5d0 Exception <a 'java/lang/NoSuchMethodError'{0x00000000feb6f9a0}: 'long java.lang.invoke.DirectMethodHandle$Holder.invokeStatic(java.lang.Object, java.lang.Object, java.lang.Object)'> (0x00000000feb6f9a0) 
thrown [s\src\hotspot\share\interpreter\linkResolver.cpp, line 784]
Event: 109.422 Thread 0x000001bc77649eb0 Exception <a 'java/lang/NoSuchMethodError'{0x00000000feb122a0}: 'long java.lang.invoke.DirectMethodHandle$Holder.invokeStatic(java.lang.Object, java.lang.Object, java.lang.Object)'> (0x00000000feb122a0) 
thrown [s\src\hotspot\share\interpreter\linkResolver.cpp, line 784]
Event: 109.422 Thread 0x000001bc79e2fd30 Exception <a 'java/lang/NoSuchMethodError'{0x00000000feb946d8}: 'long java.lang.invoke.DirectMethodHandle$Holder.invokeStatic(java.lang.Object, java.lang.Object, java.lang.Object)'> (0x00000000feb946d8) 
thrown [s\src\hotspot\share\interpreter\linkResolver.cpp, line 784]
Event: 109.426 Thread 0x000001bc799330b0 Exception <a 'sun/nio/fs/WindowsException'{0x00000000feb619d0}> (0x00000000feb619d0) 
thrown [s\src\hotspot\share\prims\jni.cpp, line 537]
Event: 109.432 Thread 0x000001bc799330b0 Exception <a 'sun/nio/fs/WindowsException'{0x00000000febcfc70}> (0x00000000febcfc70) 
thrown [s\src\hotspot\share\prims\jni.cpp, line 537]
Event: 109.439 Thread 0x000001bc799330b0 Exception <a 'sun/nio/fs/WindowsException'{0x00000000febe8ba8}> (0x00000000febe8ba8) 
thrown [s\src\hotspot\share\prims\jni.cpp, line 537]
Event: 109.443 Thread 0x000001bc799330b0 Exception <a 'sun/nio/fs/WindowsException'{0x00000000febf64a8}> (0x00000000febf64a8) 
thrown [s\src\hotspot\share\prims\jni.cpp, line 537]
Event: 109.447 Thread 0x000001bc799330b0 Exception <a 'sun/nio/fs/WindowsException'{0x00000000fea02170}> (0x00000000fea02170) 
thrown [s\src\hotspot\share\prims\jni.cpp, line 537]
Event: 109.450 Thread 0x000001bc799330b0 Exception <a 'sun/nio/fs/WindowsException'{0x00000000fea0e000}> (0x00000000fea0e000) 
thrown [s\src\hotspot\share\prims\jni.cpp, line 537]
Event: 109.455 Thread 0x000001bc799330b0 Exception <a 'sun/nio/fs/WindowsException'{0x00000000fea21d20}> (0x00000000fea21d20) 
thrown [s\src\hotspot\share\prims\jni.cpp, line 537]
Event: 109.458 Thread 0x000001bc799330b0 Exception <a 'sun/nio/fs/WindowsException'{0x00000000fea268a0}> (0x00000000fea268a0) 
thrown [s\src\hotspot\share\prims\jni.cpp, line 537]
Event: 109.477 Thread 0x000001bc79ad64d0 Exception <a 'sun/nio/fs/WindowsException'{0x00000000feb892f0}> (0x00000000feb892f0) 
thrown [s\src\hotspot\share\prims\jni.cpp, line 537]

ZGC Phase Switch (0 events):
No events

VM Operations (20 events):
Event: 101.078 Executing VM operation: Cleanup done
Event: 103.079 Executing VM operation: Cleanup
Event: 103.829 Executing VM operation: Cleanup done
Event: 104.949 Executing VM operation: G1CollectForAllocation (G1 Evacuation Pause)
Event: 106.052 Executing VM operation: G1CollectForAllocation (G1 Evacuation Pause) done
Event: 106.724 Executing VM operation: G1TryInitiateConcMark (G1 Humongous Allocation)
Event: 108.008 Executing VM operation: G1TryInitiateConcMark (G1 Humongous Allocation) done
Event: 108.237 Executing VM operation: G1PauseRemark
Event: 108.601 Executing VM operation: G1PauseRemark done
Event: 108.760 Executing VM operation: G1PauseCleanup
Event: 108.762 Executing VM operation: G1PauseCleanup done
Event: 109.303 Executing VM operation: G1CollectForAllocation (G1 Evacuation Pause)
Event: 109.344 Executing VM operation: G1CollectForAllocation (G1 Evacuation Pause) done
Event: 109.469 Executing VM operation: HandshakeAllThreads (Deoptimize)
Event: 109.470 Executing VM operation: HandshakeAllThreads (Deoptimize) done
Event: 109.475 Executing VM operation: HandshakeAllThreads (Deoptimize)
Event: 109.477 Executing VM operation: HandshakeAllThreads (Deoptimize) done
Event: 109.506 Executing VM operation: HandshakeAllThreads (Deoptimize)
Event: 109.519 Executing VM operation: HandshakeAllThreads (Deoptimize) done
Event: 109.816 Executing VM operation: G1CollectForAllocation (G1 Evacuation Pause)

Memory protections (0 events):
No events

Nmethod flushes (20 events):
Event: 108.332 Thread 0x000001bc67442e20 flushing  nmethod 0x000001bc53d8c810
Event: 108.332 Thread 0x000001bc67442e20 flushing  nmethod 0x000001bc5431ce90
Event: 108.332 Thread 0x000001bc67442e20 flushing  nmethod 0x000001bc545f3810
Event: 108.332 Thread 0x000001bc67442e20 flushing  nmethod 0x000001bc549a7090
Event: 108.332 Thread 0x000001bc67442e20 flushing  nmethod 0x000001bc5ade9690
Event: 108.332 Thread 0x000001bc67442e20 flushing  nmethod 0x000001bc531c2010
Event: 108.332 Thread 0x000001bc67442e20 flushing  nmethod 0x000001bc531c3c10
Event: 108.332 Thread 0x000001bc67442e20 flushing  nmethod 0x000001bc534b3790
Event: 108.332 Thread 0x000001bc67442e20 flushing  nmethod 0x000001bc537cf310
Event: 108.332 Thread 0x000001bc67442e20 flushing  nmethod 0x000001bc53889910
Event: 108.336 Thread 0x000001bc67442e20 flushing  nmethod 0x000001bc53be3c90
Event: 108.336 Thread 0x000001bc67442e20 flushing  nmethod 0x000001bc53be4d90
Event: 108.336 Thread 0x000001bc67442e20 flushing  nmethod 0x000001bc5390ef90
Event: 108.336 Thread 0x000001bc67442e20 flushing  nmethod 0x000001bc53da4890
Event: 108.336 Thread 0x000001bc67442e20 flushing  nmethod 0x000001bc54e25210
Event: 108.336 Thread 0x000001bc67442e20 flushing  nmethod 0x000001bc55192e10
Event: 108.336 Thread 0x000001bc67442e20 flushing  nmethod 0x000001bc54111810
Event: 108.336 Thread 0x000001bc67442e20 flushing  nmethod 0x000001bc544e3590
Event: 108.338 Thread 0x000001bc67442e20 flushing  nmethod 0x000001bc545e5b90
Event: 108.338 Thread 0x000001bc67442e20 flushing osr nmethod 0x000001bc55057990

Events (20 events):
Event: 78.236 Thread 0x000001bc76547530 Thread added: 0x000001bc79ad5e40
Event: 78.478 Thread 0x000001bc7764a540 Thread added: 0x000001bc76549c90
Event: 80.490 Thread 0x000001bc79d5e620 Thread exited: 0x000001bc79d5e620
Event: 80.513 Thread 0x000001bc79d5d270 Thread exited: 0x000001bc79d5d270
Event: 81.911 Thread 0x000001bc6dec0d20 Thread exited: 0x000001bc6dec0d20
Event: 102.236 Thread 0x000001bc67ca2330 Thread added: 0x000001bc6f5b3f50
Event: 104.799 Thread 0x000001bc6f5b3f50 Thread exited: 0x000001bc6f5b3f50
Event: 106.240 Thread 0x000001bc67cc7ec0 Thread added: 0x000001bc67301d80
Event: 109.396 Thread 0x000001bc79810fd0 Thread added: 0x000001bc77649190
Event: 109.397 Thread 0x000001bc77649190 Thread added: 0x000001bc799ab4e0
Event: 109.398 Thread 0x000001bc799ab4e0 Thread added: 0x000001bc7897bf70
Event: 109.399 Thread 0x000001bc7897bf70 Thread added: 0x000001bc76e66f70
Event: 109.401 Thread 0x000001bc76e66f70 Thread added: 0x000001bc79ad64d0
Event: 109.404 Thread 0x000001bc79ad64d0 Thread added: 0x000001bc77cfe630
Event: 109.406 Thread 0x000001bc77cfe630 Thread added: 0x000001bc77649eb0
Event: 109.408 Thread 0x000001bc77649eb0 Thread added: 0x000001bc778ff260
Event: 109.411 Thread 0x000001bc778ff260 Thread added: 0x000001bc77cfecc0
Event: 109.413 Thread 0x000001bc77cfecc0 Thread added: 0x000001bc799330b0
Event: 109.415 Thread 0x000001bc799330b0 Thread added: 0x000001bc79e2d5d0
Event: 109.416 Thread 0x000001bc79e2d5d0 Thread added: 0x000001bc79e2fd30


Dynamic libraries:
0x00007ff72a530000 - 0x00007ff72a53a000 	D:\New folder\Android studio\jbr\bin\java.exe
0x00007ff84a3a0000 - 0x00007ff84a607000 	C:\WINDOWS\SYSTEM32\ntdll.dll
0x00007ff849e60000 - 0x00007ff849f29000 	C:\WINDOWS\System32\KERNEL32.DLL
0x00007ff847210000 - 0x00007ff847604000 	C:\WINDOWS\System32\KERNELBASE.dll
0x00007ff846f50000 - 0x00007ff84709b000 	C:\WINDOWS\System32\ucrtbase.dll
0x00007ff831b90000 - 0x00007ff831ba8000 	D:\New folder\Android studio\jbr\bin\jli.dll
0x00007ff838c70000 - 0x00007ff838c8b000 	D:\New folder\Android studio\jbr\bin\VCRUNTIME140.dll
0x00007ff8488d0000 - 0x00007ff848a95000 	C:\WINDOWS\System32\USER32.dll
0x00007ff846dd0000 - 0x00007ff846df7000 	C:\WINDOWS\System32\win32u.dll
0x00007ff831860000 - 0x00007ff831af3000 	C:\WINDOWS\WinSxS\amd64_microsoft.windows.common-controls_6595b64144ccf1df_6.0.26100.8115_none_3e075c82e3354f9c\COMCTL32.dll
0x00007ff849580000 - 0x00007ff8495ab000 	C:\WINDOWS\System32\GDI32.dll
0x00007ff8492c0000 - 0x00007ff849369000 	C:\WINDOWS\System32\msvcrt.dll
0x00007ff848000000 - 0x00007ff84812b000 	C:\WINDOWS\System32\gdi32full.dll
0x00007ff846d20000 - 0x00007ff846dc3000 	C:\WINDOWS\System32\msvcp_win.dll
0x00007ff84a0e0000 - 0x00007ff84a112000 	C:\WINDOWS\System32\IMM32.DLL
0x00007ff83cb40000 - 0x00007ff83cb4c000 	D:\New folder\Android studio\jbr\bin\vcruntime140_1.dll
0x00007fffe6610000 - 0x00007fffe669d000 	D:\New folder\Android studio\jbr\bin\msvcp140.dll
0x00007fff4dc90000 - 0x00007fff4e926000 	D:\New folder\Android studio\jbr\bin\server\jvm.dll
0x00007ff84a120000 - 0x00007ff84a1d6000 	C:\WINDOWS\System32\ADVAPI32.dll
0x00007ff849fb0000 - 0x00007ff84a057000 	C:\WINDOWS\System32\sechost.dll
0x00007ff849a40000 - 0x00007ff849b58000 	C:\WINDOWS\System32\RPCRT4.dll
0x00007ff849130000 - 0x00007ff8491b0000 	C:\WINDOWS\System32\WS2_32.dll
0x00007ff846ad0000 - 0x00007ff846b2e000 	C:\WINDOWS\SYSTEM32\POWRPROF.dll
0x00007ff840cc0000 - 0x00007ff840ccb000 	C:\WINDOWS\SYSTEM32\VERSION.dll
0x00007ff840c10000 - 0x00007ff840c46000 	C:\WINDOWS\SYSTEM32\WINMM.dll
0x00007ff846ab0000 - 0x00007ff846ac4000 	C:\WINDOWS\SYSTEM32\UMPDC.dll
0x00007ff845a00000 - 0x00007ff845a1b000 	C:\WINDOWS\SYSTEM32\kernel.appcore.dll
0x00007ff83ae10000 - 0x00007ff83ae1a000 	D:\New folder\Android studio\jbr\bin\jimage.dll
0x00007ff844ca0000 - 0x00007ff844ee2000 	C:\WINDOWS\SYSTEM32\DBGHELP.DLL
0x00007ff848aa0000 - 0x00007ff848e22000 	C:\WINDOWS\System32\combase.dll
0x00007ff8493d0000 - 0x00007ff8494a8000 	C:\WINDOWS\System32\OLEAUT32.dll
0x00007ff831b00000 - 0x00007ff831b3b000 	C:\WINDOWS\SYSTEM32\dbgcore.DLL
0x00007ff846c70000 - 0x00007ff846d15000 	C:\WINDOWS\System32\bcryptPrimitives.dll
0x00007ff835800000 - 0x00007ff83580e000 	D:\New folder\Android studio\jbr\bin\instrument.dll
0x00007ff835c50000 - 0x00007ff835c70000 	D:\New folder\Android studio\jbr\bin\java.dll
0x00007ff835c30000 - 0x00007ff835c48000 	D:\New folder\Android studio\jbr\bin\zip.dll
0x00007ff848130000 - 0x00007ff848897000 	C:\WINDOWS\System32\SHELL32.dll
0x00007ff8470a0000 - 0x00007ff84720a000 	C:\WINDOWS\System32\wintypes.dll
0x00007ff847610000 - 0x00007ff847e78000 	C:\WINDOWS\System32\windows.storage.dll
0x00007ff8491c0000 - 0x00007ff8492b8000 	C:\WINDOWS\System32\SHCORE.dll
0x00007ff849d50000 - 0x00007ff849db6000 	C:\WINDOWS\System32\shlwapi.dll
0x00007ff846b90000 - 0x00007ff846bb9000 	C:\WINDOWS\SYSTEM32\profapi.dll
0x00007ff83a850000 - 0x00007ff83a860000 	D:\New folder\Android studio\jbr\bin\net.dll
0x00007ff83dab0000 - 0x00007ff83dbdd000 	C:\WINDOWS\SYSTEM32\WINHTTP.dll
0x00007ff845f70000 - 0x00007ff845fdc000 	C:\WINDOWS\system32\mswsock.dll
0x00007ff835c10000 - 0x00007ff835c26000 	D:\New folder\Android studio\jbr\bin\nio.dll
0x00007ff831bb0000 - 0x00007ff831bc0000 	D:\New folder\Android studio\jbr\bin\verify.dll
0x00007ff82cee0000 - 0x00007ff82cf07000 	C:\Users\Lenovo\.gradle\native\660c5614fbf4a5f2a75b1949f50a0caf5cd603558e7d8a26e50b933a0cfb79d1\windows-amd64\native-platform.dll
0x00007fffda610000 - 0x00007fffda687000 	C:\Users\Lenovo\.gradle\native\0.2.8\x86_64-windows-gnu\gradle-fileevents.dll
0x00007ff835770000 - 0x00007ff835779000 	D:\New folder\Android studio\jbr\bin\management.dll
0x00007ff8351c0000 - 0x00007ff8351cb000 	D:\New folder\Android studio\jbr\bin\management_ext.dll
0x00007ff8488c0000 - 0x00007ff8488c8000 	C:\WINDOWS\System32\PSAPI.DLL
0x00007ff8453c0000 - 0x00007ff8453f2000 	C:\WINDOWS\SYSTEM32\IPHLPAPI.DLL
0x00007ff849b60000 - 0x00007ff849b6a000 	C:\WINDOWS\System32\NSI.dll
0x00007ff8375d0000 - 0x00007ff8375d9000 	D:\New folder\Android studio\jbr\bin\extnet.dll
0x00007ff846250000 - 0x00007ff84626b000 	C:\WINDOWS\SYSTEM32\CRYPTSP.dll
0x00007ff845960000 - 0x00007ff845999000 	C:\WINDOWS\system32\rsaenh.dll
0x00007ff846020000 - 0x00007ff846053000 	C:\WINDOWS\SYSTEM32\USERENV.dll
0x00007ff846b60000 - 0x00007ff846b8a000 	C:\WINDOWS\SYSTEM32\bcrypt.dll
0x00007ff846270000 - 0x00007ff84627c000 	C:\WINDOWS\SYSTEM32\CRYPTBASE.dll
0x00007fffc7930000 - 0x00007fffc7938000 	C:\WINDOWS\system32\wshunix.dll
0x00007ff831560000 - 0x00007ff831567000 	D:\New folder\Android studio\jbr\bin\rmi.dll

JVMTI agents:
C:\Users\Lenovo\.gradle\wrapper\dists\gradle-9.2.1-bin\2t0n5ozlw9xmuyvbp7dnzaxug\gradle-9.2.1\lib\agents\gradle-instrumentation-agent-9.2.1.jar path:D:\New folder\Android studio\jbr\bin\instrument.dll, loaded, initialized, instrumentlib options:none

dbghelp: loaded successfully - version: 4.0.5 - missing functions: none
symbol engine: initialized successfully - sym options: 0x614 - pdb path: .;D:\New folder\Android studio\jbr\bin;C:\WINDOWS\SYSTEM32;C:\WINDOWS\WinSxS\amd64_microsoft.windows.common-controls_6595b64144ccf1df_6.0.26100.8115_none_3e075c82e3354f9c;D:\New folder\Android studio\jbr\bin\server;C:\Users\Lenovo\.gradle\native\660c5614fbf4a5f2a75b1949f50a0caf5cd603558e7d8a26e50b933a0cfb79d1\windows-amd64;C:\Users\Lenovo\.gradle\native\0.2.8\x86_64-windows-gnu

VM Arguments:
jvm_args: --add-opens=java.base/java.lang=ALL-UNNAMED --add-opens=java.base/java.lang.invoke=ALL-UNNAMED --add-opens=java.base/java.util=ALL-UNNAMED --add-opens=java.prefs/java.util.prefs=ALL-UNNAMED --add-exports=jdk.compiler/com.sun.tools.javac.api=ALL-UNNAMED --add-exports=jdk.compiler/com.sun.tools.javac.util=ALL-UNNAMED --add-opens=java.base/java.util=ALL-UNNAMED --add-opens=java.prefs/java.util.prefs=ALL-UNNAMED --add-opens=java.base/java.nio.charset=ALL-UNNAMED --add-opens=java.base/java.net=ALL-UNNAMED --add-opens=java.base/java.util.concurrent=ALL-UNNAMED --add-opens=java.base/java.util.concurrent.atomic=ALL-UNNAMED --add-opens=java.xml/javax.xml.namespace=ALL-UNNAMED --add-opens=java.base/java.time=ALL-UNNAMED -Xmx2048m -Dfile.encoding=UTF-8 -Duser.country=IN -Duser.language=en -Duser.variant -javaagent:C:\Users\Lenovo\.gradle\wrapper\dists\gradle-9.2.1-bin\2t0n5ozlw9xmuyvbp7dnzaxug\gradle-9.2.1\lib\agents\gradle-instrumentation-agent-9.2.1.jar 
java_command: org.gradle.launcher.daemon.bootstrap.GradleDaemon 9.2.1
java_class_path (initial): C:\Users\Lenovo\.gradle\wrapper\dists\gradle-9.2.1-bin\2t0n5ozlw9xmuyvbp7dnzaxug\gradle-9.2.1\lib\gradle-daemon-main-9.2.1.jar
Launcher Type: SUN_STANDARD

[Global flags]
     intx CICompilerCount                          = 4                                         {product} {ergonomic}
     uint ConcGCThreads                            = 3                                         {product} {ergonomic}
     uint G1ConcRefinementThreads                  = 10                                        {product} {ergonomic}
   size_t G1HeapRegionSize                         = 1048576                                   {product} {ergonomic}
    uintx GCDrainStackTargetSize                   = 64                                        {product} {ergonomic}
   size_t InitialHeapSize                          = 98566144                                  {product} {ergonomic}
   size_t MarkStackSize                            = 4194304                                   {product} {ergonomic}
   size_t MaxHeapSize                              = 2147483648                                {product} {command line}
   size_t MaxNewSize                               = 1287651328                                {product} {ergonomic}
   size_t MinHeapDeltaBytes                        = 1048576                                   {product} {ergonomic}
   size_t MinHeapSize                              = 8388608                                   {product} {ergonomic}
    uintx NonNMethodCodeHeapSize                   = 5839372                                {pd product} {ergonomic}
    uintx NonProfiledCodeHeapSize                  = 122909434                              {pd product} {ergonomic}
    uintx ProfiledCodeHeapSize                     = 122909434                              {pd product} {ergonomic}
    uintx ReservedCodeCacheSize                    = 251658240                              {pd product} {ergonomic}
     bool SegmentedCodeCache                       = true                                      {product} {ergonomic}
   size_t SoftMaxHeapSize                          = 2147483648                             {manageable} {ergonomic}
     bool UseCompressedOops                        = true                           {product lp64_product} {ergonomic}
     bool UseG1GC                                  = true                                      {product} {ergonomic}
     bool UseLargePagesIndividualAllocation        = false                                  {pd product} {ergonomic}

Logging:
Log output configuration:
 #0: stdout all=warning uptime,level,tags foldmultilines=false
 #1: stderr all=off uptime,level,tags foldmultilines=false

Release file:
JAVA_VERSION="21.0.9" 
MODULES="java.base java.compiler java.datatransfer java.xml java.prefs java.desktop java.instrument java.logging java.management java.security.sasl java.naming java.rmi java.management.rmi java.net.http java.scripting java.security.jgss java.transaction.xa java.sql java.sql.rowset java.xml.crypto java.se java.smartcardio jdk.accessibility jdk.internal.jvmstat jdk.attach jdk.charsets jdk.internal.opt jdk.zipfs jdk.compiler jdk.crypto.ec jdk.crypto.cryptoki jdk.dynalink jdk.hotspot.agent jdk.httpserver jdk.internal.ed jdk.internal.le jdk.internal.vm.ci jdk.jartool jdk.javadoc jdk.jcmd jdk.jdeps jdk.jdwp.agent jdk.jdi jdk.jfr jdk.jlink jdk.jsobject jdk.localedata jdk.management jdk.management.agent jdk.management.jfr jdk.naming.dns jdk.naming.rmi jdk.net jdk.sctp jdk.security.auth jdk.security.jgss jdk.unsupported jdk.unsupported.desktop jdk.xml.dom" 
IMPLEMENTOR="JetBrains s.r.o." 
JAVA_RUNTIME_VERSION="21.0.9+-14649483-b1163.86" 
LIBC="default" 
OS_ARCH="x86_64" 
OS_NAME="Windows" 
SOURCE=".:git:554d0c326095" 

Environment Variables:
JAVA_HOME=C:\JAVA\jdk-1.8\bin
PATH=C:\Program Files (x86)\Common Files\Oracle\Java\java8path;C:\Program Files (x86)\Common Files\Oracle\Java\javapath;C:\oracle\product\10.2.0\db_1\bin;C:\oraclexe\app\oracle\product\10.2.0\server\bin;C:\WINDOWS\system32;C:\WINDOWS;C:\WINDOWS\System32\Wbem;C:\WINDOWS\System32\WindowsPowerShell\v1.0\;C:\WINDOWS\System32\OpenSSH\;C:\Program Files\nodejs\;C:\Program Files\Git\cmd;C:\Program Files\Java\jdk-21\bin;C:\Program Files\apache-maven-3.9.9\bin;C:\Program Files\gradle-8.12.1\bin;C:\Program Files\Java\jdk-11.0.20\bin;C:\Hadoop\bin;C:\Hadoop\bin;C:\Users\Lenovo\Downloads\jdk-25_windows-x64_bin.exe;C:\Setup Files\JAVA\jdk-1.8\bin;C:\Setup Files\hadoop\bin;C:\Setup Files\hadoop\sbin;C:\Setup Files\hadoop;C:\JAVA\jdk-1.8\bin;C:\hadoop\bin;C:\hadoop\sbin;C:\hadoop;C:\Users\Lenovo\AppData\Local\Programs\Python\Python313\Scripts\;C:\Users\Lenovo\AppData\Local\Programs\Python\Python313\;C:\Users\Lenovo\AppData\Local\Programs\Python\Launcher\;C:\Users\Lenovo\AppData\Local\Microsoft\WindowsApps;C:\intelFPGA\20.1\modelsim_ase\win32aloem;C:\Users\Lenovo\AppData\Local\Programs\Microsoft VS Code\bin;C:\Users\Lenovo\AppData\Roaming\npm;C:\Users\Lenovo\AppData\Local\Microsoft\WindowsApps;C:\Users\Lenovo\AppData\Local\Programs\Antigravity\bin
USERNAME=Lenovo
OS=Windows_NT
PROCESSOR_IDENTIFIER=AMD64 Family 23 Model 104 Stepping 1, AuthenticAMD
TMP=C:\Users\Lenovo\AppData\Local\Temp
TEMP=C:\Users\Lenovo\AppData\Local\Temp




Periodic native trim disabled

JNI global refs:
JNI global refs: 31, weak refs: 59

JNI global refs memory usage: 835, weak refs: 1465

Process memory usage:
Resident Set Size: 567116K (9% of 6149880K total physical memory with 308684K free physical memory)

OOME stack traces (most recent first):
Classloader memory used:
Loader org.gradle.internal.classloader.VisitableURLClassLoader$InstrumentingVisitableURLClassLoader: 57220K
Loader org.gradle.internal.classloader.VisitableURLClassLoader                         : 46368K
Loader bootstrap                                                                       : 30598K
Loader org.gradle.initialization.MixInLegacyTypesClassLoader                           : 13309K
Loader jdk.internal.reflect.DelegatingClassLoader                                      : 529K
Loader jdk.internal.loader.ClassLoaders$AppClassLoader                                 : 233K
Loader org.gradle.internal.classloader.VisitableURLClassLoader                         : 209K
Loader jdk.internal.loader.ClassLoaders$PlatformClassLoader                            : 168K
Loader org.gradle.groovy.scripts.internal.DefaultScriptCompilationHandler$ScriptClassLoader: 128K

Classes loaded by more than one classloader:
Class Program                                                                         : loaded 5 times (x 72B)
Class Build_gradle                                                                    : loaded 3 times (x 126B)
Class com.google.common.collect.RegularImmutableMap$KeySet                            : loaded 2 times (x 152B)
Class org.gradle.internal.classloader.FilteringClassLoader                            : loaded 2 times (x 105B)
Class com.google.common.io.FileWriteMode                                              : loaded 2 times (x 79B)
Class com.google.common.base.CharMatcher$IsEither                                     : loaded 2 times (x 111B)
Class org.gradle.internal.classloader.ClassLoaderHierarchy                            : loaded 2 times (x 70B)
Class com.google.common.collect.ImmutableEnumSet                                      : loaded 2 times (x 146B)
Class com.google.common.util.concurrent.ExecutionError                                : loaded 2 times (x 82B)
Class com.google.common.collect.ImmutableList$1                                       : loaded 2 times (x 97B)
Class org.gradle.api.internal.classpath.ManifestUtil                                  : loaded 2 times (x 71B)
Class com.google.common.io.ByteArrayDataOutput                                        : loaded 2 times (x 70B)
Class com.google.common.collect.RegularImmutableMap                                   : loaded 2 times (x 121B)
Class com.google.common.collect.ImmutableMap$MapViewOfValuesAsSingletonSets           : loaded 2 times (x 126B)
Class [Lorg.objectweb.asm.Symbol;                                                     : loaded 2 times (x 69B)
Class org.objectweb.asm.ClassVisitor                                                  : loaded 2 times (x 88B)
Class com.google.common.collect.UnmodifiableListIterator                              : loaded 2 times (x 95B)
Class com.google.common.base.Platform$JdkPatternCompiler                              : loaded 2 times (x 75B)
Class org.objectweb.asm.MethodTooLargeException                                       : loaded 2 times (x 83B)
Class [Lcom.google.common.cache.CacheBuilder$OneWeigher;                              : loaded 2 times (x 69B)
Class com.google.common.base.Suppliers                                                : loaded 2 times (x 71B)
Class org.gradle.internal.classloader.DefaultClassLoaderFactory                       : loaded 2 times (x 82B)
Class org.gradle.internal.classloader.ClassLoaderVisitor                              : loaded 2 times (x 76B)
Class [Lcom.google.common.collect.ImmutableMapEntry;                                  : loaded 2 times (x 69B)
Class org.gradle.api.internal.classpath.EffectiveClassPath                            : loaded 2 times (x 90B)
Class com.google.common.collect.ListMultimap                                          : loaded 2 times (x 70B)
Class com.google.common.collect.ImmutableEnumMap                                      : loaded 2 times (x 126B)
Class com.google.common.collect.ImmutableSet$SerializedForm                           : loaded 2 times (x 73B)
Class com.google.common.collect.Sets$1                                                : loaded 2 times (x 139B)
Class org.objectweb.asm.AnnotationVisitor                                             : loaded 2 times (x 78B)
Class org.gradle.api.internal.DefaultClassPathProvider                                : loaded 2 times (x 76B)
Class com.google.common.collect.Sets$2                                                : loaded 2 times (x 139B)
Class [Lorg.gradle.api.internal.ClassPathProvider;                                    : loaded 2 times (x 69B)
Class org.gradle.api.internal.ClassPathProvider                                       : loaded 2 times (x 70B)
Class [Lorg.objectweb.asm.AnnotationVisitor;                                          : loaded 2 times (x 69B)
Class com.google.common.collect.Sets$3                                                : loaded 2 times (x 139B)
Class com.google.common.cache.LocalCache$LocalLoadingCache                            : loaded 2 times (x 134B)
Class org.gradle.internal.service.UnknownServiceException                             : loaded 2 times (x 83B)
Class com.google.common.io.ByteArrayDataInput                                         : loaded 2 times (x 70B)
Class com.google.common.collect.Sets$4                                                : loaded 2 times (x 139B)
Class org.objectweb.asm.ModuleVisitor                                                 : loaded 2 times (x 81B)
Class com.google.common.cache.LocalCache$Strength$1                                   : loaded 2 times (x 81B)
Class com.google.common.util.concurrent.SettableFuture                                : loaded 2 times (x 114B)
Class com.google.common.cache.LocalCache$Strength$2                                   : loaded 2 times (x 81B)
Class com.google.common.io.ByteStreams                                                : loaded 2 times (x 71B)
Class com.google.common.cache.LocalCache$Strength$3                                   : loaded 2 times (x 81B)
Class com.google.common.collect.MapDifference                                         : loaded 2 times (x 70B)
Class org.objectweb.asm.FieldWriter                                                   : loaded 2 times (x 78B)
Class com.google.common.cache.CacheBuilder$NullListener                               : loaded 2 times (x 82B)
Class org.gradle.internal.classpath.TransformedClassPath                              : loaded 2 times (x 96B)
Class org.gradle.internal.classloader.InstrumentingClassLoader                        : loaded 2 times (x 70B)
Class com.google.common.cache.CacheLoader$FunctionToCacheLoader                       : loaded 2 times (x 75B)
Class com.google.common.collect.Iterators$ArrayItr                                    : loaded 2 times (x 97B)
Class com.google.common.collect.ImmutableCollection$Builder                           : loaded 2 times (x 76B)
Class com.google.common.base.Joiner                                                   : loaded 2 times (x 79B)
Class com.google.common.base.MoreObjects                                              : loaded 2 times (x 71B)
Class com.google.common.base.Equivalence$Identity                                     : loaded 2 times (x 82B)
Class [Lorg.objectweb.asm.Type;                                                       : loaded 2 times (x 69B)
Class com.google.common.collect.UnmodifiableIterator                                  : loaded 2 times (x 80B)
Class org.gradle.internal.service.ServiceLocator                                      : loaded 2 times (x 70B)
Class com.google.common.base.Ascii                                                    : loaded 2 times (x 71B)
Class com.google.common.collect.SingletonImmutableBiMap                               : loaded 2 times (x 143B)
Class com.google.common.cache.LocalCache$1                                            : loaded 2 times (x 89B)
Class com.google.common.collect.Iterators$SingletonIterator                           : loaded 2 times (x 81B)
Class com.google.common.collect.AbstractMapEntry                                      : loaded 2 times (x 81B)
Class com.google.common.collect.Sets$ImprovedAbstractSet                              : loaded 2 times (x 135B)
Class com.google.common.collect.ImmutableList$Builder                                 : loaded 2 times (x 77B)
Class com.google.common.collect.AbstractMultimap                                      : loaded 2 times (x 123B)
Class com.google.common.cache.LocalCache$2                                            : loaded 2 times (x 142B)
Class ijJvmDebugger1_17ye2n80pjznkc3e2k4a5tn7d$_run_closure1$_closure2                : loaded 2 times (x 140B)
Class com.google.common.collect.RegularImmutableAsList                                : loaded 2 times (x 217B)
Class com.google.common.util.concurrent.AbstractFuture$Trusted                        : loaded 2 times (x 70B)
Class com.google.common.collect.Iterators                                             : loaded 2 times (x 71B)
Class com.google.common.io.ByteSink$AsCharSink                                        : loaded 2 times (x 80B)
Class com.google.common.collect.Lists$StringAsImmutableList                           : loaded 2 times (x 207B)
Class com.google.common.util.concurrent.UncheckedExecutionException                   : loaded 2 times (x 82B)
Class org.gradle.kotlin.dsl.VersionCatalogAccessorsKt                                 : loaded 2 times (x 71B)
Class com.google.common.collect.AbstractMapBasedMultimap$KeySet$1                     : loaded 2 times (x 82B)
Class org.objectweb.asm.ClassWriter                                                   : loaded 2 times (x 106B)
Class com.google.common.base.CharMatcher$And                                          : loaded 2 times (x 112B)
Class com.google.common.cache.CacheLoader$UnsupportedLoadingOperationException        : loaded 2 times (x 82B)
Class org.gradle.internal.classloader.ClasspathUtil$1                                 : loaded 2 times (x 76B)
Class com.google.common.base.Objects                                                  : loaded 2 times (x 71B)
Class org.objectweb.asm.FieldVisitor                                                  : loaded 2 times (x 77B)
Class com.google.common.collect.IndexedImmutableSet                                   : loaded 2 times (x 152B)
Class com.google.common.collect.ImmutableMap$1                                        : loaded 2 times (x 81B)
Class com.google.common.collect.BiMap                                                 : loaded 2 times (x 70B)
Class org.gradle.api.internal.classpath.DefaultModuleRegistry$DefaultModule           : loaded 2 times (x 86B)
Class com.google.common.primitives.Ints                                               : loaded 2 times (x 71B)
Class com.google.common.collect.AbstractIterator                                      : loaded 2 times (x 82B)
Class com.google.common.collect.ObjectArrays                                          : loaded 2 times (x 71B)
Class com.google.common.math.MathPreconditions                                        : loaded 2 times (x 71B)
Class com.google.common.collect.Multiset                                              : loaded 2 times (x 70B)
Class com.google.common.collect.ArrayListMultimapGwtSerializationDependencies         : loaded 2 times (x 172B)
Class com.google.common.collect.AbstractIndexedListIterator                           : loaded 2 times (x 96B)
Class com.google.common.collect.ImmutableMapEntrySet                                  : loaded 2 times (x 152B)
Class org.gradle.api.internal.classpath.Module                                        : loaded 2 times (x 70B)
Class com.google.common.cache.Weigher                                                 : loaded 2 times (x 70B)
Class org.gradle.api.internal.classpath.UnknownModuleException                        : loaded 2 times (x 82B)
Class com.google.common.base.Stopwatch                                                : loaded 2 times (x 72B)
Class com.google.common.cache.LocalCache$Strength                                     : loaded 2 times (x 81B)
Class com.google.common.cache.Cache                                                   : loaded 2 times (x 70B)
Class com.google.common.base.NullnessCasts                                            : loaded 2 times (x 71B)
Class com.google.common.util.concurrent.AbstractFuture$Cancellation                   : loaded 2 times (x 72B)
Class com.google.common.collect.ImmutableMap$Builder                                  : loaded 2 times (x 82B)
Class com.google.common.cache.RemovalListener                                         : loaded 2 times (x 70B)
Class org.gradle.api.internal.DefaultClassPathRegistry                                : loaded 2 times (x 76B)
Class com.google.common.primitives.IntsMethodsForWeb                                  : loaded 2 times (x 71B)
Class com.google.common.collect.Multimap                                              : loaded 2 times (x 70B)
Class org.gradle.api.internal.ClassPathRegistry                                       : loaded 2 times (x 70B)
Class org.gradle.internal.classpath.DefaultClassPath$ImmutableUniqueList              : loaded 2 times (x 199B)
Class com.google.common.base.ExtraObjectsMethodsForWeb                                : loaded 2 times (x 71B)
Class com.google.common.collect.Platform                                              : loaded 2 times (x 71B)
Class com.google.common.io.ByteSink                                                   : loaded 2 times (x 76B)
Class com.google.common.cache.CacheBuilder                                            : loaded 2 times (x 72B)
Class com.google.common.collect.SingletonImmutableList                                : loaded 2 times (x 207B)
Class Settings_gradle$1                                                               : loaded 2 times (x 74B)
Class org.gradle.internal.classpath.ClassPath                                         : loaded 2 times (x 70B)
Class com.google.common.io.Files$FileByteSource                                       : loaded 2 times (x 85B)
Class com.google.common.base.JdkPattern                                               : loaded 2 times (x 75B)
Class com.google.common.collect.ImmutableList$ReverseImmutableList                    : loaded 2 times (x 209B)
Class org.objectweb.asm.SymbolTable$Entry                                             : loaded 2 times (x 74B)
Class org.objectweb.asm.Edge                                                          : loaded 2 times (x 72B)
Class com.google.common.base.Suppliers$SupplierOfInstance                             : loaded 2 times (x 79B)
Class com.google.common.collect.Iterators$1                                           : loaded 2 times (x 81B)
Class com.google.common.cache.LocalCache$ComputingValueReference                      : loaded 2 times (x 96B)
Class com.google.common.collect.SingletonImmutableSet                                 : loaded 2 times (x 146B)
Class com.google.common.collect.ImmutableMap$IteratorBasedImmutableMap                : loaded 2 times (x 126B)
Class ijKotlinCoroutineJvmDebugInit1_f32c06co82uw578oic4cazck8$_run_closure1          : loaded 2 times (x 139B)
Class com.google.common.cache.LocalCache$Segment                                      : loaded 2 times (x 154B)
Class com.google.common.collect.AbstractListMultimap                                  : loaded 2 times (x 172B)
Class [Lorg.objectweb.asm.SymbolTable$Entry;                                          : loaded 2 times (x 69B)
Class com.google.common.cache.CacheLoader                                             : loaded 2 times (x 74B)
Class com.google.common.collect.Iterators$4                                           : loaded 2 times (x 82B)
Class com.google.common.collect.ImmutableBiMap                                        : loaded 2 times (x 143B)
Class org.gradle.api.internal.classpath.ModuleRegistry                                : loaded 2 times (x 70B)
Class org.gradle.internal.installation.GradleInstallation$1                           : loaded 2 times (x 75B)
Class com.google.common.collect.ImmutableSet$JdkBackedSetBuilderImpl                  : loaded 2 times (x 76B)
Class com.google.common.util.concurrent.internal.InternalFutureFailureAccess          : loaded 2 times (x 72B)
Class com.google.common.collect.Iterators$5                                           : loaded 2 times (x 82B)
Class com.google.common.base.CharMatcher$ForPredicate                                 : loaded 2 times (x 112B)
Class com.google.common.cache.LocalCache$LocalManualCache$1                           : loaded 2 times (x 75B)
Class com.google.common.base.CharMatcher$AnyOf                                        : loaded 2 times (x 112B)
Class com.google.common.collect.ImmutableCollection                                   : loaded 2 times (x 125B)
Class org.gradle.api.internal.classpath.DefaultModuleRegistry                         : loaded 2 times (x 86B)
Class com.google.common.collect.Lists                                                 : loaded 2 times (x 71B)
Class com.google.common.util.concurrent.ListenableFuture                              : loaded 2 times (x 70B)
Class com.google.common.cache.ReferenceEntry                                          : loaded 2 times (x 70B)
Class com.google.common.base.Converter                                                : loaded 2 times (x 90B)
Class com.google.common.collect.ImmutableSet$CachingAsList                            : loaded 2 times (x 148B)
Class com.google.common.collect.AbstractMapBasedMultimap                              : loaded 2 times (x 139B)
Class com.google.common.util.concurrent.AbstractFuture                                : loaded 2 times (x 106B)
Class com.google.common.base.FunctionalEquivalence                                    : loaded 2 times (x 83B)
Class com.google.common.collect.Iterators$9                                           : loaded 2 times (x 81B)
Class com.google.common.collect.ImmutableAsList                                       : loaded 2 times (x 209B)
Class org.objectweb.asm.RecordComponentVisitor                                        : loaded 2 times (x 77B)
Class com.google.common.cache.CacheLoader$SupplierToCacheLoader                       : loaded 2 times (x 75B)
Class com.google.common.collect.Maps$EntryTransformer                                 : loaded 2 times (x 70B)
Class org.gradle.internal.service.ServiceLookupException                              : loaded 2 times (x 82B)
Class [Lcom.google.common.cache.LocalCache$EntryFactory;                              : loaded 2 times (x 69B)
Class ijJvmDebugger1_17ye2n80pjznkc3e2k4a5tn7d$_run_closure1                          : loaded 2 times (x 139B)
Class org.gradle.internal.classloader.ClassLoaderFactory                              : loaded 2 times (x 70B)
Class com.google.common.base.CommonPattern                                            : loaded 2 times (x 74B)
Class com.google.common.base.CharMatcher$IsNot                                        : loaded 2 times (x 111B)
Class com.google.common.cache.LocalCache$LocalManualCache                             : loaded 2 times (x 99B)
Class org.gradle.internal.service.CachingServiceLocator                               : loaded 2 times (x 82B)
Class com.google.common.collect.AbstractMapBasedMultimap$KeySet                       : loaded 2 times (x 137B)
Class com.google.common.math.IntMath                                                  : loaded 2 times (x 71B)
Class com.google.common.collect.ImmutableMapEntry                                     : loaded 2 times (x 85B)
Class com.google.common.base.Equivalence                                              : loaded 2 times (x 82B)
Class com.google.common.base.Function                                                 : loaded 2 times (x 70B)
Class com.google.common.collect.ImmutableMapEntry$NonTerminalImmutableMapEntry        : loaded 2 times (x 85B)
Class com.google.common.collect.IndexedImmutableSet$1                                 : loaded 2 times (x 213B)
Class com.google.common.cache.CacheBuilder$OneWeigher                                 : loaded 2 times (x 82B)
Class com.google.common.collect.RegularImmutableList                                  : loaded 2 times (x 213B)
Class org.gradle.internal.classloader.ClasspathUtil                                   : loaded 2 times (x 71B)
Class com.google.common.util.concurrent.Uninterruptibles                              : loaded 2 times (x 71B)
Class ijJvmDebugger1_17ye2n80pjznkc3e2k4a5tn7d                                        : loaded 2 times (x 171B)
Class com.google.common.util.concurrent.LazyLogger                                    : loaded 2 times (x 72B)
Class com.google.common.collect.Maps                                                  : loaded 2 times (x 71B)
Class org.gradle.api.specs.Spec                                                       : loaded 2 times (x 70B)
Class [Lcom.google.common.collect.ImmutableEntry;                                     : loaded 2 times (x 69B)
Class com.google.common.cache.LocalCache$LoadingValueReference                        : loaded 2 times (x 96B)
Class com.google.common.base.Platform                                                 : loaded 2 times (x 71B)
Class [Lorg.objectweb.asm.AnnotationWriter;                                           : loaded 2 times (x 69B)
Class com.google.common.collect.Maps$8                                                : loaded 2 times (x 82B)
Class ijKotlinCoroutineJvmDebugInit1_f32c06co82uw578oic4cazck8$_run_closure1$_closure2: loaded 2 times (x 139B)
Class com.google.common.collect.Sets$SetView                                          : loaded 2 times (x 138B)
Class com.google.common.cache.LocalCache$StrongValueReference                         : loaded 2 times (x 90B)
Class com.google.common.graph.SuccessorsFunction                                      : loaded 2 times (x 70B)
Class org.objectweb.asm.Type                                                          : loaded 2 times (x 72B)
Class org.gradle.internal.classloader.VisitableURLClassLoader$InstrumentingVisitableURLClassLoader: loaded 2 times (x 123B)
Class com.google.common.io.Files$FileByteSink                                         : loaded 2 times (x 77B)
Class com.google.common.math.IntMath$1                                                : loaded 2 times (x 71B)
Class org.objectweb.asm.ByteVector                                                    : loaded 2 times (x 79B)
Class [Lcom.google.common.cache.CacheBuilder$NullListener;                            : loaded 2 times (x 69B)
Class org.gradle.internal.classloader.VisitableURLClassLoader$Spec                    : loaded 2 times (x 74B)
Class org.gradle.internal.classpath.DefaultClassPath                                  : loaded 2 times (x 90B)
Class org.objectweb.asm.Symbol                                                        : loaded 2 times (x 73B)
Class com.google.common.io.Closer                                                     : loaded 2 times (x 78B)
Class com.google.common.base.CharMatcher$BitSetMatcher                                : loaded 2 times (x 112B)
Class com.google.common.collect.RegularImmutableMap$Values                            : loaded 2 times (x 207B)
Class com.google.common.collect.ImmutableSet                                          : loaded 2 times (x 145B)
Class org.gradle.internal.classloader.ClassLoaderSpec                                 : loaded 2 times (x 71B)
Class org.objectweb.asm.AnnotationWriter                                              : loaded 2 times (x 79B)
Class com.google.common.cache.CacheStats                                              : loaded 2 times (x 71B)
Class com.google.common.io.LineProcessor                                              : loaded 2 times (x 70B)
Class com.google.common.io.Closer$Suppressor                                          : loaded 2 times (x 70B)
Class org.objectweb.asm.RecordComponentWriter                                         : loaded 2 times (x 78B)
Class com.google.common.util.concurrent.AbstractFuture$Listener                       : loaded 2 times (x 72B)
Class com.google.common.base.CharMatcher$Or                                           : loaded 2 times (x 112B)
Class Settings_gradle$1$1                                                             : loaded 2 times (x 74B)
Class org.objectweb.asm.Attribute                                                     : loaded 2 times (x 77B)
Class com.google.common.base.Supplier                                                 : loaded 2 times (x 70B)
Class org.gradle.internal.classloader.VisitableURLClassLoader                         : loaded 2 times (x 117B)
Class Settings_gradle                                                                 : loaded 2 times (x 124B)
Class org.gradle.internal.Cast                                                        : loaded 2 times (x 71B)
Class org.gradle.api.Action                                                           : loaded 2 times (x 70B)
Class com.google.common.base.Strings                                                  : loaded 2 times (x 71B)
Class com.google.common.collect.Sets                                                  : loaded 2 times (x 71B)
Class org.objectweb.asm.Handler                                                       : loaded 2 times (x 72B)
Class com.google.common.base.CharMatcher$FastMatcher                                  : loaded 2 times (x 111B)
Class com.google.common.base.Ticker                                                   : loaded 2 times (x 72B)
Class [Lcom.google.common.cache.LocalCache$Segment;                                   : loaded 2 times (x 69B)
Class com.google.common.base.Predicate                                                : loaded 2 times (x 70B)
Class [Lcom.google.common.cache.LocalCache$Strength;                                  : loaded 2 times (x 69B)
Class com.google.common.cache.CacheBuilder$1                                          : loaded 2 times (x 85B)
Class com.google.common.collect.ImmutableMap                                          : loaded 2 times (x 120B)
Class org.gradle.internal.classpath.DefaultClassPath$ImmutableUniqueList$Builder      : loaded 2 times (x 75B)
Class com.google.common.base.CharMatcher$NegatedFastMatcher                           : loaded 2 times (x 113B)
Class com.google.common.cache.LocalCache                                              : loaded 2 times (x 187B)
Class com.google.common.cache.CacheBuilder$2                                          : loaded 2 times (x 79B)
Class com.google.common.collect.ArrayListMultimap                                     : loaded 2 times (x 172B)
Class com.google.common.cache.CacheBuilder$3                                          : loaded 2 times (x 72B)
Class [Lcom.google.common.collect.AbstractMapEntry;                                   : loaded 2 times (x 69B)
Class com.google.common.collect.ImmutableEntry                                        : loaded 2 times (x 82B)
Class org.gradle.api.GradleException                                                  : loaded 2 times (x 82B)
Class com.google.common.base.Suppliers$MemoizingSupplier                              : loaded 2 times (x 79B)
Class com.google.common.collect.CollectPreconditions                                  : loaded 2 times (x 71B)
Class [Lcom.google.common.io.FileWriteMode;                                           : loaded 2 times (x 69B)
Class com.google.common.collect.SortedMapDifference                                   : loaded 2 times (x 70B)
Class com.google.common.io.Files                                                      : loaded 2 times (x 71B)
Class com.google.common.cache.LocalCache$EntryFactory                                 : loaded 2 times (x 83B)
Class com.google.common.cache.LocalCache$AbstractReferenceEntry                       : loaded 2 times (x 107B)
Class org.gradle.internal.IoActions                                                   : loaded 2 times (x 71B)
Class org.objectweb.asm.SymbolTable                                                   : loaded 2 times (x 72B)
Class com.google.common.cache.CacheLoader$InvalidCacheLoadException                   : loaded 2 times (x 82B)
Class com.google.common.collect.ImmutableSet$RegularSetBuilderImpl                    : loaded 2 times (x 77B)
Class org.gradle.internal.classloader.SystemClassLoaderSpec                           : loaded 2 times (x 71B)
Class com.google.common.cache.LocalCache$StrongEntry                                  : loaded 2 times (x 108B)
Class com.google.common.util.concurrent.AbstractFuture$TrustedFuture                  : loaded 2 times (x 114B)
Class com.google.common.cache.LoadingCache                                            : loaded 2 times (x 70B)
Class com.google.common.io.ByteStreams$LimitedInputStream                             : loaded 2 times (x 92B)
Class com.google.common.base.Suppliers$NonSerializableMemoizingSupplier               : loaded 2 times (x 79B)
Class org.objectweb.asm.MethodWriter                                                  : loaded 2 times (x 106B)
Class [Lcom.google.common.cache.Weigher;                                              : loaded 2 times (x 69B)
Class com.google.common.collect.RegularImmutableMap$BucketOverflowException           : loaded 2 times (x 82B)
Class com.google.common.collect.RegularImmutableBiMap                                 : loaded 2 times (x 149B)
Class com.google.common.base.CharMatcher$Negated                                      : loaded 2 times (x 113B)
Class com.google.common.base.CharMatcher$Is                                           : loaded 2 times (x 111B)
Class com.google.common.cache.LocalCache$ValueReference                               : loaded 2 times (x 70B)
Class com.google.common.base.PatternCompiler                                          : loaded 2 times (x 70B)
Class com.google.common.util.concurrent.AbstractFuture$Failure                        : loaded 2 times (x 72B)
Class com.google.common.base.Equivalence$Equals                                       : loaded 2 times (x 82B)
Class com.google.common.collect.Hashing                                               : loaded 2 times (x 71B)
Class com.google.common.base.Preconditions                                            : loaded 2 times (x 71B)
Class com.google.common.io.CharSink                                                   : loaded 2 times (x 79B)
Class com.google.common.base.Joiner$1                                                 : loaded 2 times (x 80B)
Class org.objectweb.asm.Label                                                         : loaded 2 times (x 73B)
Class org.objectweb.asm.CurrentFrame                                                  : loaded 2 times (x 73B)
Class org.objectweb.asm.ClassTooLargeException                                        : loaded 2 times (x 83B)
Class com.google.common.base.CharMatcher                                              : loaded 2 times (x 111B)
Class com.google.common.collect.PeekingIterator                                       : loaded 2 times (x 70B)
Class com.google.common.collect.Maps$IteratorBasedAbstractMap                         : loaded 2 times (x 125B)
Class com.google.common.base.Joiner$2                                                 : loaded 2 times (x 79B)
Class org.objectweb.asm.Frame                                                         : loaded 2 times (x 73B)
Class org.objectweb.asm.MethodVisitor                                                 : loaded 2 times (x 105B)
Class com.google.common.base.CharMatcher$1                                            : loaded 2 times (x 113B)
Class com.google.common.base.CharMatcher$NamedFastMatcher                             : loaded 2 times (x 112B)
Class com.google.common.cache.LocalCache$EntryFactory$1                               : loaded 2 times (x 83B)
Class [Lcom.google.common.cache.RemovalListener;                                      : loaded 2 times (x 69B)
Class ijKotlinCoroutineJvmDebugInit1_f32c06co82uw578oic4cazck8                        : loaded 2 times (x 171B)
Class com.google.common.cache.LocalCache$EntryFactory$2                               : loaded 2 times (x 83B)
Class org.gradle.api.internal.classpath.GlobalCacheRootsProvider                      : loaded 2 times (x 70B)
Class org.objectweb.asm.ModuleWriter                                                  : loaded 2 times (x 82B)
Class com.google.common.cache.LocalCache$EntryFactory$3                               : loaded 2 times (x 83B)
Class com.google.common.base.Ticker$1                                                 : loaded 2 times (x 72B)
Class com.google.common.collect.Maps$BiMapConverter                                   : loaded 2 times (x 90B)
Class com.google.common.collect.ImmutableMapEntrySet$RegularEntrySet                  : loaded 2 times (x 152B)
Class com.google.common.collect.ImmutableSet$Builder                                  : loaded 2 times (x 85B)
Class com.google.common.base.CharMatcher$InRange                                      : loaded 2 times (x 111B)
Class com.google.common.cache.LocalCache$EntryFactory$4                               : loaded 2 times (x 83B)
Class com.google.common.io.ByteStreams$1                                              : loaded 2 times (x 85B)
Class com.google.common.cache.LocalCache$EntryFactory$5                               : loaded 2 times (x 83B)
Class com.google.common.base.PairwiseEquivalence                                      : loaded 2 times (x 83B)
Class com.google.common.cache.LocalCache$EntryFactory$6                               : loaded 2 times (x 83B)
Class org.gradle.internal.installation.CurrentGradleInstallationLocator               : loaded 2 times (x 71B)
Class com.google.common.collect.Maps$KeySet                                           : loaded 2 times (x 137B)
Class com.google.common.collect.ImmutableSet$EmptySetBuilderImpl                      : loaded 2 times (x 76B)
Class com.google.common.cache.LocalCache$EntryFactory$7                               : loaded 2 times (x 83B)
Class com.google.common.collect.ImmutableList                                         : loaded 2 times (x 206B)
Class org.gradle.internal.service.DefaultServiceLocator                               : loaded 2 times (x 83B)
Class com.google.common.cache.LocalCache$EntryFactory$8                               : loaded 2 times (x 83B)
Class com.google.common.collect.ImmutableSet$SetBuilderImpl                           : loaded 2 times (x 76B)
Class org.gradle.internal.installation.CurrentGradleInstallation                      : loaded 2 times (x 73B)
Class com.google.common.cache.CacheLoader$1                                           : loaded 2 times (x 75B)
Class com.google.common.collect.ForwardingObject                                      : loaded 2 times (x 72B)
Class com.google.common.collect.ImmutableList$SubList                                 : loaded 2 times (x 209B)
Class org.gradle.util.internal.GUtil                                                  : loaded 2 times (x 71B)
Class com.google.common.io.ByteSource                                                 : loaded 2 times (x 84B)
Class com.google.common.cache.AbstractCache$StatsCounter                              : loaded 2 times (x 70B)
Class com.google.common.collect.Iterators$MergingIterator                             : loaded 2 times (x 81B)
Class com.google.common.collect.RegularImmutableSet                                   : loaded 2 times (x 149B)
Class org.gradle.internal.installation.GradleInstallation                             : loaded 2 times (x 75B)
Class com.google.common.collect.Iterables                                             : loaded 2 times (x 71B)

---------------  S Y S T E M  ---------------

OS:
 Windows 11 , 64 bit Build 26100 (10.0.26100.8246)
OS uptime: 7 days 11:55 hours
Hyper-V role detected

CPU: total 12 (initial active 12) (12 cores per cpu, 2 threads per core) family 23 model 104 stepping 1 microcode 0x8608103, cx8, cmov, fxsr, ht, mmx, 3dnowpref, sse, sse2, sse3, ssse3, sse4a, sse4.1, sse4.2, popcnt, lzcnt, tsc, tscinvbit, avx, avx2, aes, clmul, bmi1, bmi2, adx, sha, fma, vzeroupper, clflush, clflushopt, hv, rdtscp, rdpid, f16c
Processor Information for the first 12 processors :
  Max Mhz: 2100, Current Mhz: 1686, Mhz Limit: 2100

Memory: 4k page, system-wide physical 6005M (369M free)
TotalPageFile size 24437M (AvailPageFile size 10M)
current process WorkingSet (physical memory assigned to process): 488M, peak: 573M
current process commit charge ("private bytes"): 1039M, peak: 1039M

vm_info: OpenJDK 64-Bit Server VM (21.0.9+-14649483-b1163.86) for windows-amd64 JRE (21.0.9+-14649483-b1163.86), built on 2025-12-30T22:08:35Z by "builder" with MS VC++ 16.10 / 16.11 (VS2019)

END.
