#
# There is insufficient memory for the Java Runtime Environment to continue.
# Native memory allocation (mmap) failed to map 482344960 bytes. Error detail: G1 virtual space
# Possible reasons:
#   The system is out of physical RAM or swap space
#   This process is running with CompressedOops enabled, and the Java Heap may be blocking the growth of the native heap
# Possible solutions:
#   Reduce memory load on the system
#   Increase physical memory or swap space
#   Check if swap backing store is full
#   Decrease Java heap size (-Xmx/-Xms)
#   Decrease number of Java threads
#   Decrease Java thread stack sizes (-Xss)
#   Set larger code cache with -XX:ReservedCodeCacheSize=
#   JVM is running with Unscaled Compressed Oops mode in which the Java heap is
#     placed in the first 4GB address space. The Java Heap base address is the
#     maximum limit for the native heap growth. Please use -XX:HeapBaseMinAddress
#     to set the Java Heap base and to place the Java Heap above 4GB virtual address.
# This output file may be truncated or incomplete.
#
#  Out of Memory Error (os_windows.cpp:3925), pid=6732, tid=1960
#
# JRE version: OpenJDK Runtime Environment (21.0.9) (build 21.0.9+-14649483-b1163.86)
# Java VM: OpenJDK 64-Bit Server VM (21.0.9+-14649483-b1163.86, mixed mode, tiered, compressed oops, compressed class ptrs, g1 gc, windows-amd64)
# No core dump will be written. Minidumps are not enabled by default on client versions of Windows
#

---------------  S U M M A R Y ------------

Command Line: --add-opens=java.base/java.lang=ALL-UNNAMED --add-opens=java.base/java.lang.invoke=ALL-UNNAMED --add-opens=java.base/java.util=ALL-UNNAMED --add-opens=java.prefs/java.util.prefs=ALL-UNNAMED --add-exports=jdk.compiler/com.sun.tools.javac.api=ALL-UNNAMED --add-exports=jdk.compiler/com.sun.tools.javac.util=ALL-UNNAMED --add-opens=java.base/java.util=ALL-UNNAMED --add-opens=java.prefs/java.util.prefs=ALL-UNNAMED --add-opens=java.base/java.nio.charset=ALL-UNNAMED --add-opens=java.base/java.net=ALL-UNNAMED --add-opens=java.base/java.util.concurrent=ALL-UNNAMED --add-opens=java.base/java.util.concurrent.atomic=ALL-UNNAMED --add-opens=java.xml/javax.xml.namespace=ALL-UNNAMED --add-opens=java.base/java.time=ALL-UNNAMED -Xmx2048m -Dfile.encoding=UTF-8 -Duser.country=IN -Duser.language=en -Duser.variant -javaagent:C:\Users\Lenovo\.gradle\wrapper\dists\gradle-9.2.1-bin\2t0n5ozlw9xmuyvbp7dnzaxug\gradle-9.2.1\lib\agents\gradle-instrumentation-agent-9.2.1.jar org.gradle.launcher.daemon.bootstrap.GradleDaemon 9.2.1

Host: AMD Ryzen 5 5500U with Radeon Graphics         , 12 cores, 5G,  Windows 11 , 64 bit Build 26100 (10.0.26100.8246)
Time: Tue May  5 22:32:10 2026 India Standard Time elapsed time: 2773.383518 seconds (0d 0h 46m 13s)

---------------  T H R E A D  ---------------

Current thread (0x00000250ca2fcfb0):  VMThread "VM Thread"          [id=1960, stack(0x0000009e12e00000,0x0000009e12f00000) (1024K)]

Stack: [0x0000009e12e00000,0x0000009e12f00000]
Native frames: (J=compiled Java code, j=interpreted, Vv=VM code, C=native code)
V  [jvm.dll+0x6d6c99]
V  [jvm.dll+0x866b83]
V  [jvm.dll+0x86919e]
V  [jvm.dll+0x869883]
V  [jvm.dll+0x280776]
V  [jvm.dll+0x6d3555]
V  [jvm.dll+0x6c6bea]
V  [jvm.dll+0x3587fb]
V  [jvm.dll+0x360476]
V  [jvm.dll+0x3b2646]
V  [jvm.dll+0x3b2918]
V  [jvm.dll+0x32af0c]
V  [jvm.dll+0x32af97]
V  [jvm.dll+0x370e7c]
V  [jvm.dll+0x36f62e]
V  [jvm.dll+0x32a661]
V  [jvm.dll+0x36ed30]
V  [jvm.dll+0x86f608]
V  [jvm.dll+0x870984]
V  [jvm.dll+0x870ec0]
V  [jvm.dll+0x871153]
V  [jvm.dll+0x80f118]
V  [jvm.dll+0x6d54ed]
C  [ucrtbase.dll+0x37b0]
C  [KERNEL32.DLL+0x2e8d7]
C  [ntdll.dll+0x8c3fc]

VM_Operation (0x0000009e18afd8a0): G1CollectForAllocation, mode: safepoint, requested by thread 0x00000250d0a3b710


---------------  P R O C E S S  ---------------

Threads class SMR info:
_java_thread_list=0x00000250d11d1c20, length=96, elements={
0x00000250b27e3dd0, 0x00000250ca4b20d0, 0x00000250ca4b5c30, 0x00000250ca4c9a70,
0x00000250ca4e2dc0, 0x00000250ca4e4170, 0x00000250ca4e4800, 0x00000250ca4e20a0,
0x00000250ca4ea900, 0x00000250ca4f2960, 0x00000250ca4e4e90, 0x00000250ca4e3450,
0x00000250ca4e2730, 0x00000250ca4e3ae0, 0x00000250d06ecd80, 0x00000250d06e9900,
0x00000250d06edaa0, 0x00000250d06f0890, 0x00000250d06ee130, 0x00000250d06ef4e0,
0x00000250d27b97a0, 0x00000250d27bb1e0, 0x00000250d27ba4c0, 0x00000250d27bab50,
0x00000250d27b9e30, 0x00000250d27bb870, 0x00000250d27bbf00, 0x00000250d27bc590,
0x00000250d27b9110, 0x00000250d2915010, 0x00000250d2914980, 0x00000250d2912f40,
0x00000250ec954680, 0x00000250ee0e4d90, 0x00000250e22fee70, 0x00000250d54cbd90,
0x00000250d54cb070, 0x00000250e2300f40, 0x00000250e22fe150, 0x00000250e22ffb90,
0x00000250e22ff500, 0x00000250e22fe7e0, 0x00000250e23008b0, 0x00000250e2300220,
0x00000250e23015d0, 0x00000250ee0e5420, 0x00000250ee0e4070, 0x00000250ed83bae0,
0x00000250ed83c170, 0x00000250ed83adc0, 0x00000250ed83d520, 0x00000250ed83a730,
0x00000250ed83b450, 0x00000250ed83a0a0, 0x00000250ed83c800, 0x00000250ed155a70,
0x00000250ed156790, 0x00000250ed1d11e0, 0x00000250ed1d1870, 0x00000250ed1cf7a0,
0x00000250ed00e3a0, 0x00000250ed00ea30, 0x00000250ed00c2d0, 0x00000250ed00b5b0,
0x00000250ed00cff0, 0x00000250ed00c960, 0x00000250e295fd80, 0x00000250e2961130,
0x00000250ed363680, 0x00000250ed3622d0, 0x00000250ed362960, 0x00000250e30c5d20,
0x00000250e30c70d0, 0x00000250e30c63b0, 0x00000250ee5bde30, 0x00000250ee5be4c0,
0x00000250ee5c12b0, 0x00000250ee5c0590, 0x00000250ed1cf110, 0x00000250ed1d04c0,
0x00000250ed1d0b50, 0x00000250ed1ce3f0, 0x00000250d561d180, 0x00000250ed8c7460,
0x00000250d0a3b710, 0x00000250d0a3d7e0, 0x00000250d0a3bda0, 0x00000250d0a3c430,
0x00000250d0a3cac0, 0x00000250e2d136e0, 0x00000250e2d12330, 0x00000250e2d13050,
0x00000250e2d15120, 0x00000250e2d14400, 0x00000250e2d14a90, 0x00000250ee5beb50
}

Java Threads: ( => current thread )
  0x00000250b27e3dd0 JavaThread "main"                              [_thread_blocked, id=9376, stack(0x0000009e12700000,0x0000009e12800000) (1024K)]
  0x00000250ca4b20d0 JavaThread "Common-Cleaner"             daemon [_thread_blocked, id=2140, stack(0x0000009e12f00000,0x0000009e13000000) (1024K)]
  0x00000250ca4b5c30 JavaThread "Reference Handler"          daemon [_thread_blocked, id=19916, stack(0x0000009e13000000,0x0000009e13100000) (1024K)]
  0x00000250ca4c9a70 JavaThread "Finalizer"                  daemon [_thread_blocked, id=37700, stack(0x0000009e13100000,0x0000009e13200000) (1024K)]
  0x00000250ca4e2dc0 JavaThread "Signal Dispatcher"          daemon [_thread_blocked, id=37528, stack(0x0000009e13200000,0x0000009e13300000) (1024K)]
  0x00000250ca4e4170 JavaThread "Attach Listener"            daemon [_thread_blocked, id=24752, stack(0x0000009e13300000,0x0000009e13400000) (1024K)]
  0x00000250ca4e4800 JavaThread "Service Thread"             daemon [_thread_blocked, id=27216, stack(0x0000009e13400000,0x0000009e13500000) (1024K)]
  0x00000250ca4e20a0 JavaThread "Monitor Deflation Thread"   daemon [_thread_blocked, id=17156, stack(0x0000009e13500000,0x0000009e13600000) (1024K)]
  0x00000250ca4ea900 JavaThread "C2 CompilerThread0"         daemon [_thread_blocked, id=5344, stack(0x0000009e13600000,0x0000009e13700000) (1024K)]
  0x00000250ca4f2960 JavaThread "C1 CompilerThread0"         daemon [_thread_blocked, id=29188, stack(0x0000009e13700000,0x0000009e13800000) (1024K)]
  0x00000250ca4e4e90 JavaThread "Notification Thread"        daemon [_thread_blocked, id=18372, stack(0x0000009e13800000,0x0000009e13900000) (1024K)]
  0x00000250ca4e3450 JavaThread "Daemon health stats"               [_thread_blocked, id=31340, stack(0x0000009e13d00000,0x0000009e13e00000) (1024K)]
  0x00000250ca4e2730 JavaThread "Incoming local TCP Connector on port 62750"        [_thread_in_native, id=24144, stack(0x0000009e13e00000,0x0000009e13f00000) (1024K)]
  0x00000250ca4e3ae0 JavaThread "Daemon periodic checks"            [_thread_blocked, id=18404, stack(0x0000009e13f00000,0x0000009e14000000) (1024K)]
  0x00000250d06ecd80 JavaThread "Cache worker for journal cache (C:\Users\Lenovo\.gradle\caches\journal-1)"        [_thread_blocked, id=27428, stack(0x0000009e14e00000,0x0000009e14f00000) (1024K)]
  0x00000250d06e9900 JavaThread "File lock request listener"        [_thread_in_native, id=7096, stack(0x0000009e14f00000,0x0000009e15000000) (1024K)]
  0x00000250d06edaa0 JavaThread "Cache worker for file hash cache (C:\Users\Lenovo\.gradle\caches\9.2.1\fileHashes)"        [_thread_blocked, id=18340, stack(0x0000009e15000000,0x0000009e15100000) (1024K)]
  0x00000250d06f0890 JavaThread "File watcher server"        daemon [_thread_in_native, id=1984, stack(0x0000009e15300000,0x0000009e15400000) (1024K)]
  0x00000250d06ee130 JavaThread "File watcher consumer"      daemon [_thread_blocked, id=37424, stack(0x0000009e15400000,0x0000009e15500000) (1024K)]
  0x00000250d06ef4e0 JavaThread "jar transforms"                    [_thread_blocked, id=31856, stack(0x0000009e15500000,0x0000009e15600000) (1024K)]
  0x00000250d27b97a0 JavaThread "jar transforms Thread 2"           [_thread_blocked, id=15140, stack(0x0000009e15600000,0x0000009e15700000) (1024K)]
  0x00000250d27bb1e0 JavaThread "jar transforms Thread 3"           [_thread_blocked, id=35316, stack(0x0000009e15700000,0x0000009e15800000) (1024K)]
  0x00000250d27ba4c0 JavaThread "jar transforms Thread 4"           [_thread_blocked, id=11768, stack(0x0000009e15800000,0x0000009e15900000) (1024K)]
  0x00000250d27bab50 JavaThread "jar transforms Thread 5"           [_thread_blocked, id=37832, stack(0x0000009e15900000,0x0000009e15a00000) (1024K)]
  0x00000250d27b9e30 JavaThread "jar transforms Thread 6"           [_thread_blocked, id=34760, stack(0x0000009e15a00000,0x0000009e15b00000) (1024K)]
  0x00000250d27bb870 JavaThread "jar transforms Thread 7"           [_thread_blocked, id=23728, stack(0x0000009e15b00000,0x0000009e15c00000) (1024K)]
  0x00000250d27bbf00 JavaThread "jar transforms Thread 8"           [_thread_blocked, id=8816, stack(0x0000009e15c00000,0x0000009e15d00000) (1024K)]
  0x00000250d27bc590 JavaThread "jar transforms Thread 9"           [_thread_blocked, id=23904, stack(0x0000009e15d00000,0x0000009e15e00000) (1024K)]
  0x00000250d27b9110 JavaThread "jar transforms Thread 10"          [_thread_blocked, id=28592, stack(0x0000009e15e00000,0x0000009e15f00000) (1024K)]
  0x00000250d2915010 JavaThread "jar transforms Thread 11"          [_thread_blocked, id=29684, stack(0x0000009e15f00000,0x0000009e16000000) (1024K)]
  0x00000250d2914980 JavaThread "jar transforms Thread 12"          [_thread_blocked, id=18632, stack(0x0000009e16000000,0x0000009e16100000) (1024K)]
  0x00000250d2912f40 JavaThread "Cache worker for file content cache (C:\Users\Lenovo\.gradle\caches\9.2.1\fileContent)"        [_thread_blocked, id=16120, stack(0x0000009e16200000,0x0000009e16300000) (1024K)]
  0x00000250ec954680 JavaThread "Memory manager"                    [_thread_blocked, id=9928, stack(0x0000009e12400000,0x0000009e12500000) (1024K)]
  0x00000250ee0e4d90 JavaThread "Daemon Thread 4"                   [_thread_blocked, id=11772, stack(0x0000009e12500000,0x0000009e12600000) (1024K)]
  0x00000250e22fee70 JavaThread "Handler for socket connection from /127.0.0.1:62750 to /127.0.0.1:58877"        [_thread_in_native, id=19068, stack(0x0000009e12600000,0x0000009e12700000) (1024K)]
  0x00000250d54cbd90 JavaThread "Cancel handler"                    [_thread_blocked, id=18160, stack(0x0000009e14000000,0x0000009e14100000) (1024K)]
  0x00000250d54cb070 JavaThread "Daemon worker Thread 4"            [_thread_blocked, id=23476, stack(0x0000009e14100000,0x0000009e14200000) (1024K)]
  0x00000250e2300f40 JavaThread "Asynchronous log dispatcher for DefaultDaemonConnection: socket connection from /127.0.0.1:62750 to /127.0.0.1:58877"        [_thread_blocked, id=20260, stack(0x0000009e14900000,0x0000009e14a00000) (1024K)]
  0x00000250e22fe150 JavaThread "Stdin handler"                     [_thread_blocked, id=32972, stack(0x0000009e14a00000,0x0000009e14b00000) (1024K)]
  0x00000250e22ffb90 JavaThread "Daemon client event forwarder"        [_thread_blocked, id=33280, stack(0x0000009e14b00000,0x0000009e14c00000) (1024K)]
  0x00000250e22ff500 JavaThread "Cache worker for file hash cache (C:\Users\Lenovo\AndroidStudioProjects\KavyaKanaja2\.gradle\9.2.1\fileHashes)"        [_thread_blocked, id=26284, stack(0x0000009e14c00000,0x0000009e14d00000) (1024K)]
  0x00000250e22fe7e0 JavaThread "Cache worker for Build Output Cleanup Cache (C:\Users\Lenovo\AndroidStudioProjects\KavyaKanaja2\.gradle\buildOutputCleanup)"        [_thread_blocked, id=35184, stack(0x0000009e14d00000,0x0000009e14e00000) (1024K)]
  0x00000250e23008b0 JavaThread "Cache worker for checksums cache (C:\Users\Lenovo\AndroidStudioProjects\KavyaKanaja2\.gradle\9.2.1\checksums)"        [_thread_blocked, id=36620, stack(0x0000009e15100000,0x0000009e15200000) (1024K)]
  0x00000250e2300220 JavaThread "Cache worker for cache directory md-supplier (C:\Users\Lenovo\.gradle\caches\9.2.1\md-supplier)"        [_thread_blocked, id=9044, stack(0x0000009e15200000,0x0000009e15300000) (1024K)]
  0x00000250e23015d0 JavaThread "Cache worker for cache directory md-rule (C:\Users\Lenovo\.gradle\caches\9.2.1\md-rule)"        [_thread_blocked, id=34112, stack(0x0000009e16100000,0x0000009e16200000) (1024K)]
  0x00000250ee0e5420 JavaThread "Unconstrained build operations"        [_thread_blocked, id=23272, stack(0x0000009e16300000,0x0000009e16400000) (1024K)]
  0x00000250ee0e4070 JavaThread "Unconstrained build operations Thread 2"        [_thread_blocked, id=3640, stack(0x0000009e16400000,0x0000009e16500000) (1024K)]
  0x00000250ed83bae0 JavaThread "Unconstrained build operations Thread 3"        [_thread_blocked, id=12540, stack(0x0000009e16500000,0x0000009e16600000) (1024K)]
  0x00000250ed83c170 JavaThread "Unconstrained build operations Thread 4"        [_thread_blocked, id=20252, stack(0x0000009e16600000,0x0000009e16700000) (1024K)]
  0x00000250ed83adc0 JavaThread "Unconstrained build operations Thread 5"        [_thread_blocked, id=21448, stack(0x0000009e16700000,0x0000009e16800000) (1024K)]
  0x00000250ed83d520 JavaThread "Unconstrained build operations Thread 6"        [_thread_blocked, id=22968, stack(0x0000009e16800000,0x0000009e16900000) (1024K)]
  0x00000250ed83a730 JavaThread "Unconstrained build operations Thread 7"        [_thread_blocked, id=37792, stack(0x0000009e16900000,0x0000009e16a00000) (1024K)]
  0x00000250ed83b450 JavaThread "Unconstrained build operations Thread 8"        [_thread_blocked, id=11252, stack(0x0000009e16a00000,0x0000009e16b00000) (1024K)]
  0x00000250ed83a0a0 JavaThread "Unconstrained build operations Thread 9"        [_thread_blocked, id=24464, stack(0x0000009e16b00000,0x0000009e16c00000) (1024K)]
  0x00000250ed83c800 JavaThread "Unconstrained build operations Thread 10"        [_thread_blocked, id=32012, stack(0x0000009e16c00000,0x0000009e16d00000) (1024K)]
  0x00000250ed155a70 JavaThread "Unconstrained build operations Thread 11"        [_thread_blocked, id=35008, stack(0x0000009e16d00000,0x0000009e16e00000) (1024K)]
  0x00000250ed156790 JavaThread "Unconstrained build operations Thread 12"        [_thread_blocked, id=6164, stack(0x0000009e16e00000,0x0000009e16f00000) (1024K)]
  0x00000250ed1d11e0 JavaThread "Unconstrained build operations Thread 13"        [_thread_blocked, id=34220, stack(0x0000009e16f00000,0x0000009e17000000) (1024K)]
  0x00000250ed1d1870 JavaThread "Unconstrained build operations Thread 14"        [_thread_blocked, id=12524, stack(0x0000009e17000000,0x0000009e17100000) (1024K)]
  0x00000250ed1cf7a0 JavaThread "Unconstrained build operations Thread 15"        [_thread_blocked, id=26576, stack(0x0000009e17100000,0x0000009e17200000) (1024K)]
  0x00000250ed00e3a0 JavaThread "Unconstrained build operations Thread 16"        [_thread_blocked, id=38828, stack(0x0000009e17300000,0x0000009e17400000) (1024K)]
  0x00000250ed00ea30 JavaThread "Unconstrained build operations Thread 17"        [_thread_blocked, id=26876, stack(0x0000009e17400000,0x0000009e17500000) (1024K)]
  0x00000250ed00c2d0 JavaThread "Unconstrained build operations Thread 18"        [_thread_blocked, id=21240, stack(0x0000009e17500000,0x0000009e17600000) (1024K)]
  0x00000250ed00b5b0 JavaThread "Unconstrained build operations Thread 19"        [_thread_blocked, id=38360, stack(0x0000009e17600000,0x0000009e17700000) (1024K)]
  0x00000250ed00cff0 JavaThread "Unconstrained build operations Thread 20"        [_thread_blocked, id=13604, stack(0x0000009e17700000,0x0000009e17800000) (1024K)]
  0x00000250ed00c960 JavaThread "Unconstrained build operations Thread 21"        [_thread_blocked, id=19848, stack(0x0000009e17800000,0x0000009e17900000) (1024K)]
  0x00000250e295fd80 JavaThread "Unconstrained build operations Thread 22"        [_thread_blocked, id=6192, stack(0x0000009e17900000,0x0000009e17a00000) (1024K)]
  0x00000250e2961130 JavaThread "Unconstrained build operations Thread 23"        [_thread_blocked, id=9948, stack(0x0000009e17a00000,0x0000009e17b00000) (1024K)]
  0x00000250ed363680 JavaThread "Unconstrained build operations Thread 24"        [_thread_blocked, id=22148, stack(0x0000009e17b00000,0x0000009e17c00000) (1024K)]
  0x00000250ed3622d0 JavaThread "Unconstrained build operations Thread 25"        [_thread_blocked, id=696, stack(0x0000009e17c00000,0x0000009e17d00000) (1024K)]
  0x00000250ed362960 JavaThread "Unconstrained build operations Thread 26"        [_thread_blocked, id=11696, stack(0x0000009e17d00000,0x0000009e17e00000) (1024K)]
  0x00000250e30c5d20 JavaThread "Unconstrained build operations Thread 27"        [_thread_blocked, id=37308, stack(0x0000009e17e00000,0x0000009e17f00000) (1024K)]
  0x00000250e30c70d0 JavaThread "Unconstrained build operations Thread 28"        [_thread_blocked, id=37592, stack(0x0000009e17f00000,0x0000009e18000000) (1024K)]
  0x00000250e30c63b0 JavaThread "Unconstrained build operations Thread 29"        [_thread_blocked, id=15880, stack(0x0000009e18000000,0x0000009e18100000) (1024K)]
  0x00000250ee5bde30 JavaThread "Unconstrained build operations Thread 30"        [_thread_blocked, id=37324, stack(0x0000009e18100000,0x0000009e18200000) (1024K)]
  0x00000250ee5be4c0 JavaThread "Unconstrained build operations Thread 31"        [_thread_blocked, id=34312, stack(0x0000009e18200000,0x0000009e18300000) (1024K)]
  0x00000250ee5c12b0 JavaThread "Unconstrained build operations Thread 32"        [_thread_blocked, id=4128, stack(0x0000009e18300000,0x0000009e18400000) (1024K)]
  0x00000250ee5c0590 JavaThread "Unconstrained build operations Thread 33"        [_thread_blocked, id=38532, stack(0x0000009e18400000,0x0000009e18500000) (1024K)]
  0x00000250ed1cf110 JavaThread "Unconstrained build operations Thread 34"        [_thread_blocked, id=34188, stack(0x0000009e18500000,0x0000009e18600000) (1024K)]
  0x00000250ed1d04c0 JavaThread "Unconstrained build operations Thread 35"        [_thread_blocked, id=9748, stack(0x0000009e18600000,0x0000009e18700000) (1024K)]
  0x00000250ed1d0b50 JavaThread "Unconstrained build operations Thread 36"        [_thread_blocked, id=1188, stack(0x0000009e18700000,0x0000009e18800000) (1024K)]
  0x00000250ed1ce3f0 JavaThread "Unconstrained build operations Thread 37"        [_thread_blocked, id=33188, stack(0x0000009e18800000,0x0000009e18900000) (1024K)]
  0x00000250d561d180 JavaThread "pool-6-thread-1"                   [_thread_blocked, id=27556, stack(0x0000009e17200000,0x0000009e17300000) (1024K)]
  0x00000250ed8c7460 JavaThread "included builds"                   [_thread_blocked, id=37024, stack(0x0000009e18900000,0x0000009e18a00000) (1024K)]
  0x00000250d0a3b710 JavaThread "Execution worker"                  [_thread_blocked, id=22856, stack(0x0000009e18a00000,0x0000009e18b00000) (1024K)]
  0x00000250d0a3d7e0 JavaThread "Execution worker Thread 2"         [_thread_blocked, id=25564, stack(0x0000009e18b00000,0x0000009e18c00000) (1024K)]
  0x00000250d0a3bda0 JavaThread "Execution worker Thread 3"         [_thread_blocked, id=19900, stack(0x0000009e18c00000,0x0000009e18d00000) (1024K)]
  0x00000250d0a3c430 JavaThread "Execution worker Thread 4"         [_thread_blocked, id=29540, stack(0x0000009e18d00000,0x0000009e18e00000) (1024K)]
  0x00000250d0a3cac0 JavaThread "Execution worker Thread 5"         [_thread_blocked, id=24768, stack(0x0000009e18e00000,0x0000009e18f00000) (1024K)]
  0x00000250e2d136e0 JavaThread "Execution worker Thread 6"         [_thread_blocked, id=16196, stack(0x0000009e18f00000,0x0000009e19000000) (1024K)]
  0x00000250e2d12330 JavaThread "Execution worker Thread 7"         [_thread_blocked, id=33128, stack(0x0000009e19000000,0x0000009e19100000) (1024K)]
  0x00000250e2d13050 JavaThread "Execution worker Thread 8"         [_thread_blocked, id=8024, stack(0x0000009e19100000,0x0000009e19200000) (1024K)]
  0x00000250e2d15120 JavaThread "Execution worker Thread 9"         [_thread_blocked, id=38400, stack(0x0000009e19200000,0x0000009e19300000) (1024K)]
  0x00000250e2d14400 JavaThread "Execution worker Thread 10"        [_thread_blocked, id=32080, stack(0x0000009e19300000,0x0000009e19400000) (1024K)]
  0x00000250e2d14a90 JavaThread "Execution worker Thread 11"        [_thread_blocked, id=30144, stack(0x0000009e19400000,0x0000009e19500000) (1024K)]
  0x00000250ee5beb50 JavaThread "Cache worker for execution history cache (C:\Users\Lenovo\AndroidStudioProjects\KavyaKanaja2\.gradle\9.2.1\executionHistory)"        [_thread_blocked, id=27096, stack(0x0000009e19500000,0x0000009e19600000) (1024K)]
Total: 96

Other Threads:
=>0x00000250ca2fcfb0 VMThread "VM Thread"                           [id=1960, stack(0x0000009e12e00000,0x0000009e12f00000) (1024K)]
  0x00000250ca299de0 WatcherThread "VM Periodic Task Thread"        [id=29920, stack(0x0000009e12d00000,0x0000009e12e00000) (1024K)]
  0x00000250b057e060 WorkerThread "GC Thread#0"                     [id=4912, stack(0x0000009e12800000,0x0000009e12900000) (1024K)]
  0x00000250cf4df580 WorkerThread "GC Thread#1"                     [id=24856, stack(0x0000009e13900000,0x0000009e13a00000) (1024K)]
  0x00000250cf1e7010 WorkerThread "GC Thread#2"                     [id=31108, stack(0x0000009e13a00000,0x0000009e13b00000) (1024K)]
  0x00000250cf84d9c0 WorkerThread "GC Thread#3"                     [id=5236, stack(0x0000009e13b00000,0x0000009e13c00000) (1024K)]
  0x00000250cf9a60e0 WorkerThread "GC Thread#4"                     [id=38856, stack(0x0000009e13c00000,0x0000009e13d00000) (1024K)]
  0x00000250cfda4890 WorkerThread "GC Thread#5"                     [id=34884, stack(0x0000009e14200000,0x0000009e14300000) (1024K)]
  0x00000250cfda5c40 WorkerThread "GC Thread#6"                     [id=36872, stack(0x0000009e14300000,0x0000009e14400000) (1024K)]
  0x00000250cf0da340 WorkerThread "GC Thread#7"                     [id=30400, stack(0x0000009e14400000,0x0000009e14500000) (1024K)]
  0x00000250d11cf6a0 WorkerThread "GC Thread#8"                     [id=38792, stack(0x0000009e14500000,0x0000009e14600000) (1024K)]
  0x00000250d11cfa40 WorkerThread "GC Thread#9"                     [id=34516, stack(0x0000009e14600000,0x0000009e14700000) (1024K)]
  0x00000250b284a620 ConcurrentGCThread "G1 Main Marker"            [id=31988, stack(0x0000009e12900000,0x0000009e12a00000) (1024K)]
  0x00000250b284b7d0 WorkerThread "G1 Conc#0"                       [id=1724, stack(0x0000009e12a00000,0x0000009e12b00000) (1024K)]
  0x00000250d11cfde0 WorkerThread "G1 Conc#1"                       [id=20644, stack(0x0000009e14700000,0x0000009e14800000) (1024K)]
  0x00000250d11ce480 WorkerThread "G1 Conc#2"                       [id=29444, stack(0x0000009e14800000,0x0000009e14900000) (1024K)]
  0x00000250ca16b120 ConcurrentGCThread "G1 Refine#0"               [id=27900, stack(0x0000009e12b00000,0x0000009e12c00000) (1024K)]
  0x00000250ca16baa0 ConcurrentGCThread "G1 Service"                [id=38352, stack(0x0000009e12c00000,0x0000009e12d00000) (1024K)]
Total: 18

Threads with active compile tasks:
Total: 0

VM state: at safepoint (normal execution)

VM Mutex/Monitor currently owned by a thread:  ([mutex/lock_event])
[0x00007fff4e848690] Threads_lock - owner thread: 0x00000250ca2fcfb0
[0x00007fff4e848790] Heap_lock - owner thread: 0x00000250d0a3b710

Heap address: 0x0000000080000000, size: 2048 MB, Compressed Oops mode: 32-bit

CDS archive(s) not mapped
Compressed class space mapped at: 0x0000000100000000-0x0000000140000000, reserved size: 1073741824
Narrow klass base: 0x0000000000000000, Narrow klass shift: 3, Narrow klass range: 0x140000000

GC Precious Log:
 CardTable entry size: 512
 Card Set container configuration: InlinePtr #cards 5 size 8 Array Of Cards #cards 12 size 40 Howl #buckets 4 coarsen threshold 1843 Howl Bitmap #cards 512 size 80 coarsen threshold 460 Card regions per heap region 1 cards per card region 2048
 CPUs: 12 total, 12 available
 Memory: 6005M
 Large Page Support: Disabled
 NUMA Support: Disabled
 Compressed Oops: Enabled (32-bit)
 Heap Region Size: 1M
 Heap Min Capacity: 8M
 Heap Initial Capacity: 94M
 Heap Max Capacity: 2G
 Pre-touch: Disabled
 Parallel Workers: 10
 Concurrent Workers: 3
 Concurrent Refinement Workers: 10
 Periodic GC: Disabled

Heap:
 garbage-first heap   total 414720K, used 180428K [0x0000000080000000, 0x0000000100000000)
  region size 1024K, 11 young (11264K), 11 survivors (11264K)
 Metaspace       used 224312K, committed 226048K, reserved 1310720K
  class space    used 28872K, committed 29696K, reserved 1048576K

Heap Regions: E=young(eden), S=young(survivor), O=old, HS=humongous(starts), HC=humongous(continues), CS=collection set, F=free, TAMS=top-at-mark-start, PB=parsable bottom
|   0|0x0000000080000000, 0x0000000080100000, 0x0000000080100000|100%|HS|  |TAMS 0x0000000080000000| PB 0x0000000080000000| Complete 
|   1|0x0000000080100000, 0x0000000080200000, 0x0000000080200000|100%|HC|  |TAMS 0x0000000080100000| PB 0x0000000080100000| Complete 
|   2|0x0000000080200000, 0x0000000080300000, 0x0000000080300000|100%|HC|  |TAMS 0x0000000080200000| PB 0x0000000080200000| Complete 
|   3|0x0000000080300000, 0x0000000080400000, 0x0000000080400000|100%|HC|  |TAMS 0x0000000080300000| PB 0x0000000080300000| Complete 
|   4|0x0000000080400000, 0x0000000080500000, 0x0000000080500000|100%| O|  |TAMS 0x0000000080400000| PB 0x0000000080400000| Untracked 
|   5|0x0000000080500000, 0x0000000080600000, 0x0000000080600000|100%| O|  |TAMS 0x0000000080500000| PB 0x0000000080500000| Untracked 
|   6|0x0000000080600000, 0x0000000080700000, 0x0000000080700000|100%| O|  |TAMS 0x0000000080600000| PB 0x0000000080600000| Untracked 
|   7|0x0000000080700000, 0x0000000080800000, 0x0000000080800000|100%| O|  |TAMS 0x0000000080700000| PB 0x0000000080700000| Untracked 
|   8|0x0000000080800000, 0x0000000080900000, 0x0000000080900000|100%| O|  |TAMS 0x0000000080800000| PB 0x0000000080800000| Untracked 
|   9|0x0000000080900000, 0x0000000080a00000, 0x0000000080a00000|100%| O|  |TAMS 0x0000000080900000| PB 0x0000000080900000| Untracked 
|  10|0x0000000080a00000, 0x0000000080b00000, 0x0000000080b00000|100%| O|  |TAMS 0x0000000080a00000| PB 0x0000000080a00000| Untracked 
|  11|0x0000000080b00000, 0x0000000080c00000, 0x0000000080c00000|100%|HS|  |TAMS 0x0000000080b00000| PB 0x0000000080b00000| Complete 
|  12|0x0000000080c00000, 0x0000000080d00000, 0x0000000080d00000|100%| O|  |TAMS 0x0000000080c00000| PB 0x0000000080c00000| Untracked 
|  13|0x0000000080d00000, 0x0000000080e00000, 0x0000000080e00000|100%| O|  |TAMS 0x0000000080d00000| PB 0x0000000080d00000| Untracked 
|  14|0x0000000080e00000, 0x0000000080f00000, 0x0000000080f00000|100%| O|  |TAMS 0x0000000080e00000| PB 0x0000000080e00000| Untracked 
|  15|0x0000000080f00000, 0x0000000081000000, 0x0000000081000000|100%| O|  |TAMS 0x0000000080f00000| PB 0x0000000080f00000| Untracked 
|  16|0x0000000081000000, 0x0000000081100000, 0x0000000081100000|100%|HS|  |TAMS 0x0000000081000000| PB 0x0000000081000000| Complete 
|  17|0x0000000081100000, 0x0000000081200000, 0x0000000081200000|100%|HC|  |TAMS 0x0000000081100000| PB 0x0000000081100000| Complete 
|  18|0x0000000081200000, 0x0000000081300000, 0x0000000081300000|100%|HC|  |TAMS 0x0000000081200000| PB 0x0000000081200000| Complete 
|  19|0x0000000081300000, 0x0000000081400000, 0x0000000081400000|100%|HC|  |TAMS 0x0000000081300000| PB 0x0000000081300000| Complete 
|  20|0x0000000081400000, 0x0000000081500000, 0x0000000081500000|100%|HC|  |TAMS 0x0000000081400000| PB 0x0000000081400000| Complete 
|  21|0x0000000081500000, 0x0000000081600000, 0x0000000081600000|100%|HC|  |TAMS 0x0000000081500000| PB 0x0000000081500000| Complete 
|  22|0x0000000081600000, 0x0000000081700000, 0x0000000081700000|100%|HS|  |TAMS 0x0000000081600000| PB 0x0000000081600000| Complete 
|  23|0x0000000081700000, 0x0000000081800000, 0x0000000081800000|100%|HC|  |TAMS 0x0000000081700000| PB 0x0000000081700000| Complete 
|  24|0x0000000081800000, 0x0000000081900000, 0x0000000081900000|100%|HS|  |TAMS 0x0000000081800000| PB 0x0000000081800000| Complete 
|  25|0x0000000081900000, 0x0000000081a00000, 0x0000000081a00000|100%|HS|  |TAMS 0x0000000081900000| PB 0x0000000081900000| Complete 
|  26|0x0000000081a00000, 0x0000000081b00000, 0x0000000081b00000|100%|HC|  |TAMS 0x0000000081a00000| PB 0x0000000081a00000| Complete 
|  27|0x0000000081b00000, 0x0000000081c00000, 0x0000000081c00000|100%|HC|  |TAMS 0x0000000081b00000| PB 0x0000000081b00000| Complete 
|  28|0x0000000081c00000, 0x0000000081d00000, 0x0000000081d00000|100%|HC|  |TAMS 0x0000000081c00000| PB 0x0000000081c00000| Complete 
|  29|0x0000000081d00000, 0x0000000081e00000, 0x0000000081e00000|100%|HC|  |TAMS 0x0000000081d00000| PB 0x0000000081d00000| Complete 
|  30|0x0000000081e00000, 0x0000000081f00000, 0x0000000081f00000|100%|HC|  |TAMS 0x0000000081e00000| PB 0x0000000081e00000| Complete 
|  31|0x0000000081f00000, 0x0000000082000000, 0x0000000082000000|100%|HS|  |TAMS 0x0000000081f00000| PB 0x0000000081f00000| Complete 
|  32|0x0000000082000000, 0x0000000082100000, 0x0000000082100000|100%|HC|  |TAMS 0x0000000082000000| PB 0x0000000082000000| Complete 
|  33|0x0000000082100000, 0x0000000082200000, 0x0000000082200000|100%|HS|  |TAMS 0x0000000082100000| PB 0x0000000082100000| Complete 
|  34|0x0000000082200000, 0x0000000082300000, 0x0000000082300000|100%| O|  |TAMS 0x0000000082200000| PB 0x0000000082200000| Untracked 
|  35|0x0000000082300000, 0x0000000082400000, 0x0000000082400000|100%| O|  |TAMS 0x0000000082300000| PB 0x0000000082300000| Untracked 
|  36|0x0000000082400000, 0x0000000082500000, 0x0000000082500000|100%| O|  |TAMS 0x0000000082400000| PB 0x0000000082400000| Untracked 
|  37|0x0000000082500000, 0x0000000082600000, 0x0000000082600000|100%| O|  |TAMS 0x0000000082500000| PB 0x0000000082500000| Untracked 
|  38|0x0000000082600000, 0x0000000082700000, 0x0000000082700000|100%| O|  |TAMS 0x0000000082600000| PB 0x0000000082600000| Untracked 
|  39|0x0000000082700000, 0x0000000082800000, 0x0000000082800000|100%| O|  |TAMS 0x0000000082700000| PB 0x0000000082700000| Untracked 
|  40|0x0000000082800000, 0x0000000082900000, 0x0000000082900000|100%| O|  |TAMS 0x0000000082800000| PB 0x0000000082800000| Untracked 
|  41|0x0000000082900000, 0x0000000082a00000, 0x0000000082a00000|100%| O|  |TAMS 0x0000000082900000| PB 0x0000000082900000| Untracked 
|  42|0x0000000082a00000, 0x0000000082b00000, 0x0000000082b00000|100%| O|  |TAMS 0x0000000082a00000| PB 0x0000000082a00000| Untracked 
|  43|0x0000000082b00000, 0x0000000082c00000, 0x0000000082c00000|100%| O|  |TAMS 0x0000000082b00000| PB 0x0000000082b00000| Untracked 
|  44|0x0000000082c00000, 0x0000000082d00000, 0x0000000082d00000|100%| O|  |TAMS 0x0000000082c00000| PB 0x0000000082c00000| Untracked 
|  45|0x0000000082d00000, 0x0000000082e00000, 0x0000000082e00000|100%| O|  |TAMS 0x0000000082d00000| PB 0x0000000082d00000| Untracked 
|  46|0x0000000082e00000, 0x0000000082f00000, 0x0000000082f00000|100%| O|  |TAMS 0x0000000082e00000| PB 0x0000000082e00000| Untracked 
|  47|0x0000000082f00000, 0x0000000083000000, 0x0000000083000000|100%| O|  |TAMS 0x0000000082f00000| PB 0x0000000082f00000| Untracked 
|  48|0x0000000083000000, 0x0000000083100000, 0x0000000083100000|100%|HS|  |TAMS 0x0000000083000000| PB 0x0000000083000000| Complete 
|  49|0x0000000083100000, 0x0000000083200000, 0x0000000083200000|100%|HC|  |TAMS 0x0000000083100000| PB 0x0000000083100000| Complete 
|  50|0x0000000083200000, 0x0000000083300000, 0x0000000083300000|100%| O|  |TAMS 0x0000000083200000| PB 0x0000000083200000| Untracked 
|  51|0x0000000083300000, 0x0000000083400000, 0x0000000083400000|100%| O|  |TAMS 0x0000000083300000| PB 0x0000000083300000| Untracked 
|  52|0x0000000083400000, 0x0000000083500000, 0x0000000083500000|100%| O|  |TAMS 0x0000000083400000| PB 0x0000000083400000| Untracked 
|  53|0x0000000083500000, 0x0000000083600000, 0x0000000083600000|100%| O|  |TAMS 0x0000000083500000| PB 0x0000000083500000| Untracked 
|  54|0x0000000083600000, 0x0000000083700000, 0x0000000083700000|100%| O|  |TAMS 0x0000000083600000| PB 0x0000000083600000| Untracked 
|  55|0x0000000083700000, 0x0000000083800000, 0x0000000083800000|100%| O|  |TAMS 0x0000000083700000| PB 0x0000000083700000| Untracked 
|  56|0x0000000083800000, 0x0000000083900000, 0x0000000083900000|100%| O|  |TAMS 0x0000000083800000| PB 0x0000000083800000| Untracked 
|  57|0x0000000083900000, 0x0000000083a00000, 0x0000000083a00000|100%| O|  |TAMS 0x0000000083900000| PB 0x0000000083900000| Untracked 
|  58|0x0000000083a00000, 0x0000000083b00000, 0x0000000083b00000|100%| O|  |TAMS 0x0000000083a00000| PB 0x0000000083a00000| Untracked 
|  59|0x0000000083b00000, 0x0000000083c00000, 0x0000000083c00000|100%| O|  |TAMS 0x0000000083b00000| PB 0x0000000083b00000| Untracked 
|  60|0x0000000083c00000, 0x0000000083d00000, 0x0000000083d00000|100%| O|  |TAMS 0x0000000083c00000| PB 0x0000000083c00000| Untracked 
|  61|0x0000000083d00000, 0x0000000083e00000, 0x0000000083e00000|100%| O|  |TAMS 0x0000000083d00000| PB 0x0000000083d00000| Untracked 
|  62|0x0000000083e00000, 0x0000000083f00000, 0x0000000083f00000|100%| O|  |TAMS 0x0000000083e00000| PB 0x0000000083e00000| Untracked 
|  63|0x0000000083f00000, 0x0000000084000000, 0x0000000084000000|100%| O|  |TAMS 0x0000000083f00000| PB 0x0000000083f00000| Untracked 
|  64|0x0000000084000000, 0x0000000084100000, 0x0000000084100000|100%| O|  |TAMS 0x0000000084000000| PB 0x0000000084000000| Untracked 
|  65|0x0000000084100000, 0x0000000084200000, 0x0000000084200000|100%| O|  |TAMS 0x0000000084100000| PB 0x0000000084100000| Untracked 
|  66|0x0000000084200000, 0x0000000084300000, 0x0000000084300000|100%| O|  |TAMS 0x0000000084200000| PB 0x0000000084200000| Untracked 
|  67|0x0000000084300000, 0x0000000084400000, 0x0000000084400000|100%| O|  |TAMS 0x0000000084300000| PB 0x0000000084300000| Untracked 
|  68|0x0000000084400000, 0x0000000084500000, 0x0000000084500000|100%| O|  |TAMS 0x0000000084400000| PB 0x0000000084400000| Untracked 
|  69|0x0000000084500000, 0x0000000084600000, 0x0000000084600000|100%| O|  |TAMS 0x0000000084500000| PB 0x0000000084500000| Untracked 
|  70|0x0000000084600000, 0x0000000084700000, 0x0000000084700000|100%| O|  |TAMS 0x0000000084600000| PB 0x0000000084600000| Untracked 
|  71|0x0000000084700000, 0x0000000084800000, 0x0000000084800000|100%| O|  |TAMS 0x0000000084700000| PB 0x0000000084700000| Untracked 
|  72|0x0000000084800000, 0x0000000084900000, 0x0000000084900000|100%| O|  |TAMS 0x0000000084800000| PB 0x0000000084800000| Untracked 
|  73|0x0000000084900000, 0x0000000084a00000, 0x0000000084a00000|100%| O|  |TAMS 0x0000000084900000| PB 0x0000000084900000| Untracked 
|  74|0x0000000084a00000, 0x0000000084b00000, 0x0000000084b00000|100%| O|  |TAMS 0x0000000084a00000| PB 0x0000000084a00000| Untracked 
|  75|0x0000000084b00000, 0x0000000084c00000, 0x0000000084c00000|100%| O|  |TAMS 0x0000000084b00000| PB 0x0000000084b00000| Untracked 
|  76|0x0000000084c00000, 0x0000000084d00000, 0x0000000084d00000|100%| O|  |TAMS 0x0000000084c00000| PB 0x0000000084c00000| Untracked 
|  77|0x0000000084d00000, 0x0000000084e00000, 0x0000000084e00000|100%| O|  |TAMS 0x0000000084d00000| PB 0x0000000084d00000| Untracked 
|  78|0x0000000084e00000, 0x0000000084f00000, 0x0000000084f00000|100%|HS|  |TAMS 0x0000000084e00000| PB 0x0000000084e00000| Complete 
|  79|0x0000000084f00000, 0x0000000085000000, 0x0000000085000000|100%| O|  |TAMS 0x0000000084f00000| PB 0x0000000084f00000| Untracked 
|  80|0x0000000085000000, 0x0000000085100000, 0x0000000085100000|100%| O|  |TAMS 0x0000000085000000| PB 0x0000000085000000| Untracked 
|  81|0x0000000085100000, 0x0000000085200000, 0x0000000085200000|100%| O|  |TAMS 0x0000000085100000| PB 0x0000000085100000| Untracked 
|  82|0x0000000085200000, 0x0000000085300000, 0x0000000085300000|100%| O|  |TAMS 0x0000000085200000| PB 0x0000000085200000| Untracked 
|  83|0x0000000085300000, 0x0000000085400000, 0x0000000085400000|100%| O|  |TAMS 0x0000000085300000| PB 0x0000000085300000| Untracked 
|  84|0x0000000085400000, 0x0000000085500000, 0x0000000085500000|100%| O|  |TAMS 0x0000000085400000| PB 0x0000000085400000| Untracked 
|  85|0x0000000085500000, 0x0000000085500000, 0x0000000085600000|  0%| F|  |TAMS 0x0000000085500000| PB 0x0000000085500000| Untracked 
|  86|0x0000000085600000, 0x0000000085700000, 0x0000000085700000|100%| O|  |TAMS 0x0000000085600000| PB 0x0000000085600000| Untracked 
|  87|0x0000000085700000, 0x0000000085800000, 0x0000000085800000|100%| O|  |TAMS 0x0000000085700000| PB 0x0000000085700000| Untracked 
|  88|0x0000000085800000, 0x0000000085900000, 0x0000000085900000|100%| O|Cm|TAMS 0x0000000085800000| PB 0x0000000085800000| Complete 
|  89|0x0000000085900000, 0x0000000085a00000, 0x0000000085a00000|100%| O|  |TAMS 0x0000000085900000| PB 0x0000000085900000| Untracked 
|  90|0x0000000085a00000, 0x0000000085b00000, 0x0000000085b00000|100%| O|  |TAMS 0x0000000085a00000| PB 0x0000000085a00000| Untracked 
|  91|0x0000000085b00000, 0x0000000085b00000, 0x0000000085c00000|  0%| F|  |TAMS 0x0000000085b00000| PB 0x0000000085b00000| Untracked 
|  92|0x0000000085c00000, 0x0000000085d00000, 0x0000000085d00000|100%| O|  |TAMS 0x0000000085c00000| PB 0x0000000085c00000| Untracked 
|  93|0x0000000085d00000, 0x0000000085e00000, 0x0000000085e00000|100%| O|  |TAMS 0x0000000085d00000| PB 0x0000000085d00000| Untracked 
|  94|0x0000000085e00000, 0x0000000085e00000, 0x0000000085f00000|  0%| F|  |TAMS 0x0000000085e00000| PB 0x0000000085e00000| Untracked 
|  95|0x0000000085f00000, 0x0000000086000000, 0x0000000086000000|100%| O|  |TAMS 0x0000000085f00000| PB 0x0000000085f00000| Untracked 
|  96|0x0000000086000000, 0x0000000086100000, 0x0000000086100000|100%| O|  |TAMS 0x0000000086000000| PB 0x0000000086000000| Untracked 
|  97|0x0000000086100000, 0x0000000086200000, 0x0000000086200000|100%| O|  |TAMS 0x0000000086100000| PB 0x0000000086100000| Untracked 
|  98|0x0000000086200000, 0x0000000086300000, 0x0000000086300000|100%| O|  |TAMS 0x0000000086200000| PB 0x0000000086200000| Untracked 
|  99|0x0000000086300000, 0x0000000086400000, 0x0000000086400000|100%| O|  |TAMS 0x0000000086300000| PB 0x0000000086300000| Untracked 
| 100|0x0000000086400000, 0x0000000086500000, 0x0000000086500000|100%| O|  |TAMS 0x0000000086400000| PB 0x0000000086400000| Untracked 
| 101|0x0000000086500000, 0x0000000086600000, 0x0000000086600000|100%| O|  |TAMS 0x0000000086500000| PB 0x0000000086500000| Untracked 
| 102|0x0000000086600000, 0x0000000086700000, 0x0000000086700000|100%| O|Cm|TAMS 0x0000000086600000| PB 0x0000000086600000| Complete 
| 103|0x0000000086700000, 0x0000000086800000, 0x0000000086800000|100%| O|  |TAMS 0x0000000086700000| PB 0x0000000086700000| Untracked 
| 104|0x0000000086800000, 0x0000000086900000, 0x0000000086900000|100%| O|  |TAMS 0x0000000086800000| PB 0x0000000086800000| Untracked 
| 105|0x0000000086900000, 0x0000000086a00000, 0x0000000086a00000|100%| O|  |TAMS 0x0000000086900000| PB 0x0000000086900000| Untracked 
| 106|0x0000000086a00000, 0x0000000086b00000, 0x0000000086b00000|100%| O|  |TAMS 0x0000000086a00000| PB 0x0000000086a00000| Untracked 
| 107|0x0000000086b00000, 0x0000000086c00000, 0x0000000086c00000|100%| O|  |TAMS 0x0000000086b00000| PB 0x0000000086b00000| Untracked 
| 108|0x0000000086c00000, 0x0000000086d00000, 0x0000000086d00000|100%| O|  |TAMS 0x0000000086c00000| PB 0x0000000086c00000| Untracked 
| 109|0x0000000086d00000, 0x0000000086e00000, 0x0000000086e00000|100%| O|  |TAMS 0x0000000086d00000| PB 0x0000000086d00000| Untracked 
| 110|0x0000000086e00000, 0x0000000086f00000, 0x0000000086f00000|100%| O|  |TAMS 0x0000000086e00000| PB 0x0000000086e00000| Untracked 
| 111|0x0000000086f00000, 0x0000000087000000, 0x0000000087000000|100%| O|  |TAMS 0x0000000086f00000| PB 0x0000000086f00000| Untracked 
| 112|0x0000000087000000, 0x0000000087100000, 0x0000000087100000|100%| O|  |TAMS 0x0000000087000000| PB 0x0000000087000000| Untracked 
| 113|0x0000000087100000, 0x0000000087100000, 0x0000000087200000|  0%| F|  |TAMS 0x0000000087100000| PB 0x0000000087100000| Untracked 
| 114|0x0000000087200000, 0x0000000087300000, 0x0000000087300000|100%| O|  |TAMS 0x0000000087200000| PB 0x0000000087200000| Untracked 
| 115|0x0000000087300000, 0x0000000087400000, 0x0000000087400000|100%| O|  |TAMS 0x0000000087300000| PB 0x0000000087300000| Untracked 
| 116|0x0000000087400000, 0x0000000087500000, 0x0000000087500000|100%| O|  |TAMS 0x0000000087400000| PB 0x0000000087400000| Untracked 
| 117|0x0000000087500000, 0x0000000087600000, 0x0000000087600000|100%| O|  |TAMS 0x0000000087500000| PB 0x0000000087500000| Untracked 
| 118|0x0000000087600000, 0x0000000087700000, 0x0000000087700000|100%| O|  |TAMS 0x0000000087600000| PB 0x0000000087600000| Untracked 
| 119|0x0000000087700000, 0x0000000087800000, 0x0000000087800000|100%| O|  |TAMS 0x0000000087700000| PB 0x0000000087700000| Untracked 
| 120|0x0000000087800000, 0x0000000087900000, 0x0000000087900000|100%| O|  |TAMS 0x0000000087800000| PB 0x0000000087800000| Untracked 
| 121|0x0000000087900000, 0x0000000087a00000, 0x0000000087a00000|100%|HS|  |TAMS 0x0000000087900000| PB 0x0000000087900000| Complete 
| 122|0x0000000087a00000, 0x0000000087b00000, 0x0000000087b00000|100%|HS|  |TAMS 0x0000000087a00000| PB 0x0000000087a00000| Complete 
| 123|0x0000000087b00000, 0x0000000087c00000, 0x0000000087c00000|100%|HS|  |TAMS 0x0000000087b00000| PB 0x0000000087b00000| Complete 
| 124|0x0000000087c00000, 0x0000000087d00000, 0x0000000087d00000|100%|HS|  |TAMS 0x0000000087c00000| PB 0x0000000087c00000| Complete 
| 125|0x0000000087d00000, 0x0000000087e00000, 0x0000000087e00000|100%|HC|  |TAMS 0x0000000087d00000| PB 0x0000000087d00000| Complete 
| 126|0x0000000087e00000, 0x0000000087f00000, 0x0000000087f00000|100%|HS|  |TAMS 0x0000000087e00000| PB 0x0000000087e00000| Complete 
| 127|0x0000000087f00000, 0x0000000088000000, 0x0000000088000000|100%| O|  |TAMS 0x0000000087f00000| PB 0x0000000087f00000| Untracked 
| 128|0x0000000088000000, 0x0000000088100000, 0x0000000088100000|100%| O|  |TAMS 0x0000000088000000| PB 0x0000000088000000| Untracked 
| 129|0x0000000088100000, 0x0000000088200000, 0x0000000088200000|100%| O|Cm|TAMS 0x0000000088100000| PB 0x0000000088100000| Complete 
| 130|0x0000000088200000, 0x0000000088300000, 0x0000000088300000|100%| O|  |TAMS 0x0000000088200000| PB 0x0000000088200000| Untracked 
| 131|0x0000000088300000, 0x0000000088400000, 0x0000000088400000|100%| O|  |TAMS 0x0000000088300000| PB 0x0000000088300000| Untracked 
| 132|0x0000000088400000, 0x0000000088500000, 0x0000000088500000|100%| O|  |TAMS 0x0000000088400000| PB 0x0000000088400000| Untracked 
| 133|0x0000000088500000, 0x0000000088600000, 0x0000000088600000|100%| O|  |TAMS 0x0000000088500000| PB 0x0000000088500000| Untracked 
| 134|0x0000000088600000, 0x0000000088700000, 0x0000000088700000|100%| O|  |TAMS 0x0000000088600000| PB 0x0000000088600000| Untracked 
| 135|0x0000000088700000, 0x0000000088800000, 0x0000000088800000|100%| O|  |TAMS 0x0000000088700000| PB 0x0000000088700000| Untracked 
| 136|0x0000000088800000, 0x0000000088900000, 0x0000000088900000|100%| O|  |TAMS 0x0000000088800000| PB 0x0000000088800000| Untracked 
| 137|0x0000000088900000, 0x0000000088a00000, 0x0000000088a00000|100%| O|  |TAMS 0x0000000088900000| PB 0x0000000088900000| Untracked 
| 138|0x0000000088a00000, 0x0000000088b00000, 0x0000000088b00000|100%| O|  |TAMS 0x0000000088a00000| PB 0x0000000088a00000| Untracked 
| 139|0x0000000088b00000, 0x0000000088c00000, 0x0000000088c00000|100%|HS|  |TAMS 0x0000000088b00000| PB 0x0000000088b00000| Complete 
| 140|0x0000000088c00000, 0x0000000088d00000, 0x0000000088d00000|100%| O|  |TAMS 0x0000000088c00000| PB 0x0000000088c00000| Untracked 
| 141|0x0000000088d00000, 0x0000000088e00000, 0x0000000088e00000|100%|HS|  |TAMS 0x0000000088d00000| PB 0x0000000088d00000| Complete 
| 142|0x0000000088e00000, 0x0000000088f00000, 0x0000000088f00000|100%| O|  |TAMS 0x0000000088e00000| PB 0x0000000088e00000| Untracked 
| 143|0x0000000088f00000, 0x0000000089000000, 0x0000000089000000|100%|HS|  |TAMS 0x0000000088f00000| PB 0x0000000088f00000| Complete 
| 144|0x0000000089000000, 0x0000000089100000, 0x0000000089100000|100%|HC|  |TAMS 0x0000000089000000| PB 0x0000000089000000| Complete 
| 145|0x0000000089100000, 0x0000000089200000, 0x0000000089200000|100%| O|  |TAMS 0x0000000089100000| PB 0x0000000089100000| Untracked 
| 146|0x0000000089200000, 0x0000000089300000, 0x0000000089300000|100%| O|  |TAMS 0x0000000089200000| PB 0x0000000089200000| Untracked 
| 147|0x0000000089300000, 0x0000000089400000, 0x0000000089400000|100%| O|  |TAMS 0x0000000089300000| PB 0x0000000089300000| Untracked 
| 148|0x0000000089400000, 0x0000000089500000, 0x0000000089500000|100%| O|  |TAMS 0x0000000089400000| PB 0x0000000089400000| Untracked 
| 149|0x0000000089500000, 0x0000000089600000, 0x0000000089600000|100%| O|  |TAMS 0x0000000089500000| PB 0x0000000089500000| Untracked 
| 150|0x0000000089600000, 0x0000000089700000, 0x0000000089700000|100%| O|  |TAMS 0x0000000089600000| PB 0x0000000089600000| Untracked 
| 151|0x0000000089700000, 0x0000000089700000, 0x0000000089800000|  0%| F|  |TAMS 0x0000000089700000| PB 0x0000000089700000| Untracked 
| 152|0x0000000089800000, 0x0000000089800000, 0x0000000089900000|  0%| F|  |TAMS 0x0000000089800000| PB 0x0000000089800000| Untracked 
| 153|0x0000000089900000, 0x0000000089900000, 0x0000000089a00000|  0%| F|  |TAMS 0x0000000089900000| PB 0x0000000089900000| Untracked 
| 154|0x0000000089a00000, 0x0000000089b00000, 0x0000000089b00000|100%|HS|  |TAMS 0x0000000089a00000| PB 0x0000000089a00000| Complete 
| 155|0x0000000089b00000, 0x0000000089c00000, 0x0000000089c00000|100%|HC|  |TAMS 0x0000000089b00000| PB 0x0000000089b00000| Complete 
| 156|0x0000000089c00000, 0x0000000089d00000, 0x0000000089d00000|100%| O|  |TAMS 0x0000000089c00000| PB 0x0000000089c00000| Untracked 
| 157|0x0000000089d00000, 0x0000000089dce250, 0x0000000089e00000| 80%| O|  |TAMS 0x0000000089d00000| PB 0x0000000089d00000| Untracked 
| 158|0x0000000089e00000, 0x0000000089e00000, 0x0000000089f00000|  0%| F|  |TAMS 0x0000000089e00000| PB 0x0000000089e00000| Untracked 
| 159|0x0000000089f00000, 0x0000000089f00000, 0x000000008a000000|  0%| F|  |TAMS 0x0000000089f00000| PB 0x0000000089f00000| Untracked 
| 160|0x000000008a000000, 0x000000008a000000, 0x000000008a100000|  0%| F|  |TAMS 0x000000008a000000| PB 0x000000008a000000| Untracked 
| 161|0x000000008a100000, 0x000000008a100000, 0x000000008a200000|  0%| F|  |TAMS 0x000000008a100000| PB 0x000000008a100000| Untracked 
| 162|0x000000008a200000, 0x000000008a200000, 0x000000008a300000|  0%| F|  |TAMS 0x000000008a200000| PB 0x000000008a200000| Untracked 
| 163|0x000000008a300000, 0x000000008a300000, 0x000000008a400000|  0%| F|  |TAMS 0x000000008a300000| PB 0x000000008a300000| Untracked 
| 164|0x000000008a400000, 0x000000008a400000, 0x000000008a500000|  0%| F|  |TAMS 0x000000008a400000| PB 0x000000008a400000| Untracked 
| 165|0x000000008a500000, 0x000000008a500000, 0x000000008a600000|  0%| F|  |TAMS 0x000000008a500000| PB 0x000000008a500000| Untracked 
| 166|0x000000008a600000, 0x000000008a700000, 0x000000008a700000|100%| O|  |TAMS 0x000000008a600000| PB 0x000000008a600000| Untracked 
| 167|0x000000008a700000, 0x000000008a700000, 0x000000008a800000|  0%| F|  |TAMS 0x000000008a700000| PB 0x000000008a700000| Untracked 
| 168|0x000000008a800000, 0x000000008a800000, 0x000000008a900000|  0%| F|  |TAMS 0x000000008a800000| PB 0x000000008a800000| Untracked 
| 169|0x000000008a900000, 0x000000008a900000, 0x000000008aa00000|  0%| F|  |TAMS 0x000000008a900000| PB 0x000000008a900000| Untracked 
| 170|0x000000008aa00000, 0x000000008aa00000, 0x000000008ab00000|  0%| F|  |TAMS 0x000000008aa00000| PB 0x000000008aa00000| Untracked 
| 171|0x000000008ab00000, 0x000000008ab00000, 0x000000008ac00000|  0%| F|  |TAMS 0x000000008ab00000| PB 0x000000008ab00000| Untracked 
| 172|0x000000008ac00000, 0x000000008ac00000, 0x000000008ad00000|  0%| F|  |TAMS 0x000000008ac00000| PB 0x000000008ac00000| Untracked 
| 173|0x000000008ad00000, 0x000000008ad00000, 0x000000008ae00000|  0%| F|  |TAMS 0x000000008ad00000| PB 0x000000008ad00000| Untracked 
| 174|0x000000008ae00000, 0x000000008ae00000, 0x000000008af00000|  0%| F|  |TAMS 0x000000008ae00000| PB 0x000000008ae00000| Untracked 
| 175|0x000000008af00000, 0x000000008af00000, 0x000000008b000000|  0%| F|  |TAMS 0x000000008af00000| PB 0x000000008af00000| Untracked 
| 176|0x000000008b000000, 0x000000008b000000, 0x000000008b100000|  0%| F|  |TAMS 0x000000008b000000| PB 0x000000008b000000| Untracked 
| 177|0x000000008b100000, 0x000000008b100000, 0x000000008b200000|  0%| F|  |TAMS 0x000000008b100000| PB 0x000000008b100000| Untracked 
| 178|0x000000008b200000, 0x000000008b200000, 0x000000008b300000|  0%| F|  |TAMS 0x000000008b200000| PB 0x000000008b200000| Untracked 
| 179|0x000000008b300000, 0x000000008b300000, 0x000000008b400000|  0%| F|  |TAMS 0x000000008b300000| PB 0x000000008b300000| Untracked 
| 180|0x000000008b400000, 0x000000008b400000, 0x000000008b500000|  0%| F|  |TAMS 0x000000008b400000| PB 0x000000008b400000| Untracked 
| 181|0x000000008b500000, 0x000000008b500000, 0x000000008b600000|  0%| F|  |TAMS 0x000000008b500000| PB 0x000000008b500000| Untracked 
| 182|0x000000008b600000, 0x000000008b600000, 0x000000008b700000|  0%| F|  |TAMS 0x000000008b600000| PB 0x000000008b600000| Untracked 
| 183|0x000000008b700000, 0x000000008b700000, 0x000000008b800000|  0%| F|  |TAMS 0x000000008b700000| PB 0x000000008b700000| Untracked 
| 184|0x000000008b800000, 0x000000008b800000, 0x000000008b900000|  0%| F|  |TAMS 0x000000008b800000| PB 0x000000008b800000| Untracked 
| 185|0x000000008b900000, 0x000000008b900000, 0x000000008ba00000|  0%| F|  |TAMS 0x000000008b900000| PB 0x000000008b900000| Untracked 
| 186|0x000000008ba00000, 0x000000008ba00000, 0x000000008bb00000|  0%| F|  |TAMS 0x000000008ba00000| PB 0x000000008ba00000| Untracked 
| 187|0x000000008bb00000, 0x000000008bb00000, 0x000000008bc00000|  0%| F|  |TAMS 0x000000008bb00000| PB 0x000000008bb00000| Untracked 
| 188|0x000000008bc00000, 0x000000008bc00000, 0x000000008bd00000|  0%| F|  |TAMS 0x000000008bc00000| PB 0x000000008bc00000| Untracked 
| 189|0x000000008bd00000, 0x000000008bd00000, 0x000000008be00000|  0%| F|  |TAMS 0x000000008bd00000| PB 0x000000008bd00000| Untracked 
| 190|0x000000008be00000, 0x000000008be00000, 0x000000008bf00000|  0%| F|  |TAMS 0x000000008be00000| PB 0x000000008be00000| Untracked 
| 191|0x000000008bf00000, 0x000000008bf00000, 0x000000008c000000|  0%| F|  |TAMS 0x000000008bf00000| PB 0x000000008bf00000| Untracked 
| 192|0x000000008c000000, 0x000000008c000000, 0x000000008c100000|  0%| F|  |TAMS 0x000000008c000000| PB 0x000000008c000000| Untracked 
| 193|0x000000008c100000, 0x000000008c100000, 0x000000008c200000|  0%| F|  |TAMS 0x000000008c100000| PB 0x000000008c100000| Untracked 
| 194|0x000000008c200000, 0x000000008c200000, 0x000000008c300000|  0%| F|  |TAMS 0x000000008c200000| PB 0x000000008c200000| Untracked 
| 195|0x000000008c300000, 0x000000008c300000, 0x000000008c400000|  0%| F|  |TAMS 0x000000008c300000| PB 0x000000008c300000| Untracked 
| 196|0x000000008c400000, 0x000000008c400000, 0x000000008c500000|  0%| F|  |TAMS 0x000000008c400000| PB 0x000000008c400000| Untracked 
| 197|0x000000008c500000, 0x000000008c500000, 0x000000008c600000|  0%| F|  |TAMS 0x000000008c500000| PB 0x000000008c500000| Untracked 
| 198|0x000000008c600000, 0x000000008c600000, 0x000000008c700000|  0%| F|  |TAMS 0x000000008c600000| PB 0x000000008c600000| Untracked 
| 199|0x000000008c700000, 0x000000008c700000, 0x000000008c800000|  0%| F|  |TAMS 0x000000008c700000| PB 0x000000008c700000| Untracked 
| 200|0x000000008c800000, 0x000000008c800000, 0x000000008c900000|  0%| F|  |TAMS 0x000000008c800000| PB 0x000000008c800000| Untracked 
| 201|0x000000008c900000, 0x000000008c900000, 0x000000008ca00000|  0%| F|  |TAMS 0x000000008c900000| PB 0x000000008c900000| Untracked 
| 202|0x000000008ca00000, 0x000000008ca00000, 0x000000008cb00000|  0%| F|  |TAMS 0x000000008ca00000| PB 0x000000008ca00000| Untracked 
| 203|0x000000008cb00000, 0x000000008cb00000, 0x000000008cc00000|  0%| F|  |TAMS 0x000000008cb00000| PB 0x000000008cb00000| Untracked 
| 204|0x000000008cc00000, 0x000000008cc00000, 0x000000008cd00000|  0%| F|  |TAMS 0x000000008cc00000| PB 0x000000008cc00000| Untracked 
| 205|0x000000008cd00000, 0x000000008cd00000, 0x000000008ce00000|  0%| F|  |TAMS 0x000000008cd00000| PB 0x000000008cd00000| Untracked 
| 206|0x000000008ce00000, 0x000000008ce00000, 0x000000008cf00000|  0%| F|  |TAMS 0x000000008ce00000| PB 0x000000008ce00000| Untracked 
| 207|0x000000008cf00000, 0x000000008cf00000, 0x000000008d000000|  0%| F|  |TAMS 0x000000008cf00000| PB 0x000000008cf00000| Untracked 
| 208|0x000000008d000000, 0x000000008d100000, 0x000000008d100000|100%| O|  |TAMS 0x000000008d000000| PB 0x000000008d000000| Untracked 
| 209|0x000000008d100000, 0x000000008d100000, 0x000000008d200000|  0%| F|  |TAMS 0x000000008d100000| PB 0x000000008d100000| Untracked 
| 210|0x000000008d200000, 0x000000008d200000, 0x000000008d300000|  0%| F|  |TAMS 0x000000008d200000| PB 0x000000008d200000| Untracked 
| 211|0x000000008d300000, 0x000000008d300000, 0x000000008d400000|  0%| F|  |TAMS 0x000000008d300000| PB 0x000000008d300000| Untracked 
| 212|0x000000008d400000, 0x000000008d400000, 0x000000008d500000|  0%| F|  |TAMS 0x000000008d400000| PB 0x000000008d400000| Untracked 
| 213|0x000000008d500000, 0x000000008d500000, 0x000000008d600000|  0%| F|  |TAMS 0x000000008d500000| PB 0x000000008d500000| Untracked 
| 214|0x000000008d600000, 0x000000008d600000, 0x000000008d700000|  0%| F|  |TAMS 0x000000008d600000| PB 0x000000008d600000| Untracked 
| 215|0x000000008d700000, 0x000000008d700000, 0x000000008d800000|  0%| F|  |TAMS 0x000000008d700000| PB 0x000000008d700000| Untracked 
| 216|0x000000008d800000, 0x000000008d800000, 0x000000008d900000|  0%| F|  |TAMS 0x000000008d800000| PB 0x000000008d800000| Untracked 
| 217|0x000000008d900000, 0x000000008d900000, 0x000000008da00000|  0%| F|  |TAMS 0x000000008d900000| PB 0x000000008d900000| Untracked 
| 218|0x000000008da00000, 0x000000008da00000, 0x000000008db00000|  0%| F|  |TAMS 0x000000008da00000| PB 0x000000008da00000| Untracked 
| 219|0x000000008db00000, 0x000000008db00000, 0x000000008dc00000|  0%| F|  |TAMS 0x000000008db00000| PB 0x000000008db00000| Untracked 
| 220|0x000000008dc00000, 0x000000008dc00000, 0x000000008dd00000|  0%| F|  |TAMS 0x000000008dc00000| PB 0x000000008dc00000| Untracked 
| 221|0x000000008dd00000, 0x000000008dd00000, 0x000000008de00000|  0%| F|  |TAMS 0x000000008dd00000| PB 0x000000008dd00000| Untracked 
| 222|0x000000008de00000, 0x000000008de00000, 0x000000008df00000|  0%| F|  |TAMS 0x000000008de00000| PB 0x000000008de00000| Untracked 
| 223|0x000000008df00000, 0x000000008df00000, 0x000000008e000000|  0%| F|  |TAMS 0x000000008df00000| PB 0x000000008df00000| Untracked 
| 224|0x000000008e000000, 0x000000008e000000, 0x000000008e100000|  0%| F|  |TAMS 0x000000008e000000| PB 0x000000008e000000| Untracked 
| 225|0x000000008e100000, 0x000000008e100000, 0x000000008e200000|  0%| F|  |TAMS 0x000000008e100000| PB 0x000000008e100000| Untracked 
| 226|0x000000008e200000, 0x000000008e200000, 0x000000008e300000|  0%| F|  |TAMS 0x000000008e200000| PB 0x000000008e200000| Untracked 
| 227|0x000000008e300000, 0x000000008e300000, 0x000000008e400000|  0%| F|  |TAMS 0x000000008e300000| PB 0x000000008e300000| Untracked 
| 228|0x000000008e400000, 0x000000008e400000, 0x000000008e500000|  0%| F|  |TAMS 0x000000008e400000| PB 0x000000008e400000| Untracked 
| 229|0x000000008e500000, 0x000000008e500000, 0x000000008e600000|  0%| F|  |TAMS 0x000000008e500000| PB 0x000000008e500000| Untracked 
| 230|0x000000008e600000, 0x000000008e600000, 0x000000008e700000|  0%| F|  |TAMS 0x000000008e600000| PB 0x000000008e600000| Untracked 
| 231|0x000000008e700000, 0x000000008e700000, 0x000000008e800000|  0%| F|  |TAMS 0x000000008e700000| PB 0x000000008e700000| Untracked 
| 232|0x000000008e800000, 0x000000008e800000, 0x000000008e900000|  0%| F|  |TAMS 0x000000008e800000| PB 0x000000008e800000| Untracked 
| 233|0x000000008e900000, 0x000000008e900000, 0x000000008ea00000|  0%| F|  |TAMS 0x000000008e900000| PB 0x000000008e900000| Untracked 
| 234|0x000000008ea00000, 0x000000008ea00000, 0x000000008eb00000|  0%| F|  |TAMS 0x000000008ea00000| PB 0x000000008ea00000| Untracked 
| 235|0x000000008eb00000, 0x000000008eb00000, 0x000000008ec00000|  0%| F|  |TAMS 0x000000008eb00000| PB 0x000000008eb00000| Untracked 
| 236|0x000000008ec00000, 0x000000008ec00000, 0x000000008ed00000|  0%| F|  |TAMS 0x000000008ec00000| PB 0x000000008ec00000| Untracked 
| 237|0x000000008ed00000, 0x000000008ed00000, 0x000000008ee00000|  0%| F|  |TAMS 0x000000008ed00000| PB 0x000000008ed00000| Untracked 
| 238|0x000000008ee00000, 0x000000008ee00000, 0x000000008ef00000|  0%| F|  |TAMS 0x000000008ee00000| PB 0x000000008ee00000| Untracked 
| 239|0x000000008ef00000, 0x000000008f000000, 0x000000008f000000|100%| O|  |TAMS 0x000000008ef00000| PB 0x000000008ef00000| Untracked 
| 240|0x000000008f000000, 0x000000008f100000, 0x000000008f100000|100%| O|Cm|TAMS 0x000000008f000000| PB 0x000000008f000000| Complete 
| 241|0x000000008f100000, 0x000000008f100000, 0x000000008f200000|  0%| F|  |TAMS 0x000000008f100000| PB 0x000000008f100000| Untracked 
| 242|0x000000008f200000, 0x000000008f200000, 0x000000008f300000|  0%| F|  |TAMS 0x000000008f200000| PB 0x000000008f200000| Untracked 
| 243|0x000000008f300000, 0x000000008f300000, 0x000000008f400000|  0%| F|  |TAMS 0x000000008f300000| PB 0x000000008f300000| Untracked 
| 244|0x000000008f400000, 0x000000008f400000, 0x000000008f500000|  0%| F|  |TAMS 0x000000008f400000| PB 0x000000008f400000| Untracked 
| 245|0x000000008f500000, 0x000000008f500000, 0x000000008f600000|  0%| F|  |TAMS 0x000000008f500000| PB 0x000000008f500000| Untracked 
| 246|0x000000008f600000, 0x000000008f600000, 0x000000008f700000|  0%| F|  |TAMS 0x000000008f600000| PB 0x000000008f600000| Untracked 
| 247|0x000000008f700000, 0x000000008f700000, 0x000000008f800000|  0%| F|  |TAMS 0x000000008f700000| PB 0x000000008f700000| Untracked 
| 248|0x000000008f800000, 0x000000008f800000, 0x000000008f900000|  0%| F|  |TAMS 0x000000008f800000| PB 0x000000008f800000| Untracked 
| 249|0x000000008f900000, 0x000000008f964e50, 0x000000008fa00000| 39%| S|CS|TAMS 0x000000008f900000| PB 0x000000008f900000| Complete 
| 250|0x000000008fa00000, 0x000000008fb00000, 0x000000008fb00000|100%| S|CS|TAMS 0x000000008fa00000| PB 0x000000008fa00000| Complete 
| 251|0x000000008fb00000, 0x000000008fc00000, 0x000000008fc00000|100%| S|CS|TAMS 0x000000008fb00000| PB 0x000000008fb00000| Complete 
| 252|0x000000008fc00000, 0x000000008fd00000, 0x000000008fd00000|100%| S|CS|TAMS 0x000000008fc00000| PB 0x000000008fc00000| Complete 
| 253|0x000000008fd00000, 0x000000008fe00000, 0x000000008fe00000|100%| S|CS|TAMS 0x000000008fd00000| PB 0x000000008fd00000| Complete 
| 254|0x000000008fe00000, 0x000000008ff00000, 0x000000008ff00000|100%| S|CS|TAMS 0x000000008fe00000| PB 0x000000008fe00000| Complete 
| 255|0x000000008ff00000, 0x0000000090000000, 0x0000000090000000|100%| S|CS|TAMS 0x000000008ff00000| PB 0x000000008ff00000| Complete 
| 256|0x0000000090000000, 0x0000000090100000, 0x0000000090100000|100%| S|CS|TAMS 0x0000000090000000| PB 0x0000000090000000| Complete 
| 257|0x0000000090100000, 0x0000000090200000, 0x0000000090200000|100%| S|CS|TAMS 0x0000000090100000| PB 0x0000000090100000| Complete 
| 258|0x0000000090200000, 0x0000000090300000, 0x0000000090300000|100%| S|CS|TAMS 0x0000000090200000| PB 0x0000000090200000| Complete 
| 259|0x0000000090300000, 0x0000000090400000, 0x0000000090400000|100%| S|CS|TAMS 0x0000000090300000| PB 0x0000000090300000| Complete 
| 260|0x0000000090400000, 0x0000000090400000, 0x0000000090500000|  0%| F|  |TAMS 0x0000000090400000| PB 0x0000000090400000| Untracked 
| 261|0x0000000090500000, 0x0000000090500000, 0x0000000090600000|  0%| F|  |TAMS 0x0000000090500000| PB 0x0000000090500000| Untracked 
| 262|0x0000000090600000, 0x0000000090600000, 0x0000000090700000|  0%| F|  |TAMS 0x0000000090600000| PB 0x0000000090600000| Untracked 
| 263|0x0000000090700000, 0x0000000090700000, 0x0000000090800000|  0%| F|  |TAMS 0x0000000090700000| PB 0x0000000090700000| Untracked 
| 264|0x0000000090800000, 0x0000000090800000, 0x0000000090900000|  0%| F|  |TAMS 0x0000000090800000| PB 0x0000000090800000| Untracked 
| 265|0x0000000090900000, 0x0000000090900000, 0x0000000090a00000|  0%| F|  |TAMS 0x0000000090900000| PB 0x0000000090900000| Untracked 
| 266|0x0000000090a00000, 0x0000000090a00000, 0x0000000090b00000|  0%| F|  |TAMS 0x0000000090a00000| PB 0x0000000090a00000| Untracked 
| 267|0x0000000090b00000, 0x0000000090b00000, 0x0000000090c00000|  0%| F|  |TAMS 0x0000000090b00000| PB 0x0000000090b00000| Untracked 
| 268|0x0000000090c00000, 0x0000000090c00000, 0x0000000090d00000|  0%| F|  |TAMS 0x0000000090c00000| PB 0x0000000090c00000| Untracked 
| 269|0x0000000090d00000, 0x0000000090d00000, 0x0000000090e00000|  0%| F|  |TAMS 0x0000000090d00000| PB 0x0000000090d00000| Untracked 
| 270|0x0000000090e00000, 0x0000000090e00000, 0x0000000090f00000|  0%| F|  |TAMS 0x0000000090e00000| PB 0x0000000090e00000| Untracked 
| 271|0x0000000090f00000, 0x0000000090f00000, 0x0000000091000000|  0%| F|  |TAMS 0x0000000090f00000| PB 0x0000000090f00000| Untracked 
| 272|0x0000000091000000, 0x0000000091000000, 0x0000000091100000|  0%| F|  |TAMS 0x0000000091000000| PB 0x0000000091000000| Untracked 
| 273|0x0000000091100000, 0x0000000091100000, 0x0000000091200000|  0%| F|  |TAMS 0x0000000091100000| PB 0x0000000091100000| Untracked 
| 274|0x0000000091200000, 0x0000000091200000, 0x0000000091300000|  0%| F|  |TAMS 0x0000000091200000| PB 0x0000000091200000| Untracked 
| 275|0x0000000091300000, 0x0000000091300000, 0x0000000091400000|  0%| F|  |TAMS 0x0000000091300000| PB 0x0000000091300000| Untracked 
| 276|0x0000000091400000, 0x0000000091400000, 0x0000000091500000|  0%| F|  |TAMS 0x0000000091400000| PB 0x0000000091400000| Untracked 
| 277|0x0000000091500000, 0x0000000091500000, 0x0000000091600000|  0%| F|  |TAMS 0x0000000091500000| PB 0x0000000091500000| Untracked 
| 278|0x0000000091600000, 0x0000000091600000, 0x0000000091700000|  0%| F|  |TAMS 0x0000000091600000| PB 0x0000000091600000| Untracked 
| 279|0x0000000091700000, 0x0000000091700000, 0x0000000091800000|  0%| F|  |TAMS 0x0000000091700000| PB 0x0000000091700000| Untracked 
| 280|0x0000000091800000, 0x0000000091800000, 0x0000000091900000|  0%| F|  |TAMS 0x0000000091800000| PB 0x0000000091800000| Untracked 
| 281|0x0000000091900000, 0x0000000091900000, 0x0000000091a00000|  0%| F|  |TAMS 0x0000000091900000| PB 0x0000000091900000| Untracked 
| 282|0x0000000091a00000, 0x0000000091a00000, 0x0000000091b00000|  0%| F|  |TAMS 0x0000000091a00000| PB 0x0000000091a00000| Untracked 
| 283|0x0000000091b00000, 0x0000000091b00000, 0x0000000091c00000|  0%| F|  |TAMS 0x0000000091b00000| PB 0x0000000091b00000| Untracked 
| 284|0x0000000091c00000, 0x0000000091c00000, 0x0000000091d00000|  0%| F|  |TAMS 0x0000000091c00000| PB 0x0000000091c00000| Untracked 
| 285|0x0000000091d00000, 0x0000000091d00000, 0x0000000091e00000|  0%| F|  |TAMS 0x0000000091d00000| PB 0x0000000091d00000| Untracked 
| 286|0x0000000091e00000, 0x0000000091e00000, 0x0000000091f00000|  0%| F|  |TAMS 0x0000000091e00000| PB 0x0000000091e00000| Untracked 
| 287|0x0000000091f00000, 0x0000000091f00000, 0x0000000092000000|  0%| F|  |TAMS 0x0000000091f00000| PB 0x0000000091f00000| Untracked 
| 288|0x0000000092000000, 0x0000000092000000, 0x0000000092100000|  0%| F|  |TAMS 0x0000000092000000| PB 0x0000000092000000| Untracked 
| 289|0x0000000092100000, 0x0000000092100000, 0x0000000092200000|  0%| F|  |TAMS 0x0000000092100000| PB 0x0000000092100000| Untracked 
| 290|0x0000000092200000, 0x0000000092200000, 0x0000000092300000|  0%| F|  |TAMS 0x0000000092200000| PB 0x0000000092200000| Untracked 
| 291|0x0000000092300000, 0x0000000092300000, 0x0000000092400000|  0%| F|  |TAMS 0x0000000092300000| PB 0x0000000092300000| Untracked 
| 292|0x0000000092400000, 0x0000000092400000, 0x0000000092500000|  0%| F|  |TAMS 0x0000000092400000| PB 0x0000000092400000| Untracked 
| 293|0x0000000092500000, 0x0000000092500000, 0x0000000092600000|  0%| F|  |TAMS 0x0000000092500000| PB 0x0000000092500000| Untracked 
| 294|0x0000000092600000, 0x0000000092600000, 0x0000000092700000|  0%| F|  |TAMS 0x0000000092600000| PB 0x0000000092600000| Untracked 
| 295|0x0000000092700000, 0x0000000092700000, 0x0000000092800000|  0%| F|  |TAMS 0x0000000092700000| PB 0x0000000092700000| Untracked 
| 296|0x0000000092800000, 0x0000000092800000, 0x0000000092900000|  0%| F|  |TAMS 0x0000000092800000| PB 0x0000000092800000| Untracked 
| 297|0x0000000092900000, 0x0000000092900000, 0x0000000092a00000|  0%| F|  |TAMS 0x0000000092900000| PB 0x0000000092900000| Untracked 
| 298|0x0000000092a00000, 0x0000000092a00000, 0x0000000092b00000|  0%| F|  |TAMS 0x0000000092a00000| PB 0x0000000092a00000| Untracked 
| 299|0x0000000092b00000, 0x0000000092b00000, 0x0000000092c00000|  0%| F|  |TAMS 0x0000000092b00000| PB 0x0000000092b00000| Untracked 
| 300|0x0000000092c00000, 0x0000000092c00000, 0x0000000092d00000|  0%| F|  |TAMS 0x0000000092c00000| PB 0x0000000092c00000| Untracked 
| 301|0x0000000092d00000, 0x0000000092d00000, 0x0000000092e00000|  0%| F|  |TAMS 0x0000000092d00000| PB 0x0000000092d00000| Untracked 
| 302|0x0000000092e00000, 0x0000000092e00000, 0x0000000092f00000|  0%| F|  |TAMS 0x0000000092e00000| PB 0x0000000092e00000| Untracked 
| 303|0x0000000092f00000, 0x0000000092f00000, 0x0000000093000000|  0%| F|  |TAMS 0x0000000092f00000| PB 0x0000000092f00000| Untracked 
| 304|0x0000000093000000, 0x0000000093000000, 0x0000000093100000|  0%| F|  |TAMS 0x0000000093000000| PB 0x0000000093000000| Untracked 
| 305|0x0000000093100000, 0x0000000093100000, 0x0000000093200000|  0%| F|  |TAMS 0x0000000093100000| PB 0x0000000093100000| Untracked 
| 306|0x0000000093200000, 0x0000000093200000, 0x0000000093300000|  0%| F|  |TAMS 0x0000000093200000| PB 0x0000000093200000| Untracked 
| 307|0x0000000093300000, 0x0000000093300000, 0x0000000093400000|  0%| F|  |TAMS 0x0000000093300000| PB 0x0000000093300000| Untracked 
| 308|0x0000000093400000, 0x0000000093400000, 0x0000000093500000|  0%| F|  |TAMS 0x0000000093400000| PB 0x0000000093400000| Untracked 
| 309|0x0000000093500000, 0x0000000093500000, 0x0000000093600000|  0%| F|  |TAMS 0x0000000093500000| PB 0x0000000093500000| Untracked 
| 310|0x0000000093600000, 0x0000000093600000, 0x0000000093700000|  0%| F|  |TAMS 0x0000000093600000| PB 0x0000000093600000| Untracked 
| 311|0x0000000093700000, 0x0000000093700000, 0x0000000093800000|  0%| F|  |TAMS 0x0000000093700000| PB 0x0000000093700000| Untracked 
| 312|0x0000000093800000, 0x0000000093800000, 0x0000000093900000|  0%| F|  |TAMS 0x0000000093800000| PB 0x0000000093800000| Untracked 
| 313|0x0000000093900000, 0x0000000093900000, 0x0000000093a00000|  0%| F|  |TAMS 0x0000000093900000| PB 0x0000000093900000| Untracked 
| 314|0x0000000093a00000, 0x0000000093a00000, 0x0000000093b00000|  0%| F|  |TAMS 0x0000000093a00000| PB 0x0000000093a00000| Untracked 
| 315|0x0000000093b00000, 0x0000000093b00000, 0x0000000093c00000|  0%| F|  |TAMS 0x0000000093b00000| PB 0x0000000093b00000| Untracked 
| 316|0x0000000093c00000, 0x0000000093c00000, 0x0000000093d00000|  0%| F|  |TAMS 0x0000000093c00000| PB 0x0000000093c00000| Untracked 
| 317|0x0000000093d00000, 0x0000000093d00000, 0x0000000093e00000|  0%| F|  |TAMS 0x0000000093d00000| PB 0x0000000093d00000| Untracked 
| 318|0x0000000093e00000, 0x0000000093e00000, 0x0000000093f00000|  0%| F|  |TAMS 0x0000000093e00000| PB 0x0000000093e00000| Untracked 
| 319|0x0000000093f00000, 0x0000000093f00000, 0x0000000094000000|  0%| F|  |TAMS 0x0000000093f00000| PB 0x0000000093f00000| Untracked 
| 320|0x0000000094000000, 0x0000000094000000, 0x0000000094100000|  0%| F|  |TAMS 0x0000000094000000| PB 0x0000000094000000| Untracked 
| 321|0x0000000094100000, 0x0000000094100000, 0x0000000094200000|  0%| F|  |TAMS 0x0000000094100000| PB 0x0000000094100000| Untracked 
| 322|0x0000000094200000, 0x0000000094200000, 0x0000000094300000|  0%| F|  |TAMS 0x0000000094200000| PB 0x0000000094200000| Untracked 
| 323|0x0000000094300000, 0x0000000094300000, 0x0000000094400000|  0%| F|  |TAMS 0x0000000094300000| PB 0x0000000094300000| Untracked 
| 324|0x0000000094400000, 0x0000000094400000, 0x0000000094500000|  0%| F|  |TAMS 0x0000000094400000| PB 0x0000000094400000| Untracked 
| 325|0x0000000094500000, 0x0000000094500000, 0x0000000094600000|  0%| F|  |TAMS 0x0000000094500000| PB 0x0000000094500000| Untracked 
| 326|0x0000000094600000, 0x0000000094600000, 0x0000000094700000|  0%| F|  |TAMS 0x0000000094600000| PB 0x0000000094600000| Untracked 
| 327|0x0000000094700000, 0x0000000094700000, 0x0000000094800000|  0%| F|  |TAMS 0x0000000094700000| PB 0x0000000094700000| Untracked 
| 328|0x0000000094800000, 0x0000000094800000, 0x0000000094900000|  0%| F|  |TAMS 0x0000000094800000| PB 0x0000000094800000| Untracked 
| 329|0x0000000094900000, 0x0000000094900000, 0x0000000094a00000|  0%| F|  |TAMS 0x0000000094900000| PB 0x0000000094900000| Untracked 
| 330|0x0000000094a00000, 0x0000000094a00000, 0x0000000094b00000|  0%| F|  |TAMS 0x0000000094a00000| PB 0x0000000094a00000| Untracked 
| 331|0x0000000094b00000, 0x0000000094b00000, 0x0000000094c00000|  0%| F|  |TAMS 0x0000000094b00000| PB 0x0000000094b00000| Untracked 
| 332|0x0000000094c00000, 0x0000000094c00000, 0x0000000094d00000|  0%| F|  |TAMS 0x0000000094c00000| PB 0x0000000094c00000| Untracked 
| 333|0x0000000094d00000, 0x0000000094d00000, 0x0000000094e00000|  0%| F|  |TAMS 0x0000000094d00000| PB 0x0000000094d00000| Untracked 
| 334|0x0000000094e00000, 0x0000000094e00000, 0x0000000094f00000|  0%| F|  |TAMS 0x0000000094e00000| PB 0x0000000094e00000| Untracked 
| 335|0x0000000094f00000, 0x0000000094f00000, 0x0000000095000000|  0%| F|  |TAMS 0x0000000094f00000| PB 0x0000000094f00000| Untracked 
| 336|0x0000000095000000, 0x0000000095000000, 0x0000000095100000|  0%| F|  |TAMS 0x0000000095000000| PB 0x0000000095000000| Untracked 
| 337|0x0000000095100000, 0x0000000095100000, 0x0000000095200000|  0%| F|  |TAMS 0x0000000095100000| PB 0x0000000095100000| Untracked 
| 338|0x0000000095200000, 0x0000000095200000, 0x0000000095300000|  0%| F|  |TAMS 0x0000000095200000| PB 0x0000000095200000| Untracked 
| 339|0x0000000095300000, 0x0000000095300000, 0x0000000095400000|  0%| F|  |TAMS 0x0000000095300000| PB 0x0000000095300000| Untracked 
| 340|0x0000000095400000, 0x0000000095400000, 0x0000000095500000|  0%| F|  |TAMS 0x0000000095400000| PB 0x0000000095400000| Untracked 
| 341|0x0000000095500000, 0x0000000095500000, 0x0000000095600000|  0%| F|  |TAMS 0x0000000095500000| PB 0x0000000095500000| Untracked 
| 342|0x0000000095600000, 0x0000000095600000, 0x0000000095700000|  0%| F|  |TAMS 0x0000000095600000| PB 0x0000000095600000| Untracked 
| 343|0x0000000095700000, 0x0000000095700000, 0x0000000095800000|  0%| F|  |TAMS 0x0000000095700000| PB 0x0000000095700000| Untracked 
| 344|0x0000000095800000, 0x0000000095800000, 0x0000000095900000|  0%| F|  |TAMS 0x0000000095800000| PB 0x0000000095800000| Untracked 
| 345|0x0000000095900000, 0x0000000095900000, 0x0000000095a00000|  0%| F|  |TAMS 0x0000000095900000| PB 0x0000000095900000| Untracked 
| 346|0x0000000095a00000, 0x0000000095a00000, 0x0000000095b00000|  0%| F|  |TAMS 0x0000000095a00000| PB 0x0000000095a00000| Untracked 
| 347|0x0000000095b00000, 0x0000000095b00000, 0x0000000095c00000|  0%| F|  |TAMS 0x0000000095b00000| PB 0x0000000095b00000| Untracked 
| 348|0x0000000095c00000, 0x0000000095c00000, 0x0000000095d00000|  0%| F|  |TAMS 0x0000000095c00000| PB 0x0000000095c00000| Untracked 
| 349|0x0000000095d00000, 0x0000000095d00000, 0x0000000095e00000|  0%| F|  |TAMS 0x0000000095d00000| PB 0x0000000095d00000| Untracked 
| 350|0x0000000095e00000, 0x0000000095e00000, 0x0000000095f00000|  0%| F|  |TAMS 0x0000000095e00000| PB 0x0000000095e00000| Untracked 
| 351|0x0000000095f00000, 0x0000000095f00000, 0x0000000096000000|  0%| F|  |TAMS 0x0000000095f00000| PB 0x0000000095f00000| Untracked 
| 352|0x0000000096000000, 0x0000000096000000, 0x0000000096100000|  0%| F|  |TAMS 0x0000000096000000| PB 0x0000000096000000| Untracked 
| 353|0x0000000096100000, 0x0000000096100000, 0x0000000096200000|  0%| F|  |TAMS 0x0000000096100000| PB 0x0000000096100000| Untracked 
| 354|0x0000000096200000, 0x0000000096200000, 0x0000000096300000|  0%| F|  |TAMS 0x0000000096200000| PB 0x0000000096200000| Untracked 
| 355|0x0000000096300000, 0x0000000096300000, 0x0000000096400000|  0%| F|  |TAMS 0x0000000096300000| PB 0x0000000096300000| Untracked 
| 356|0x0000000096400000, 0x0000000096400000, 0x0000000096500000|  0%| F|  |TAMS 0x0000000096400000| PB 0x0000000096400000| Untracked 
| 357|0x0000000096500000, 0x0000000096500000, 0x0000000096600000|  0%| F|  |TAMS 0x0000000096500000| PB 0x0000000096500000| Untracked 
| 358|0x0000000096600000, 0x0000000096600000, 0x0000000096700000|  0%| F|  |TAMS 0x0000000096600000| PB 0x0000000096600000| Untracked 
| 359|0x0000000096700000, 0x0000000096700000, 0x0000000096800000|  0%| F|  |TAMS 0x0000000096700000| PB 0x0000000096700000| Untracked 
| 360|0x0000000096800000, 0x0000000096800000, 0x0000000096900000|  0%| F|  |TAMS 0x0000000096800000| PB 0x0000000096800000| Untracked 
| 361|0x0000000096900000, 0x0000000096900000, 0x0000000096a00000|  0%| F|  |TAMS 0x0000000096900000| PB 0x0000000096900000| Untracked 
| 362|0x0000000096a00000, 0x0000000096a00000, 0x0000000096b00000|  0%| F|  |TAMS 0x0000000096a00000| PB 0x0000000096a00000| Untracked 
| 363|0x0000000096b00000, 0x0000000096b00000, 0x0000000096c00000|  0%| F|  |TAMS 0x0000000096b00000| PB 0x0000000096b00000| Untracked 
| 364|0x0000000096c00000, 0x0000000096c00000, 0x0000000096d00000|  0%| F|  |TAMS 0x0000000096c00000| PB 0x0000000096c00000| Untracked 
| 365|0x0000000096d00000, 0x0000000096d00000, 0x0000000096e00000|  0%| F|  |TAMS 0x0000000096d00000| PB 0x0000000096d00000| Untracked 
| 366|0x0000000096e00000, 0x0000000096e00000, 0x0000000096f00000|  0%| F|  |TAMS 0x0000000096e00000| PB 0x0000000096e00000| Untracked 
|2010|0x00000000fda00000, 0x00000000fda00000, 0x00000000fdb00000|  0%| F|  |TAMS 0x00000000fda00000| PB 0x00000000fda00000| Untracked 
|2011|0x00000000fdb00000, 0x00000000fdb00000, 0x00000000fdc00000|  0%| F|  |TAMS 0x00000000fdb00000| PB 0x00000000fdb00000| Untracked 
|2012|0x00000000fdc00000, 0x00000000fdc00000, 0x00000000fdd00000|  0%| F|  |TAMS 0x00000000fdc00000| PB 0x00000000fdc00000| Untracked 
|2013|0x00000000fdd00000, 0x00000000fdd00000, 0x00000000fde00000|  0%| F|  |TAMS 0x00000000fdd00000| PB 0x00000000fdd00000| Untracked 
|2014|0x00000000fde00000, 0x00000000fde00000, 0x00000000fdf00000|  0%| F|  |TAMS 0x00000000fde00000| PB 0x00000000fde00000| Untracked 
|2015|0x00000000fdf00000, 0x00000000fdf00000, 0x00000000fe000000|  0%| F|  |TAMS 0x00000000fdf00000| PB 0x00000000fdf00000| Untracked 
|2016|0x00000000fe000000, 0x00000000fe000000, 0x00000000fe100000|  0%| F|  |TAMS 0x00000000fe000000| PB 0x00000000fe000000| Untracked 
|2017|0x00000000fe100000, 0x00000000fe100000, 0x00000000fe200000|  0%| F|  |TAMS 0x00000000fe100000| PB 0x00000000fe100000| Untracked 
|2018|0x00000000fe200000, 0x00000000fe200000, 0x00000000fe300000|  0%| F|  |TAMS 0x00000000fe200000| PB 0x00000000fe200000| Untracked 
|2019|0x00000000fe300000, 0x00000000fe300000, 0x00000000fe400000|  0%| F|  |TAMS 0x00000000fe300000| PB 0x00000000fe300000| Untracked 
|2020|0x00000000fe400000, 0x00000000fe400000, 0x00000000fe500000|  0%| F|  |TAMS 0x00000000fe400000| PB 0x00000000fe400000| Untracked 
|2021|0x00000000fe500000, 0x00000000fe500000, 0x00000000fe600000|  0%| F|  |TAMS 0x00000000fe500000| PB 0x00000000fe500000| Untracked 
|2022|0x00000000fe600000, 0x00000000fe600000, 0x00000000fe700000|  0%| F|  |TAMS 0x00000000fe600000| PB 0x00000000fe600000| Untracked 
|2023|0x00000000fe700000, 0x00000000fe800000, 0x00000000fe800000|100%| O|  |TAMS 0x00000000fe700000| PB 0x00000000fe700000| Untracked 
|2024|0x00000000fe800000, 0x00000000fe800000, 0x00000000fe900000|  0%| F|  |TAMS 0x00000000fe800000| PB 0x00000000fe800000| Untracked 
|2025|0x00000000fe900000, 0x00000000fe900000, 0x00000000fea00000|  0%| F|  |TAMS 0x00000000fe900000| PB 0x00000000fe900000| Untracked 
|2026|0x00000000fea00000, 0x00000000fea00000, 0x00000000feb00000|  0%| F|  |TAMS 0x00000000fea00000| PB 0x00000000fea00000| Untracked 
|2027|0x00000000feb00000, 0x00000000feb00000, 0x00000000fec00000|  0%| F|  |TAMS 0x00000000feb00000| PB 0x00000000feb00000| Untracked 
|2028|0x00000000fec00000, 0x00000000fec00000, 0x00000000fed00000|  0%| F|  |TAMS 0x00000000fec00000| PB 0x00000000fec00000| Untracked 
|2029|0x00000000fed00000, 0x00000000fed00000, 0x00000000fee00000|  0%| F|  |TAMS 0x00000000fed00000| PB 0x00000000fed00000| Untracked 
|2030|0x00000000fee00000, 0x00000000fee00000, 0x00000000fef00000|  0%| F|  |TAMS 0x00000000fee00000| PB 0x00000000fee00000| Untracked 
|2031|0x00000000fef00000, 0x00000000fef00000, 0x00000000ff000000|  0%| F|  |TAMS 0x00000000fef00000| PB 0x00000000fef00000| Untracked 
|2032|0x00000000ff000000, 0x00000000ff000000, 0x00000000ff100000|  0%| F|  |TAMS 0x00000000ff000000| PB 0x00000000ff000000| Untracked 
|2033|0x00000000ff100000, 0x00000000ff100000, 0x00000000ff200000|  0%| F|  |TAMS 0x00000000ff100000| PB 0x00000000ff100000| Untracked 
|2034|0x00000000ff200000, 0x00000000ff200000, 0x00000000ff300000|  0%| F|  |TAMS 0x00000000ff200000| PB 0x00000000ff200000| Untracked 
|2035|0x00000000ff300000, 0x00000000ff300000, 0x00000000ff400000|  0%| F|  |TAMS 0x00000000ff300000| PB 0x00000000ff300000| Untracked 
|2036|0x00000000ff400000, 0x00000000ff500000, 0x00000000ff500000|100%| O|  |TAMS 0x00000000ff400000| PB 0x00000000ff400000| Untracked 
|2037|0x00000000ff500000, 0x00000000ff600000, 0x00000000ff600000|100%| O|  |TAMS 0x00000000ff500000| PB 0x00000000ff500000| Untracked 
|2038|0x00000000ff600000, 0x00000000ff700000, 0x00000000ff700000|100%| O|  |TAMS 0x00000000ff600000| PB 0x00000000ff600000| Untracked 
|2039|0x00000000ff700000, 0x00000000ff800000, 0x00000000ff800000|100%| O|  |TAMS 0x00000000ff700000| PB 0x00000000ff700000| Untracked 
|2040|0x00000000ff800000, 0x00000000ff800000, 0x00000000ff900000|  0%| F|  |TAMS 0x00000000ff800000| PB 0x00000000ff800000| Untracked 
|2041|0x00000000ff900000, 0x00000000ff900000, 0x00000000ffa00000|  0%| F|  |TAMS 0x00000000ff900000| PB 0x00000000ff900000| Untracked 
|2042|0x00000000ffa00000, 0x00000000ffb00000, 0x00000000ffb00000|100%| O|  |TAMS 0x00000000ffa00000| PB 0x00000000ffa00000| Untracked 
|2043|0x00000000ffb00000, 0x00000000ffc00000, 0x00000000ffc00000|100%| O|  |TAMS 0x00000000ffb00000| PB 0x00000000ffb00000| Untracked 
|2044|0x00000000ffc00000, 0x00000000ffd00000, 0x00000000ffd00000|100%| O|  |TAMS 0x00000000ffc00000| PB 0x00000000ffc00000| Untracked 
|2045|0x00000000ffd00000, 0x00000000ffe00000, 0x00000000ffe00000|100%| O|  |TAMS 0x00000000ffd00000| PB 0x00000000ffd00000| Untracked 
|2046|0x00000000ffe00000, 0x00000000fff00000, 0x00000000fff00000|100%| O|  |TAMS 0x00000000ffe00000| PB 0x00000000ffe00000| Untracked 
|2047|0x00000000fff00000, 0x0000000100000000, 0x0000000100000000|100%| O|  |TAMS 0x00000000fff00000| PB 0x00000000fff00000| Untracked 

Card table byte_map: [0x00000250c5290000,0x00000250c5690000] _byte_map_base: 0x00000250c4e90000

Marking Bits: (CMBitMap*) 0x00000250b057e670
 Bits: [0x00000250c5690000, 0x00000250c7690000)

Polling page: 0x00000250b0660000

Metaspace:

Usage:
  Non-class:    190.86 MB used.
      Class:     28.20 MB used.
       Both:    219.05 MB used.

Virtual space:
  Non-class space:      256.00 MB reserved,     191.75 MB ( 75%) committed,  4 nodes.
      Class space:        1.00 GB reserved,      29.00 MB (  3%) committed,  1 nodes.
             Both:        1.25 GB reserved,     220.75 MB ( 17%) committed. 

Chunk freelists:
   Non-Class:  15.57 MB
       Class:  2.97 MB
        Both:  18.54 MB

MaxMetaspaceSize: unlimited
CompressedClassSpaceSize: 1.00 GB
Initial GC threshold: 21.00 MB
Current GC threshold: 324.62 MB
CDS: off
 - commit_granule_bytes: 65536.
 - commit_granule_words: 8192.
 - virtual_space_node_default_size: 8388608.
 - enlarge_chunks_in_place: 1.
 - use_allocation_guard: 0.


Internal statistics:

num_allocs_failed_limit: 9.
num_arena_births: 5236.
num_arena_deaths: 2286.
num_vsnodes_births: 5.
num_vsnodes_deaths: 0.
num_space_committed: 3529.
num_space_uncommitted: 0.
num_chunks_returned_to_freelist: 2610.
num_chunks_taken_from_freelist: 15066.
num_chunk_merges: 928.
num_chunk_splits: 9792.
num_chunks_enlarged: 7082.
num_inconsistent_stats: 0.

CodeHeap 'non-profiled nmethods': size=120000Kb used=11675Kb max_used=11675Kb free=108324Kb
 bounds [0x00000250bd410000, 0x00000250bdf80000, 0x00000250c4940000]
CodeHeap 'profiled nmethods': size=120000Kb used=36924Kb max_used=36924Kb free=83075Kb
 bounds [0x00000250b5940000, 0x00000250b7d60000, 0x00000250bce70000]
CodeHeap 'non-nmethods': size=5760Kb used=2345Kb max_used=2378Kb free=3414Kb
 bounds [0x00000250bce70000, 0x00000250bd0e0000, 0x00000250bd410000]
CodeCache: size=245760Kb, used=50944Kb, max_used=50977Kb, free=194813Kb
 total_blobs=17318, nmethods=16132, adapters=1088, full_count=0
Compilation: enabled, stopped_count=0, restarted_count=0

Compilation events (20 events):
Event: 2771.922 Thread 0x00000250ca4f2960 23313       3       java.lang.reflect.ProxyGenerator$PrimitiveTypeInfo::get (97 bytes)
Event: 2771.922 Thread 0x00000250ca4f2960 nmethod 23313 0x00000250b7d49010 code [0x00000250b7d49220, 0x00000250b7d49720]
Event: 2771.961 Thread 0x00000250ca4f2960 23315       3       java.lang.Thread::run (23 bytes)
Event: 2771.962 Thread 0x00000250ca4f2960 nmethod 23315 0x00000250b7d49810 code [0x00000250b7d499e0, 0x00000250b7d49d58]
Event: 2771.962 Thread 0x00000250ca4f2960 23316       3       java.lang.Thread::scopedValueBindings (7 bytes)
Event: 2771.963 Thread 0x00000250ca4f2960 nmethod 23316 0x00000250b7371c90 code [0x00000250b7371e20, 0x00000250b7371f30]
Event: 2771.976 Thread 0x00000250ca4f2960 23317   !   3       org.gradle.internal.resources.DefaultResourceLockCoordinationService::notifyStateChange (25 bytes)
Event: 2771.976 Thread 0x00000250ca4f2960 nmethod 23317 0x00000250b7d49f10 code [0x00000250b7d4a0c0, 0x00000250b7d4a308]
Event: 2771.995 Thread 0x00000250ca4f2960 23318       3       org.gradle.internal.service.RelevantMethods$RelevantMethodsBuilder::addMethod (260 bytes)
Event: 2772.001 Thread 0x00000250ca4f2960 nmethod 23318 0x00000250b7d4a490 code [0x00000250b7d4ac60, 0x00000250b7d4f2e8]
Event: 2772.044 Thread 0x00000250ca4f2960 23319   !   3       com.google.common.cache.LocalCache$LocalLoadingCache::getUnchecked (19 bytes)
Event: 2772.045 Thread 0x00000250ca4f2960 nmethod 23319 0x00000250b7d50890 code [0x00000250b7d50a80, 0x00000250b7d50e40]
Event: 2772.114 Thread 0x00000250ca4f2960 23320       3       java.lang.ThreadLocal::get (8 bytes)
Event: 2772.114 Thread 0x00000250ca4f2960 nmethod 23320 0x00000250b7d51010 code [0x00000250b7d511c0, 0x00000250b7d51318]
Event: 2772.173 Thread 0x00000250ca4f2960 23321       1       org.gradle.internal.reflect.MutablePropertyDetails::getName (5 bytes)
Event: 2772.174 Thread 0x00000250ca4f2960 nmethod 23321 0x00000250bdf76b90 code [0x00000250bdf76d20, 0x00000250bdf76de8]
Event: 2772.193 Thread 0x00000250ca4f2960 23322       3       com.google.common.base.Splitter$1::separatorStart (13 bytes)
Event: 2772.194 Thread 0x00000250ca4f2960 nmethod 23322 0x00000250b7d51410 code [0x00000250b7d515c0, 0x00000250b7d517a0]
Event: 2772.194 Thread 0x00000250ca4f2960 23323       3       jdk.internal.org.objectweb.asm.Type::getArgumentTypes (154 bytes)
Event: 2772.197 Thread 0x00000250ca4f2960 nmethod 23323 0x00000250b7d51890 code [0x00000250b7d51ce0, 0x00000250b7d54100]

GC Heap History (20 events):
Event: 2696.152 GC heap after
{Heap after GC invocations=94 (full 0):
 garbage-first heap   total 414720K, used 161241K [0x0000000080000000, 0x0000000100000000)
  region size 1024K, 2 young (2048K), 2 survivors (2048K)
 Metaspace       used 194628K, committed 199552K, reserved 1245184K
  class space    used 24810K, committed 26624K, reserved 1048576K
}
Event: 2698.511 GC heap before
{Heap before GC invocations=94 (full 0):
 garbage-first heap   total 414720K, used 178649K [0x0000000080000000, 0x0000000100000000)
  region size 1024K, 20 young (20480K), 2 survivors (2048K)
 Metaspace       used 194691K, committed 199552K, reserved 1245184K
  class space    used 24816K, committed 26624K, reserved 1048576K
}
Event: 2698.538 GC heap after
{Heap after GC invocations=95 (full 0):
 garbage-first heap   total 414720K, used 161100K [0x0000000080000000, 0x0000000100000000)
  region size 1024K, 2 young (2048K), 2 survivors (2048K)
 Metaspace       used 194691K, committed 199552K, reserved 1245184K
  class space    used 24816K, committed 26624K, reserved 1048576K
}
Event: 2699.327 GC heap before
{Heap before GC invocations=95 (full 0):
 garbage-first heap   total 414720K, used 179532K [0x0000000080000000, 0x0000000100000000)
  region size 1024K, 20 young (20480K), 2 survivors (2048K)
 Metaspace       used 194692K, committed 199552K, reserved 1245184K
  class space    used 24816K, committed 26624K, reserved 1048576K
}
Event: 2699.481 GC heap after
{Heap after GC invocations=96 (full 0):
 garbage-first heap   total 414720K, used 160449K [0x0000000080000000, 0x0000000100000000)
  region size 1024K, 2 young (2048K), 2 survivors (2048K)
 Metaspace       used 194692K, committed 199552K, reserved 1245184K
  class space    used 24816K, committed 26624K, reserved 1048576K
}
Event: 2703.991 GC heap before
{Heap before GC invocations=96 (full 0):
 garbage-first heap   total 414720K, used 178881K [0x0000000080000000, 0x0000000100000000)
  region size 1024K, 20 young (20480K), 2 survivors (2048K)
 Metaspace       used 194922K, committed 199552K, reserved 1245184K
  class space    used 24849K, committed 26624K, reserved 1048576K
}
Event: 2704.064 GC heap after
{Heap after GC invocations=97 (full 0):
 garbage-first heap   total 414720K, used 161828K [0x0000000080000000, 0x0000000100000000)
  region size 1024K, 3 young (3072K), 3 survivors (3072K)
 Metaspace       used 194922K, committed 199552K, reserved 1245184K
  class space    used 24849K, committed 26624K, reserved 1048576K
}
Event: 2705.193 GC heap before
{Heap before GC invocations=97 (full 0):
 garbage-first heap   total 414720K, used 178212K [0x0000000080000000, 0x0000000100000000)
  region size 1024K, 20 young (20480K), 3 survivors (3072K)
 Metaspace       used 195057K, committed 199552K, reserved 1245184K
  class space    used 24866K, committed 26624K, reserved 1048576K
}
Event: 2705.235 GC heap after
{Heap after GC invocations=98 (full 0):
 garbage-first heap   total 414720K, used 162116K [0x0000000080000000, 0x0000000100000000)
  region size 1024K, 2 young (2048K), 2 survivors (2048K)
 Metaspace       used 195057K, committed 199552K, reserved 1245184K
  class space    used 24866K, committed 26624K, reserved 1048576K
}
Event: 2705.287 GC heap before
{Heap before GC invocations=98 (full 0):
 garbage-first heap   total 414720K, used 163140K [0x0000000080000000, 0x0000000100000000)
  region size 1024K, 4 young (4096K), 2 survivors (2048K)
 Metaspace       used 195057K, committed 199552K, reserved 1245184K
  class space    used 24866K, committed 26624K, reserved 1048576K
}
Event: 2705.327 GC heap after
{Heap after GC invocations=99 (full 0):
 garbage-first heap   total 414720K, used 162852K [0x0000000080000000, 0x0000000100000000)
  region size 1024K, 2 young (2048K), 2 survivors (2048K)
 Metaspace       used 195057K, committed 199552K, reserved 1245184K
  class space    used 24866K, committed 26624K, reserved 1048576K
}
Event: 2708.897 GC heap before
{Heap before GC invocations=99 (full 0):
 garbage-first heap   total 414720K, used 181284K [0x0000000080000000, 0x0000000100000000)
  region size 1024K, 20 young (20480K), 2 survivors (2048K)
 Metaspace       used 196042K, committed 199552K, reserved 1245184K
  class space    used 24956K, committed 26624K, reserved 1048576K
}
Event: 2708.913 GC heap after
{Heap after GC invocations=100 (full 0):
 garbage-first heap   total 414720K, used 162316K [0x0000000080000000, 0x0000000100000000)
  region size 1024K, 1 young (1024K), 1 survivors (1024K)
 Metaspace       used 196042K, committed 199552K, reserved 1245184K
  class space    used 24956K, committed 26624K, reserved 1048576K
}
Event: 2709.931 GC heap before
{Heap before GC invocations=101 (full 0):
 garbage-first heap   total 414720K, used 180748K [0x0000000080000000, 0x0000000100000000)
  region size 1024K, 20 young (20480K), 1 survivors (1024K)
 Metaspace       used 197560K, committed 200128K, reserved 1245184K
  class space    used 25182K, committed 26624K, reserved 1048576K
}
Event: 2709.935 GC heap after
{Heap after GC invocations=102 (full 0):
 garbage-first heap   total 414720K, used 162784K [0x0000000080000000, 0x0000000100000000)
  region size 1024K, 1 young (1024K), 1 survivors (1024K)
 Metaspace       used 197560K, committed 200128K, reserved 1245184K
  class space    used 25182K, committed 26624K, reserved 1048576K
}
Event: 2721.441 GC heap before
{Heap before GC invocations=102 (full 0):
 garbage-first heap   total 414720K, used 336864K [0x0000000080000000, 0x0000000100000000)
  region size 1024K, 168 young (172032K), 1 survivors (1024K)
 Metaspace       used 209616K, committed 211136K, reserved 1245184K
  class space    used 26743K, committed 27456K, reserved 1048576K
}
Event: 2721.485 GC heap after
{Heap after GC invocations=103 (full 0):
 garbage-first heap   total 414720K, used 169503K [0x0000000080000000, 0x0000000100000000)
  region size 1024K, 10 young (10240K), 10 survivors (10240K)
 Metaspace       used 209616K, committed 211136K, reserved 1245184K
  class space    used 26743K, committed 27456K, reserved 1048576K
}
Event: 2724.590 GC heap before
{Heap before GC invocations=103 (full 0):
 garbage-first heap   total 414720K, used 247327K [0x0000000080000000, 0x0000000100000000)
  region size 1024K, 86 young (88064K), 10 survivors (10240K)
 Metaspace       used 214677K, committed 216256K, reserved 1245184K
  class space    used 27540K, committed 28288K, reserved 1048576K
}
Event: 2724.732 GC heap after
{Heap after GC invocations=104 (full 0):
 garbage-first heap   total 414720K, used 171020K [0x0000000080000000, 0x0000000100000000)
  region size 1024K, 4 young (4096K), 4 survivors (4096K)
 Metaspace       used 214677K, committed 216256K, reserved 1245184K
  class space    used 27540K, committed 28288K, reserved 1048576K
}
Event: 2772.208 GC heap before
{Heap before GC invocations=104 (full 0):
 garbage-first heap   total 414720K, used 310284K [0x0000000080000000, 0x0000000100000000)
  region size 1024K, 134 young (137216K), 4 survivors (4096K)
 Metaspace       used 224312K, committed 226048K, reserved 1310720K
  class space    used 28872K, committed 29696K, reserved 1048576K
}

Dll operation events (3 events):
Event: 0.054 Loaded shared library D:\New folder\Android studio\jbr\bin\java.dll
Event: 0.093 Loaded shared library D:\New folder\Android studio\jbr\bin\zip.dll
Event: 1.986 Loaded shared library D:\New folder\Android studio\jbr\bin\verify.dll

Deoptimization events (20 events):
Event: 2771.506 Thread 0x00000250d54cb070 Uncommon trap: trap_request=0xffffff45 fr.pc=0x00000250bdab9054 relative=0x0000000000008274
Event: 2771.506 Thread 0x00000250d54cb070 Uncommon trap: reason=unstable_if action=reinterpret pc=0x00000250bdab9054 method=org.gradle.internal.instantiation.generator.AbstractClassGenerator$PropertyMetadata.addGetter(Lorg/gradle/internal/instantiation/generator/AbstractClassGenerator$MethodMetad
Event: 2771.506 Thread 0x00000250d54cb070 DEOPT PACKING pc=0x00000250bdab9054 sp=0x0000009e141f8820
Event: 2771.506 Thread 0x00000250d54cb070 DEOPT UNPACKING pc=0x00000250bcec43a2 sp=0x0000009e141f8758 mode 2
Event: 2771.694 Thread 0x00000250d54cb070 Uncommon trap: trap_request=0xffffff45 fr.pc=0x00000250bd560050 relative=0x00000000000007b0
Event: 2771.694 Thread 0x00000250d54cb070 Uncommon trap: reason=unstable_if action=reinterpret pc=0x00000250bd560050 method=java.util.HashMap$ValueSpliterator.forEachRemaining(Ljava/util/function/Consumer;)V @ 75 c2
Event: 2771.694 Thread 0x00000250d54cb070 DEOPT PACKING pc=0x00000250bd560050 sp=0x0000009e141f8e20
Event: 2771.694 Thread 0x00000250d54cb070 DEOPT UNPACKING pc=0x00000250bcec43a2 sp=0x0000009e141f8df0 mode 2
Event: 2771.868 Thread 0x00000250d54cb070 Uncommon trap: trap_request=0xffffff45 fr.pc=0x00000250bd5b356c relative=0x000000000000060c
Event: 2771.868 Thread 0x00000250d54cb070 Uncommon trap: reason=unstable_if action=reinterpret pc=0x00000250bd5b356c method=java.util.TimSort.countRunAndMakeAscending([Ljava/lang/Object;IILjava/util/Comparator;)I @ 27 c2
Event: 2771.868 Thread 0x00000250d54cb070 DEOPT PACKING pc=0x00000250bd5b356c sp=0x0000009e141f9390
Event: 2771.868 Thread 0x00000250d54cb070 DEOPT UNPACKING pc=0x00000250bcec43a2 sp=0x0000009e141f9340 mode 2
Event: 2771.881 Thread 0x00000250d54cb070 Uncommon trap: trap_request=0xffffff45 fr.pc=0x00000250bdea7f2c relative=0x00000000000008cc
Event: 2771.881 Thread 0x00000250d54cb070 Uncommon trap: reason=unstable_if action=reinterpret pc=0x00000250bdea7f2c method=com.google.common.collect.ImmutableSet$RegularSetBuilderImpl.review()Lcom/google/common/collect/ImmutableSet$SetBuilderImpl; @ 25 c2
Event: 2771.881 Thread 0x00000250d54cb070 DEOPT PACKING pc=0x00000250bdea7f2c sp=0x0000009e141f9dd0
Event: 2771.881 Thread 0x00000250d54cb070 DEOPT UNPACKING pc=0x00000250bcec43a2 sp=0x0000009e141f9d38 mode 2
Event: 2771.905 Thread 0x00000250d54cb070 Uncommon trap: trap_request=0xffffff45 fr.pc=0x00000250bdd7ab4c relative=0x00000000000013ac
Event: 2771.905 Thread 0x00000250d54cb070 Uncommon trap: reason=unstable_if action=reinterpret pc=0x00000250bdd7ab4c method=java.util.concurrent.locks.AbstractQueuedSynchronizer.acquire(Ljava/util/concurrent/locks/AbstractQueuedSynchronizer$Node;IZZZJ)I @ 357 c2
Event: 2771.905 Thread 0x00000250d54cb070 DEOPT PACKING pc=0x00000250bdd7ab4c sp=0x0000009e141fb5c0
Event: 2771.905 Thread 0x00000250d54cb070 DEOPT UNPACKING pc=0x00000250bcec43a2 sp=0x0000009e141fb5a8 mode 2

Classes loaded (20 events):
Event: 2724.229 Loading class jdk/internal/io/JdkConsoleProvider
Event: 2724.230 Loading class jdk/internal/io/JdkConsoleProvider done
Event: 2724.232 Loading class java/util/ServiceLoader$LayerLookupIterator
Event: 2724.233 Loading class java/util/ServiceLoader$LayerLookupIterator done
Event: 2724.237 Loading class jdk/internal/io/JdkConsole
Event: 2724.237 Loading class jdk/internal/io/JdkConsole done
Event: 2724.254 Loading class java/util/AbstractMap$2
Event: 2724.255 Loading class java/util/AbstractMap$2 done
Event: 2724.255 Loading class java/util/AbstractMap$2$1
Event: 2724.255 Loading class java/util/AbstractMap$2$1 done
Event: 2724.256 Loading class java/io/Console$1
Event: 2724.256 Loading class jdk/internal/access/JavaIOAccess
Event: 2724.257 Loading class jdk/internal/access/JavaIOAccess done
Event: 2724.257 Loading class java/io/Console$1 done
Event: 2771.691 Loading class java/util/stream/ReduceOps$5
Event: 2771.693 Loading class java/util/stream/ReduceOps$5 done
Event: 2771.693 Loading class java/util/stream/ReduceOps$CountingSink$OfRef
Event: 2771.694 Loading class java/util/stream/ReduceOps$CountingSink
Event: 2771.694 Loading class java/util/stream/ReduceOps$CountingSink done
Event: 2771.694 Loading class java/util/stream/ReduceOps$CountingSink$OfRef done

Classes unloaded (20 events):
Event: 2706.207 Thread 0x00000250ca2fcfb0 Unloading class 0x0000000100669400 'java/lang/invoke/LambdaForm$MH+0x0000000100669400'
Event: 2706.208 Thread 0x00000250ca2fcfb0 Unloading class 0x0000000100669000 'java/lang/invoke/LambdaForm$MH+0x0000000100669000'
Event: 2706.208 Thread 0x00000250ca2fcfb0 Unloading class 0x000000010060ac00 'java/lang/invoke/LambdaForm$MH+0x000000010060ac00'
Event: 2706.208 Thread 0x00000250ca2fcfb0 Unloading class 0x0000000100520800 'java/lang/invoke/LambdaForm$MH+0x0000000100520800'
Event: 2706.208 Thread 0x00000250ca2fcfb0 Unloading class 0x0000000100520400 'java/lang/invoke/LambdaForm$MH+0x0000000100520400'
Event: 2706.209 Thread 0x00000250ca2fcfb0 Unloading class 0x00000001004d8400 'java/lang/invoke/LambdaForm$MH+0x00000001004d8400'
Event: 2706.209 Thread 0x00000250ca2fcfb0 Unloading class 0x00000001004d8000 'java/lang/invoke/LambdaForm$MH+0x00000001004d8000'
Event: 2706.209 Thread 0x00000250ca2fcfb0 Unloading class 0x00000001004d4c00 'java/lang/invoke/LambdaForm$MH+0x00000001004d4c00'
Event: 2706.209 Thread 0x00000250ca2fcfb0 Unloading class 0x00000001004cc000 'java/lang/invoke/LambdaForm$MH+0x00000001004cc000'
Event: 2706.209 Thread 0x00000250ca2fcfb0 Unloading class 0x00000001003c0000 'java/lang/invoke/LambdaForm$MH+0x00000001003c0000'
Event: 2706.209 Thread 0x00000250ca2fcfb0 Unloading class 0x00000001003b4000 'java/lang/invoke/LambdaForm$MH+0x00000001003b4000'
Event: 2706.210 Thread 0x00000250ca2fcfb0 Unloading class 0x0000000100380400 'java/lang/invoke/LambdaForm$MH+0x0000000100380400'
Event: 2706.210 Thread 0x00000250ca2fcfb0 Unloading class 0x0000000100374400 'java/lang/invoke/LambdaForm$MH+0x0000000100374400'
Event: 2706.210 Thread 0x00000250ca2fcfb0 Unloading class 0x00000001001dec00 'java/lang/invoke/LambdaForm$MH+0x00000001001dec00'
Event: 2706.211 Thread 0x00000250ca2fcfb0 Unloading class 0x00000001001ddc00 'java/lang/invoke/LambdaForm$MH+0x00000001001ddc00'
Event: 2706.211 Thread 0x00000250ca2fcfb0 Unloading class 0x00000001001dd800 'java/lang/invoke/LambdaForm$MH+0x00000001001dd800'
Event: 2706.211 Thread 0x00000250ca2fcfb0 Unloading class 0x00000001001dd000 'java/lang/invoke/LambdaForm$MH+0x00000001001dd000'
Event: 2706.211 Thread 0x00000250ca2fcfb0 Unloading class 0x00000001001dc000 'java/lang/invoke/LambdaForm$MH+0x00000001001dc000'
Event: 2706.211 Thread 0x00000250ca2fcfb0 Unloading class 0x00000001001d0000 'java/lang/invoke/LambdaForm$MH+0x00000001001d0000'
Event: 2706.211 Thread 0x00000250ca2fcfb0 Unloading class 0x00000001000dc400 'java/lang/invoke/LambdaForm$MH+0x00000001000dc400'

Classes redefined (0 events):
No events

Internal exceptions (20 events):
Event: 2771.209 Thread 0x00000250d54cb070 Exception <a 'sun/nio/fs/WindowsException'{0x000000009146d198}> (0x000000009146d198) 
thrown [s\src\hotspot\share\prims\jni.cpp, line 537]
Event: 2771.212 Thread 0x00000250d54cb070 Exception <a 'sun/nio/fs/WindowsException'{0x000000009147d948}> (0x000000009147d948) 
thrown [s\src\hotspot\share\prims\jni.cpp, line 537]
Event: 2771.273 Thread 0x00000250d54cb070 Exception <a 'sun/nio/fs/WindowsException'{0x000000009149ac70}> (0x000000009149ac70) 
thrown [s\src\hotspot\share\prims\jni.cpp, line 537]
Event: 2771.287 Thread 0x00000250d54cb070 Exception <a 'sun/nio/fs/WindowsException'{0x00000000914b2468}> (0x00000000914b2468) 
thrown [s\src\hotspot\share\prims\jni.cpp, line 537]
Event: 2771.298 Thread 0x00000250d54cb070 Exception <a 'sun/nio/fs/WindowsException'{0x000000009133da58}> (0x000000009133da58) 
thrown [s\src\hotspot\share\prims\jni.cpp, line 537]
Event: 2771.301 Thread 0x00000250d54cb070 Exception <a 'sun/nio/fs/WindowsException'{0x0000000091346588}> (0x0000000091346588) 
thrown [s\src\hotspot\share\prims\jni.cpp, line 537]
Event: 2771.305 Thread 0x00000250d54cb070 Exception <a 'sun/nio/fs/WindowsException'{0x0000000091368c78}> (0x0000000091368c78) 
thrown [s\src\hotspot\share\prims\jni.cpp, line 537]
Event: 2771.307 Thread 0x00000250d54cb070 Exception <a 'sun/nio/fs/WindowsException'{0x000000009137a758}> (0x000000009137a758) 
thrown [s\src\hotspot\share\prims\jni.cpp, line 537]
Event: 2771.310 Thread 0x00000250d54cb070 Exception <a 'sun/nio/fs/WindowsException'{0x0000000091384088}> (0x0000000091384088) 
thrown [s\src\hotspot\share\prims\jni.cpp, line 537]
Event: 2771.313 Thread 0x00000250d54cb070 Exception <a 'sun/nio/fs/WindowsException'{0x0000000091395080}> (0x0000000091395080) 
thrown [s\src\hotspot\share\prims\jni.cpp, line 537]
Event: 2771.315 Thread 0x00000250d54cb070 Exception <a 'sun/nio/fs/WindowsException'{0x000000009139eef0}> (0x000000009139eef0) 
thrown [s\src\hotspot\share\prims\jni.cpp, line 537]
Event: 2771.360 Thread 0x00000250e22ffb90 Exception <a 'java/lang/NoSuchMethodError'{0x00000000912873c8}: static Lorg/gradle/tooling/internal/provider/PhasedBuildActionResult;.<clinit>()V> (0x00000000912873c8) 
thrown [s\src\hotspot\share\prims\jni.cpp, line 1144]
Event: 2771.362 Thread 0x00000250e22ffb90 Exception <a 'java/lang/NoSuchMethodError'{0x0000000091290328}: static Lorg/gradle/tooling/internal/provider/serialization/SerializedPayload;.<clinit>()V> (0x0000000091290328) 
thrown [s\src\hotspot\share\prims\jni.cpp, line 1144]
Event: 2771.364 Thread 0x00000250e22ffb90 Exception <a 'java/lang/NoSuchMethodError'{0x00000000912934b0}: static [B.<clinit>()V> (0x00000000912934b0) 
thrown [s\src\hotspot\share\prims\jni.cpp, line 1144]
Event: 2771.420 Thread 0x00000250d54cb070 Implicit null exception at 0x00000250bd59ced1 to 0x00000250bd59d538
Event: 2771.694 Thread 0x00000250d54cb070 Implicit null exception at 0x00000250bd55f8ff to 0x00000250bd560040
Event: 2771.945 Thread 0x00000250ed8c7460 Exception <a 'java/lang/NoSuchMethodError'{0x0000000090b46840}: 'java.lang.Object java.lang.invoke.DirectMethodHandle$Holder.newInvokeSpecial(java.lang.Object, java.lang.Object, int, java.lang.Object, java.lang.Object)'> (0x0000000090b46840) 
thrown [s\src\hotspot\share\interpreter\linkResolver.cpp, line 784]
Event: 2771.947 Thread 0x00000250ed8c7460 Exception <a 'java/lang/NoSuchMethodError'{0x0000000090b4a1a8}: 'java.lang.Object java.lang.invoke.Invokers$Holder.linkToTargetMethod(java.lang.Object, int, java.lang.Object, java.lang.Object, java.lang.Object)'> (0x0000000090b4a1a8) 
thrown [s\src\hotspot\share\interpreter\linkResolver.cpp, line 784]
Event: 2772.055 Thread 0x00000250d0a3b710 Exception <a 'sun/nio/fs/WindowsException'{0x000000009061a4c0}> (0x000000009061a4c0) 
thrown [s\src\hotspot\share\prims\jni.cpp, line 537]
Event: 2772.197 Thread 0x00000250d0a3b710 Exception <a 'java/lang/NoSuchMethodError'{0x00000000904b5018}: 'java.lang.Object java.lang.invoke.DelegatingMethodHandle$Holder.reinvoke_L(java.lang.Object, java.lang.Object, java.lang.Object, java.lang.Object, java.lang.Object, java.lang.Object, java.lang.Object, java.lang.Object, java.lang.Object, java.lang.Object, java.lang.Object, java.lang.Object, java.lang.Object, java.lang.Object, java.lang.Object, java.lang.Object, java.lang.Object)'> (0x00000000904b5018) 
thrown [s\src\hotspot\share\interpreter\l

ZGC Phase Switch (0 events):
No events

VM Operations (20 events):
Event: 2746.862 Executing VM operation: Cleanup done
Event: 2747.862 Executing VM operation: Cleanup
Event: 2747.894 Executing VM operation: Cleanup done
Event: 2748.904 Executing VM operation: Cleanup
Event: 2750.020 Executing VM operation: Cleanup done
Event: 2759.125 Executing VM operation: Cleanup
Event: 2759.125 Executing VM operation: Cleanup done
Event: 2763.168 Executing VM operation: Cleanup
Event: 2763.415 Executing VM operation: Cleanup done
Event: 2767.460 Executing VM operation: Cleanup
Event: 2767.491 Executing VM operation: Cleanup done
Event: 2770.515 Executing VM operation: Cleanup
Event: 2770.515 Executing VM operation: Cleanup done
Event: 2771.524 Executing VM operation: Cleanup
Event: 2771.525 Executing VM operation: Cleanup done
Event: 2771.566 Executing VM operation: HandshakeAllThreads (Deoptimize)
Event: 2771.573 Executing VM operation: HandshakeAllThreads (Deoptimize) done
Event: 2772.161 Executing VM operation: HandshakeAllThreads (Deoptimize)
Event: 2772.161 Executing VM operation: HandshakeAllThreads (Deoptimize) done
Event: 2772.205 Executing VM operation: G1CollectForAllocation (G1 Evacuation Pause)

Memory protections (0 events):
No events

Nmethod flushes (20 events):
Event: 2707.382 Thread 0x00000250ca2fcfb0 flushing  nmethod 0x00000250b7348990
Event: 2707.382 Thread 0x00000250ca2fcfb0 flushing  nmethod 0x00000250b75e0010
Event: 2707.382 Thread 0x00000250ca2fcfb0 flushing  nmethod 0x00000250b75ed190
Event: 2707.383 Thread 0x00000250ca2fcfb0 flushing  nmethod 0x00000250b6162110
Event: 2707.383 Thread 0x00000250ca2fcfb0 flushing  nmethod 0x00000250b648ef90
Event: 2707.383 Thread 0x00000250ca2fcfb0 flushing  nmethod 0x00000250b66a5490
Event: 2707.383 Thread 0x00000250ca2fcfb0 flushing  nmethod 0x00000250b5d35c90
Event: 2707.383 Thread 0x00000250ca2fcfb0 flushing  nmethod 0x00000250b60e2e90
Event: 2707.383 Thread 0x00000250ca2fcfb0 flushing  nmethod 0x00000250b623b910
Event: 2707.383 Thread 0x00000250ca2fcfb0 flushing  nmethod 0x00000250b6c6fc10
Event: 2707.383 Thread 0x00000250ca2fcfb0 flushing  nmethod 0x00000250b6c70010
Event: 2707.383 Thread 0x00000250ca2fcfb0 flushing  nmethod 0x00000250b7302310
Event: 2707.383 Thread 0x00000250ca2fcfb0 flushing  nmethod 0x00000250bd440b10
Event: 2707.383 Thread 0x00000250ca2fcfb0 flushing  nmethod 0x00000250b5a7c090
Event: 2707.384 Thread 0x00000250ca2fcfb0 flushing  nmethod 0x00000250b5ca7010
Event: 2707.384 Thread 0x00000250ca2fcfb0 flushing  nmethod 0x00000250b5de4f10
Event: 2707.384 Thread 0x00000250ca2fcfb0 flushing  nmethod 0x00000250b5c7c590
Event: 2707.384 Thread 0x00000250ca2fcfb0 flushing  nmethod 0x00000250b5c7fd10
Event: 2707.385 Thread 0x00000250ca2fcfb0 flushing  nmethod 0x00000250b5eb1f10
Event: 2707.385 Thread 0x00000250ca2fcfb0 flushing  nmethod 0x00000250b627b690

Events (20 events):
Event: 2748.326 Thread 0x00000250ca4f2960 Thread added: 0x00000250ee1af720
Event: 2748.330 Thread 0x00000250ca4f2960 Thread added: 0x00000250ee1b1930
Event: 2754.830 Thread 0x00000250ee1b1930 Thread exited: 0x00000250ee1b1930
Event: 2755.566 Thread 0x00000250ee1af720 Thread exited: 0x00000250ee1af720
Event: 2767.155 Thread 0x00000250d54cb070 Thread added: 0x00000250d561d180
Event: 2771.102 Thread 0x00000250d54cb070 Thread added: 0x00000250ed8c7460
Event: 2771.331 Thread 0x00000250ed8c7460 Thread exited: 0x00000250ed8c7460
Event: 2771.904 Thread 0x00000250d54cb070 Thread added: 0x00000250ed8c7460
Event: 2771.955 Thread 0x00000250ed8c7460 Thread added: 0x00000250d0a3b710
Event: 2771.956 Thread 0x00000250ed8c7460 Thread added: 0x00000250d0a3d7e0
Event: 2771.956 Thread 0x00000250ed8c7460 Thread added: 0x00000250d0a3bda0
Event: 2771.957 Thread 0x00000250ed8c7460 Thread added: 0x00000250d0a3c430
Event: 2771.957 Thread 0x00000250ed8c7460 Thread added: 0x00000250d0a3cac0
Event: 2771.958 Thread 0x00000250ed8c7460 Thread added: 0x00000250e2d136e0
Event: 2771.958 Thread 0x00000250ed8c7460 Thread added: 0x00000250e2d12330
Event: 2771.959 Thread 0x00000250ed8c7460 Thread added: 0x00000250e2d13050
Event: 2771.959 Thread 0x00000250ed8c7460 Thread added: 0x00000250e2d15120
Event: 2771.960 Thread 0x00000250ed8c7460 Thread added: 0x00000250e2d14400
Event: 2771.960 Thread 0x00000250ed8c7460 Thread added: 0x00000250e2d14a90
Event: 2772.094 Thread 0x00000250d0a3b710 Thread added: 0x00000250ee5beb50


Dynamic libraries:
0x00007ff6ff4d0000 - 0x00007ff6ff4da000 	D:\New folder\Android studio\jbr\bin\java.exe
0x00007ff84a3a0000 - 0x00007ff84a607000 	C:\WINDOWS\SYSTEM32\ntdll.dll
0x00007ff849e60000 - 0x00007ff849f29000 	C:\WINDOWS\System32\KERNEL32.DLL
0x00007ff847210000 - 0x00007ff847604000 	C:\WINDOWS\System32\KERNELBASE.dll
0x00007ff846f50000 - 0x00007ff84709b000 	C:\WINDOWS\System32\ucrtbase.dll
0x00007ff831b90000 - 0x00007ff831ba8000 	D:\New folder\Android studio\jbr\bin\jli.dll
0x00007ff838c70000 - 0x00007ff838c8b000 	D:\New folder\Android studio\jbr\bin\VCRUNTIME140.dll
0x00007ff8488d0000 - 0x00007ff848a95000 	C:\WINDOWS\System32\USER32.dll
0x00007ff846dd0000 - 0x00007ff846df7000 	C:\WINDOWS\System32\win32u.dll
0x00007ff849580000 - 0x00007ff8495ab000 	C:\WINDOWS\System32\GDI32.dll
0x00007ff831860000 - 0x00007ff831af3000 	C:\WINDOWS\WinSxS\amd64_microsoft.windows.common-controls_6595b64144ccf1df_6.0.26100.8115_none_3e075c82e3354f9c\COMCTL32.dll
0x00007ff848000000 - 0x00007ff84812b000 	C:\WINDOWS\System32\gdi32full.dll
0x00007ff8492c0000 - 0x00007ff849369000 	C:\WINDOWS\System32\msvcrt.dll
0x00007ff846d20000 - 0x00007ff846dc3000 	C:\WINDOWS\System32\msvcp_win.dll
0x00007ff84a0e0000 - 0x00007ff84a112000 	C:\WINDOWS\System32\IMM32.DLL
0x00007ff83cb40000 - 0x00007ff83cb4c000 	D:\New folder\Android studio\jbr\bin\vcruntime140_1.dll
0x00007fffe6610000 - 0x00007fffe669d000 	D:\New folder\Android studio\jbr\bin\msvcp140.dll
0x00007fff4dc90000 - 0x00007fff4e926000 	D:\New folder\Android studio\jbr\bin\server\jvm.dll
0x00007ff84a120000 - 0x00007ff84a1d6000 	C:\WINDOWS\System32\ADVAPI32.dll
0x00007ff849fb0000 - 0x00007ff84a057000 	C:\WINDOWS\System32\sechost.dll
0x00007ff849a40000 - 0x00007ff849b58000 	C:\WINDOWS\System32\RPCRT4.dll
0x00007ff849130000 - 0x00007ff8491b0000 	C:\WINDOWS\System32\WS2_32.dll
0x00007ff840c10000 - 0x00007ff840c46000 	C:\WINDOWS\SYSTEM32\WINMM.dll
0x00007ff840cc0000 - 0x00007ff840ccb000 	C:\WINDOWS\SYSTEM32\VERSION.dll
0x00007ff846ad0000 - 0x00007ff846b2e000 	C:\WINDOWS\SYSTEM32\POWRPROF.dll
0x00007ff846ab0000 - 0x00007ff846ac4000 	C:\WINDOWS\SYSTEM32\UMPDC.dll
0x00007ff845a00000 - 0x00007ff845a1b000 	C:\WINDOWS\SYSTEM32\kernel.appcore.dll
0x00007ff83ae10000 - 0x00007ff83ae1a000 	D:\New folder\Android studio\jbr\bin\jimage.dll
0x00007ff844ca0000 - 0x00007ff844ee2000 	C:\WINDOWS\SYSTEM32\DBGHELP.DLL
0x00007ff848aa0000 - 0x00007ff848e22000 	C:\WINDOWS\System32\combase.dll
0x00007ff8493d0000 - 0x00007ff8494a8000 	C:\WINDOWS\System32\OLEAUT32.dll
0x00007ff831b00000 - 0x00007ff831b3b000 	C:\WINDOWS\SYSTEM32\dbgcore.DLL
0x00007ff846c70000 - 0x00007ff846d15000 	C:\WINDOWS\System32\bcryptPrimitives.dll
0x00007ff835800000 - 0x00007ff83580e000 	D:\New folder\Android studio\jbr\bin\instrument.dll
0x00007ff835c50000 - 0x00007ff835c70000 	D:\New folder\Android studio\jbr\bin\java.dll
0x00007ff835c30000 - 0x00007ff835c48000 	D:\New folder\Android studio\jbr\bin\zip.dll
0x00007ff848130000 - 0x00007ff848897000 	C:\WINDOWS\System32\SHELL32.dll
0x00007ff8470a0000 - 0x00007ff84720a000 	C:\WINDOWS\System32\wintypes.dll
0x00007ff847610000 - 0x00007ff847e78000 	C:\WINDOWS\System32\windows.storage.dll
0x00007ff8491c0000 - 0x00007ff8492b8000 	C:\WINDOWS\System32\SHCORE.dll
0x00007ff849d50000 - 0x00007ff849db6000 	C:\WINDOWS\System32\shlwapi.dll
0x00007ff846b90000 - 0x00007ff846bb9000 	C:\WINDOWS\SYSTEM32\profapi.dll
0x00007ff83a850000 - 0x00007ff83a860000 	D:\New folder\Android studio\jbr\bin\net.dll
0x00007ff83dab0000 - 0x00007ff83dbdd000 	C:\WINDOWS\SYSTEM32\WINHTTP.dll
0x00007ff845f70000 - 0x00007ff845fdc000 	C:\WINDOWS\system32\mswsock.dll
0x00007ff835c10000 - 0x00007ff835c26000 	D:\New folder\Android studio\jbr\bin\nio.dll
0x00007ff831bb0000 - 0x00007ff831bc0000 	D:\New folder\Android studio\jbr\bin\verify.dll
0x00007ff82cee0000 - 0x00007ff82cf07000 	C:\Users\Lenovo\.gradle\native\660c5614fbf4a5f2a75b1949f50a0caf5cd603558e7d8a26e50b933a0cfb79d1\windows-amd64\native-platform.dll
0x00007ff8145d0000 - 0x00007ff814647000 	C:\Users\Lenovo\.gradle\native\0.2.8\x86_64-windows-gnu\gradle-fileevents.dll
0x00007ff835770000 - 0x00007ff835779000 	D:\New folder\Android studio\jbr\bin\management.dll
0x00007ff8351c0000 - 0x00007ff8351cb000 	D:\New folder\Android studio\jbr\bin\management_ext.dll
0x00007ff8488c0000 - 0x00007ff8488c8000 	C:\WINDOWS\System32\PSAPI.DLL
0x00007ff8453c0000 - 0x00007ff8453f2000 	C:\WINDOWS\SYSTEM32\IPHLPAPI.DLL
0x00007ff849b60000 - 0x00007ff849b6a000 	C:\WINDOWS\System32\NSI.dll
0x00007ff8375d0000 - 0x00007ff8375d9000 	D:\New folder\Android studio\jbr\bin\extnet.dll
0x00007ff846250000 - 0x00007ff84626b000 	C:\WINDOWS\SYSTEM32\CRYPTSP.dll
0x00007ff845960000 - 0x00007ff845999000 	C:\WINDOWS\system32\rsaenh.dll
0x00007ff846020000 - 0x00007ff846053000 	C:\WINDOWS\SYSTEM32\USERENV.dll
0x00007ff846b60000 - 0x00007ff846b8a000 	C:\WINDOWS\SYSTEM32\bcrypt.dll
0x00007ff846270000 - 0x00007ff84627c000 	C:\WINDOWS\SYSTEM32\CRYPTBASE.dll
0x00007fffc7930000 - 0x00007fffc7938000 	C:\WINDOWS\system32\wshunix.dll
0x00007ff845450000 - 0x00007ff845582000 	C:\WINDOWS\SYSTEM32\DNSAPI.dll
0x00007ff8382e0000 - 0x00007ff8382eb000 	C:\Windows\System32\rasadhlp.dll
0x00007ff83ca50000 - 0x00007ff83cad6000 	C:\WINDOWS\System32\fwpuclnt.dll

JVMTI agents:
C:\Users\Lenovo\.gradle\wrapper\dists\gradle-9.2.1-bin\2t0n5ozlw9xmuyvbp7dnzaxug\gradle-9.2.1\lib\agents\gradle-instrumentation-agent-9.2.1.jar path:D:\New folder\Android studio\jbr\bin\instrument.dll, loaded, initialized, instrumentlib options:none

dbghelp: loaded successfully - version: 4.0.5 - missing functions: none
symbol engine: initialized successfully - sym options: 0x614 - pdb path: .;D:\New folder\Android studio\jbr\bin;C:\WINDOWS\SYSTEM32;C:\WINDOWS\WinSxS\amd64_microsoft.windows.common-controls_6595b64144ccf1df_6.0.26100.8115_none_3e075c82e3354f9c;D:\New folder\Android studio\jbr\bin\server;C:\Users\Lenovo\.gradle\native\660c5614fbf4a5f2a75b1949f50a0caf5cd603558e7d8a26e50b933a0cfb79d1\windows-amd64;C:\Users\Lenovo\.gradle\native\0.2.8\x86_64-windows-gnu

VM Arguments:
jvm_args: --add-opens=java.base/java.lang=ALL-UNNAMED --add-opens=java.base/java.lang.invoke=ALL-UNNAMED --add-opens=java.base/java.util=ALL-UNNAMED --add-opens=java.prefs/java.util.prefs=ALL-UNNAMED --add-exports=jdk.compiler/com.sun.tools.javac.api=ALL-UNNAMED --add-exports=jdk.compiler/com.sun.tools.javac.util=ALL-UNNAMED --add-opens=java.base/java.util=ALL-UNNAMED --add-opens=java.prefs/java.util.prefs=ALL-UNNAMED --add-opens=java.base/java.nio.charset=ALL-UNNAMED --add-opens=java.base/java.net=ALL-UNNAMED --add-opens=java.base/java.util.concurrent=ALL-UNNAMED --add-opens=java.base/java.util.concurrent.atomic=ALL-UNNAMED --add-opens=java.xml/javax.xml.namespace=ALL-UNNAMED --add-opens=java.base/java.time=ALL-UNNAMED -Xmx2048m -Dfile.encoding=UTF-8 -Duser.country=IN -Duser.language=en -Duser.variant -javaagent:C:\Users\Lenovo\.gradle\wrapper\dists\gradle-9.2.1-bin\2t0n5ozlw9xmuyvbp7dnzaxug\gradle-9.2.1\lib\agents\gradle-instrumentation-agent-9.2.1.jar 
java_command: org.gradle.launcher.daemon.bootstrap.GradleDaemon 9.2.1
java_class_path (initial): C:\Users\Lenovo\.gradle\wrapper\dists\gradle-9.2.1-bin\2t0n5ozlw9xmuyvbp7dnzaxug\gradle-9.2.1\lib\gradle-daemon-main-9.2.1.jar
Launcher Type: SUN_STANDARD

[Global flags]
     intx CICompilerCount                          = 4                                         {product} {ergonomic}
     uint ConcGCThreads                            = 3                                         {product} {ergonomic}
     uint G1ConcRefinementThreads                  = 10                                        {product} {ergonomic}
   size_t G1HeapRegionSize                         = 1048576                                   {product} {ergonomic}
    uintx GCDrainStackTargetSize                   = 64                                        {product} {ergonomic}
   size_t InitialHeapSize                          = 98566144                                  {product} {ergonomic}
   size_t MarkStackSize                            = 4194304                                   {product} {ergonomic}
   size_t MaxHeapSize                              = 2147483648                                {product} {command line}
   size_t MaxNewSize                               = 1287651328                                {product} {ergonomic}
   size_t MinHeapDeltaBytes                        = 1048576                                   {product} {ergonomic}
   size_t MinHeapSize                              = 8388608                                   {product} {ergonomic}
    uintx NonNMethodCodeHeapSize                   = 5839372                                {pd product} {ergonomic}
    uintx NonProfiledCodeHeapSize                  = 122909434                              {pd product} {ergonomic}
    uintx ProfiledCodeHeapSize                     = 122909434                              {pd product} {ergonomic}
    uintx ReservedCodeCacheSize                    = 251658240                              {pd product} {ergonomic}
     bool SegmentedCodeCache                       = true                                      {product} {ergonomic}
   size_t SoftMaxHeapSize                          = 2147483648                             {manageable} {ergonomic}
     bool UseCompressedOops                        = true                           {product lp64_product} {ergonomic}
     bool UseG1GC                                  = true                                      {product} {ergonomic}
     bool UseLargePagesIndividualAllocation        = false                                  {pd product} {ergonomic}

Logging:
Log output configuration:
 #0: stdout all=warning uptime,level,tags foldmultilines=false
 #1: stderr all=off uptime,level,tags foldmultilines=false

Release file:
JAVA_VERSION="21.0.9" 
MODULES="java.base java.compiler java.datatransfer java.xml java.prefs java.desktop java.instrument java.logging java.management java.security.sasl java.naming java.rmi java.management.rmi java.net.http java.scripting java.security.jgss java.transaction.xa java.sql java.sql.rowset java.xml.crypto java.se java.smartcardio jdk.accessibility jdk.internal.jvmstat jdk.attach jdk.charsets jdk.internal.opt jdk.zipfs jdk.compiler jdk.crypto.ec jdk.crypto.cryptoki jdk.dynalink jdk.hotspot.agent jdk.httpserver jdk.internal.ed jdk.internal.le jdk.internal.vm.ci jdk.jartool jdk.javadoc jdk.jcmd jdk.jdeps jdk.jdwp.agent jdk.jdi jdk.jfr jdk.jlink jdk.jsobject jdk.localedata jdk.management jdk.management.agent jdk.management.jfr jdk.naming.dns jdk.naming.rmi jdk.net jdk.sctp jdk.security.auth jdk.security.jgss jdk.unsupported jdk.unsupported.desktop jdk.xml.dom" 
IMPLEMENTOR="JetBrains s.r.o." 
JAVA_RUNTIME_VERSION="21.0.9+-14649483-b1163.86" 
LIBC="default" 
OS_ARCH="x86_64" 
OS_NAME="Windows" 
SOURCE=".:git:554d0c326095" 

Environment Variables:
JAVA_HOME=C:\JAVA\jdk-1.8\bin
PATH=C:\Program Files (x86)\Common Files\Oracle\Java\java8path;C:\Program Files (x86)\Common Files\Oracle\Java\javapath;C:\oracle\product\10.2.0\db_1\bin;C:\oraclexe\app\oracle\product\10.2.0\server\bin;C:\WINDOWS\system32;C:\WINDOWS;C:\WINDOWS\System32\Wbem;C:\WINDOWS\System32\WindowsPowerShell\v1.0\;C:\WINDOWS\System32\OpenSSH\;C:\Program Files\nodejs\;C:\Program Files\Git\cmd;C:\Program Files\Java\jdk-21\bin;C:\Program Files\apache-maven-3.9.9\bin;C:\Program Files\gradle-8.12.1\bin;C:\Program Files\Java\jdk-11.0.20\bin;C:\Hadoop\bin;C:\Hadoop\bin;C:\Users\Lenovo\Downloads\jdk-25_windows-x64_bin.exe;C:\Setup Files\JAVA\jdk-1.8\bin;C:\Setup Files\hadoop\bin;C:\Setup Files\hadoop\sbin;C:\Setup Files\hadoop;C:\JAVA\jdk-1.8\bin;C:\hadoop\bin;C:\hadoop\sbin;C:\hadoop;C:\Users\Lenovo\AppData\Local\Programs\Python\Python313\Scripts\;C:\Users\Lenovo\AppData\Local\Programs\Python\Python313\;C:\Users\Lenovo\AppData\Local\Programs\Python\Launcher\;C:\Users\Lenovo\AppData\Local\Microsoft\WindowsApps;C:\intelFPGA\20.1\modelsim_ase\win32aloem;C:\Users\Lenovo\AppData\Local\Programs\Microsoft VS Code\bin;C:\Users\Lenovo\AppData\Roaming\npm;C:\Users\Lenovo\AppData\Local\Microsoft\WindowsApps;C:\Users\Lenovo\AppData\Local\Programs\Antigravity\bin
USERNAME=Lenovo
OS=Windows_NT
PROCESSOR_IDENTIFIER=AMD64 Family 23 Model 104 Stepping 1, AuthenticAMD
TMP=C:\Users\Lenovo\AppData\Local\Temp
TEMP=C:\Users\Lenovo\AppData\Local\Temp




Periodic native trim disabled

JNI global refs:
JNI global refs: 28, weak refs: 0

JNI global refs memory usage: 835, weak refs: 833

Process memory usage:
Resident Set Size: 417320K (6% of 6149880K total physical memory with 1077476K free physical memory)

OOME stack traces (most recent first):
Classloader memory used:
Loader org.gradle.internal.classloader.VisitableURLClassLoader                         : 110M
Loader org.gradle.internal.classloader.VisitableURLClassLoader$InstrumentingVisitableURLClassLoader: 54790K
Loader bootstrap                                                                       : 30874K
Loader org.gradle.initialization.MixInLegacyTypesClassLoader                           : 13266K
Loader jdk.internal.loader.ClassLoaders$AppClassLoader                                 : 7799K
Loader org.gradle.internal.classloader.VisitableURLClassLoader                         : 2848K
Loader jdk.internal.loader.ClassLoaders$PlatformClassLoader                            : 919K
Loader jdk.internal.reflect.DelegatingClassLoader                                      : 562K
Loader jdk.internal.jrtfs.JrtFileSystemProvider$JrtFsLoader                            : 340K
Loader org.gradle.groovy.scripts.internal.DefaultScriptCompilationHandler$ScriptClassLoader: 205K

Classes loaded by more than one classloader:
Class Program                                                                         : loaded 9 times (x 72B)
Class Build_gradle                                                                    : loaded 7 times (x 126B)
Class com.google.common.collect.Iterators                                             : loaded 6 times (x 71B)
Class com.google.common.collect.Lists$StringAsImmutableList                           : loaded 6 times (x 207B)
Class com.google.common.collect.UnmodifiableIterator                                  : loaded 6 times (x 80B)
Class com.google.common.collect.AbstractIterator                                      : loaded 6 times (x 82B)
Class com.google.common.collect.AbstractIndexedListIterator                           : loaded 6 times (x 96B)
Class com.google.common.collect.ImmutableList                                         : loaded 6 times (x 206B)
Class org.gradle.kotlin.dsl.VersionCatalogAccessorsKt                                 : loaded 6 times (x 71B)
Class com.google.common.collect.Iterators$SingletonIterator                           : loaded 6 times (x 81B)
Class com.google.common.collect.Iterators$1                                           : loaded 6 times (x 81B)
Class com.google.common.collect.Iterators$MergingIterator                             : loaded 6 times (x 81B)
Class com.google.common.collect.Iterators$4                                           : loaded 6 times (x 82B)
Class com.google.common.collect.Iterators$5                                           : loaded 6 times (x 82B)
Class com.google.common.collect.ImmutableCollection                                   : loaded 6 times (x 125B)
Class com.google.common.collect.UnmodifiableListIterator                              : loaded 6 times (x 95B)
Class com.google.common.collect.Lists                                                 : loaded 6 times (x 71B)
Class com.google.common.collect.Iterators$9                                           : loaded 6 times (x 81B)
Class com.google.common.collect.Iterators$ArrayItr                                    : loaded 6 times (x 97B)
Class com.google.common.collect.PeekingIterator                                       : loaded 6 times (x 70B)
Class com.google.common.base.Preconditions                                            : loaded 6 times (x 71B)
Class org.jetbrains.kotlin.tooling.core.HasMutableExtras                              : loaded 5 times (x 70B)
Class org.jetbrains.kotlin.tooling.core.Extras                                        : loaded 5 times (x 70B)
Class org.jetbrains.kotlin.tooling.core.HasExtras                                     : loaded 5 times (x 70B)
Class [Lcom.google.common.collect.AbstractMapEntry;                                   : loaded 4 times (x 69B)
Class com.google.common.cache.CacheBuilder$3                                          : loaded 4 times (x 72B)
Class com.google.common.collect.ArrayListMultimap                                     : loaded 4 times (x 172B)
Class com.google.common.cache.CacheBuilder$2                                          : loaded 4 times (x 79B)
Class com.google.common.cache.LocalCache                                              : loaded 4 times (x 187B)
Class com.google.common.base.CharMatcher$NegatedFastMatcher                           : loaded 4 times (x 113B)
Class com.google.common.base.PatternCompiler                                          : loaded 4 times (x 70B)
Class com.google.common.collect.ImmutableMap                                          : loaded 4 times (x 120B)
Class com.google.common.cache.CacheBuilder$1                                          : loaded 4 times (x 85B)
Class [Lcom.google.common.cache.LocalCache$Strength;                                  : loaded 4 times (x 69B)
Class com.google.common.base.Predicate                                                : loaded 4 times (x 70B)
Class [Lcom.google.common.cache.LocalCache$Segment;                                   : loaded 4 times (x 69B)
Class com.google.common.base.Ticker                                                   : loaded 4 times (x 72B)
Class com.google.common.base.CharMatcher$FastMatcher                                  : loaded 4 times (x 111B)
Class org.objectweb.asm.Handler                                                       : loaded 4 times (x 72B)
Class com.google.common.collect.Sets                                                  : loaded 4 times (x 71B)
Class com.google.common.base.Strings                                                  : loaded 4 times (x 71B)
Class org.gradle.api.Action                                                           : loaded 4 times (x 70B)
Class org.gradle.internal.Cast                                                        : loaded 4 times (x 71B)
Class com.google.common.util.concurrent.AbstractFuture$Failure                        : loaded 4 times (x 72B)
Class com.google.common.base.Equivalence$Equals                                       : loaded 4 times (x 82B)
Class com.google.common.collect.Hashing                                               : loaded 4 times (x 71B)
Class com.google.common.base.CharMatcher$IsEither                                     : loaded 4 times (x 111B)
Class com.google.common.base.Equivalence$Identity                                     : loaded 4 times (x 82B)
Class com.google.common.base.Supplier                                                 : loaded 4 times (x 70B)
Class org.objectweb.asm.Attribute                                                     : loaded 4 times (x 77B)
Class com.google.common.base.CharMatcher$Or                                           : loaded 4 times (x 112B)
Class com.google.common.util.concurrent.AbstractFuture$Listener                       : loaded 4 times (x 72B)
Class org.objectweb.asm.RecordComponentWriter                                         : loaded 4 times (x 78B)
Class org.objectweb.asm.Label                                                         : loaded 4 times (x 73B)
Class com.google.common.cache.CacheStats                                              : loaded 4 times (x 71B)
Class org.objectweb.asm.AnnotationWriter                                              : loaded 4 times (x 79B)
Class org.objectweb.asm.CurrentFrame                                                  : loaded 4 times (x 73B)
Class com.google.common.collect.RegularImmutableMap$KeySet                            : loaded 4 times (x 152B)
Class com.google.common.collect.RegularImmutableMap$Values                            : loaded 4 times (x 207B)
Class com.google.common.collect.ImmutableSet                                          : loaded 4 times (x 145B)
Class [Lcom.google.gson.Strictness;                                                   : loaded 4 times (x 69B)
Class com.google.common.base.CharMatcher$BitSetMatcher                                : loaded 4 times (x 112B)
Class [Lorg.jetbrains.kotlin.build.report.metrics.GradleBuildTime;                    : loaded 4 times (x 69B)
Class org.objectweb.asm.Symbol                                                        : loaded 4 times (x 73B)
Class com.google.common.base.CharMatcher                                              : loaded 4 times (x 111B)
Class [Lcom.google.common.cache.CacheBuilder$NullListener;                            : loaded 4 times (x 69B)
Class org.objectweb.asm.ByteVector                                                    : loaded 4 times (x 79B)
Class com.google.common.collect.ImmutableEnumSet                                      : loaded 4 times (x 146B)
Class com.google.common.math.IntMath$1                                                : loaded 4 times (x 71B)
Class com.google.gson.stream.JsonReader                                               : loaded 4 times (x 97B)
Class com.google.common.base.PairwiseEquivalence                                      : loaded 4 times (x 83B)
Class org.objectweb.asm.Type                                                          : loaded 4 times (x 72B)
Class com.google.common.cache.LocalCache$StrongValueReference                         : loaded 4 times (x 90B)
Class com.google.common.collect.ImmutableEntry                                        : loaded 4 times (x 82B)
Class com.google.common.collect.Sets$SetView                                          : loaded 4 times (x 138B)
Class com.google.common.collect.Maps$8                                                : loaded 4 times (x 82B)
Class com.google.common.util.concurrent.ExecutionError                                : loaded 4 times (x 82B)
Class [Lorg.objectweb.asm.AnnotationWriter;                                           : loaded 4 times (x 69B)
Class org.objectweb.asm.Frame                                                         : loaded 4 times (x 73B)
Class org.objectweb.asm.MethodVisitor                                                 : loaded 4 times (x 105B)
Class com.google.common.collect.ImmutableList$1                                       : loaded 4 times (x 97B)
Class com.intellij.gradle.toolingExtension.impl.model.utilDummyModel.DummyModel       : loaded 4 times (x 70B)
Class com.google.common.base.Platform                                                 : loaded 4 times (x 71B)
Class com.google.common.base.CharMatcher$1                                            : loaded 4 times (x 113B)
Class com.google.common.base.CharMatcher$NamedFastMatcher                             : loaded 4 times (x 112B)
Class com.google.common.cache.LocalCache$LoadingValueReference                        : loaded 4 times (x 96B)
Class com.google.common.cache.LocalCache$EntryFactory$1                               : loaded 4 times (x 83B)
Class [Lcom.google.common.collect.ImmutableEntry;                                     : loaded 4 times (x 69B)
Class [Lcom.google.common.cache.RemovalListener;                                      : loaded 4 times (x 69B)
Class com.google.common.collect.Maps                                                  : loaded 4 times (x 71B)
Class com.google.common.util.concurrent.LazyLogger                                    : loaded 4 times (x 72B)
Class com.google.common.util.concurrent.Uninterruptibles                              : loaded 4 times (x 71B)
Class org.objectweb.asm.ClassTooLargeException                                        : loaded 4 times (x 83B)
Class com.google.common.collect.RegularImmutableList                                  : loaded 4 times (x 213B)
Class com.google.common.cache.CacheBuilder$OneWeigher                                 : loaded 4 times (x 82B)
Class com.google.common.collect.IndexedImmutableSet$1                                 : loaded 4 times (x 213B)
Class com.google.common.collect.ImmutableMapEntry$NonTerminalImmutableMapEntry        : loaded 4 times (x 85B)
Class com.google.common.base.Function                                                 : loaded 4 times (x 70B)
Class com.google.common.base.Equivalence                                              : loaded 4 times (x 82B)
Class com.google.common.cache.LocalCache$EntryFactory$2                               : loaded 4 times (x 83B)
Class com.google.common.collect.ImmutableMapEntry                                     : loaded 4 times (x 85B)
Class org.jetbrains.kotlin.build.report.metrics.BuildTime                             : loaded 4 times (x 70B)
Class com.google.gson.stream.MalformedJsonException                                   : loaded 4 times (x 82B)
Class com.google.common.collect.RegularImmutableMap                                   : loaded 4 times (x 121B)
Class com.google.common.collect.ImmutableMap$MapViewOfValuesAsSingletonSets           : loaded 4 times (x 126B)
Class com.google.common.math.IntMath                                                  : loaded 4 times (x 71B)
Class com.google.common.cache.LocalCache$LocalManualCache                             : loaded 4 times (x 99B)
Class com.google.common.base.CharMatcher$IsNot                                        : loaded 4 times (x 111B)
Class com.google.common.base.CommonPattern                                            : loaded 4 times (x 74B)
Class org.objectweb.asm.ModuleWriter                                                  : loaded 4 times (x 82B)
Class com.google.common.cache.LocalCache$EntryFactory$3                               : loaded 4 times (x 83B)
Class com.google.common.collect.CollectPreconditions                                  : loaded 4 times (x 71B)
Class com.google.common.collect.Maps$BiMapConverter                                   : loaded 4 times (x 90B)
Class com.google.common.collect.ImmutableMapEntrySet$RegularEntrySet                  : loaded 4 times (x 152B)
Class com.google.common.cache.CacheLoader$SupplierToCacheLoader                       : loaded 4 times (x 75B)
Class org.objectweb.asm.RecordComponentVisitor                                        : loaded 4 times (x 77B)
Class [Lorg.objectweb.asm.Symbol;                                                     : loaded 4 times (x 69B)
Class org.objectweb.asm.ClassVisitor                                                  : loaded 4 times (x 88B)
Class com.google.common.collect.ImmutableSet$Builder                                  : loaded 4 times (x 85B)
Class com.google.common.collect.ImmutableAsList                                       : loaded 4 times (x 209B)
Class com.google.common.cache.LocalCache$ValueReference                               : loaded 4 times (x 70B)
Class com.google.gson.Strictness                                                      : loaded 4 times (x 79B)
Class com.google.common.base.FunctionalEquivalence                                    : loaded 4 times (x 83B)
Class com.google.common.util.concurrent.AbstractFuture                                : loaded 4 times (x 106B)
Class com.google.common.collect.AbstractMapBasedMultimap                              : loaded 4 times (x 139B)
Class com.google.common.collect.ImmutableSet$CachingAsList                            : loaded 4 times (x 148B)
Class com.google.common.base.Converter                                                : loaded 4 times (x 90B)
Class com.google.common.cache.ReferenceEntry                                          : loaded 4 times (x 70B)
Class com.google.common.util.concurrent.ListenableFuture                              : loaded 4 times (x 70B)
Class org.jetbrains.kotlin.build.report.metrics.GradleBuildTime$Companion             : loaded 4 times (x 71B)
Class com.google.common.base.CharMatcher$Is                                           : loaded 4 times (x 111B)
Class com.google.common.base.CharMatcher$InRange                                      : loaded 4 times (x 111B)
Class com.google.common.cache.LocalCache$EntryFactory$4                               : loaded 4 times (x 83B)
Class com.google.common.base.CharMatcher$Negated                                      : loaded 4 times (x 113B)
Class com.google.common.collect.SortedMapDifference                                   : loaded 4 times (x 70B)
Class com.google.common.base.CharMatcher$AnyOf                                        : loaded 4 times (x 112B)
Class com.google.common.cache.LocalCache$LocalManualCache$1                           : loaded 4 times (x 75B)
Class com.google.common.base.CharMatcher$ForPredicate                                 : loaded 4 times (x 112B)
Class com.google.common.collect.RegularImmutableBiMap                                 : loaded 4 times (x 149B)
Class com.google.common.util.concurrent.internal.InternalFutureFailureAccess          : loaded 4 times (x 72B)
Class com.google.common.collect.ImmutableSet$JdkBackedSetBuilderImpl                  : loaded 4 times (x 76B)
Class com.google.common.collect.ImmutableBiMap                                        : loaded 4 times (x 143B)
Class com.google.common.base.Platform$JdkPatternCompiler                              : loaded 4 times (x 75B)
Class com.google.common.cache.LocalCache$EntryFactory                                 : loaded 4 times (x 83B)
Class com.google.common.cache.CacheLoader                                             : loaded 4 times (x 74B)
Class [Lorg.objectweb.asm.SymbolTable$Entry;                                          : loaded 4 times (x 69B)
Class org.objectweb.asm.MethodTooLargeException                                       : loaded 4 times (x 83B)
Class com.google.common.collect.AbstractListMultimap                                  : loaded 4 times (x 172B)
Class com.google.common.cache.LocalCache$EntryFactory$5                               : loaded 4 times (x 83B)
Class com.google.common.cache.LocalCache$Segment                                      : loaded 4 times (x 154B)
Class com.google.common.collect.RegularImmutableMap$BucketOverflowException           : loaded 4 times (x 82B)
Class com.google.common.collect.ImmutableMap$IteratorBasedImmutableMap                : loaded 4 times (x 126B)
Class com.google.common.collect.SingletonImmutableSet                                 : loaded 4 times (x 146B)
Class com.google.common.cache.LocalCache$ComputingValueReference                      : loaded 4 times (x 96B)
Class org.gradle.api.GradleException                                                  : loaded 4 times (x 82B)
Class com.google.common.cache.LocalCache$AbstractReferenceEntry                       : loaded 4 times (x 107B)
Class [Lcom.google.common.cache.CacheBuilder$OneWeigher;                              : loaded 4 times (x 69B)
Class com.google.common.base.Suppliers                                                : loaded 4 times (x 71B)
Class com.google.common.base.Suppliers$SupplierOfInstance                             : loaded 4 times (x 79B)
Class org.objectweb.asm.Edge                                                          : loaded 4 times (x 72B)
Class com.google.gson.internal.JsonReaderInternalAccess                               : loaded 4 times (x 72B)
Class org.objectweb.asm.SymbolTable$Entry                                             : loaded 4 times (x 74B)
Class com.google.common.collect.ImmutableList$ReverseImmutableList                    : loaded 4 times (x 209B)
Class com.google.common.base.JdkPattern                                               : loaded 4 times (x 75B)
Class com.google.common.cache.LocalCache$EntryFactory$6                               : loaded 4 times (x 83B)
Class com.google.common.collect.SingletonImmutableList                                : loaded 4 times (x 207B)
Class com.google.common.cache.CacheBuilder                                            : loaded 4 times (x 72B)
Class org.gradle.internal.IoActions                                                   : loaded 4 times (x 71B)
Class com.google.common.collect.ImmutableSet$EmptySetBuilderImpl                      : loaded 4 times (x 76B)
Class com.google.common.collect.Multimap                                              : loaded 4 times (x 70B)
Class com.google.common.primitives.IntsMethodsForWeb                                  : loaded 4 times (x 71B)
Class com.google.common.cache.RemovalListener                                         : loaded 4 times (x 70B)
Class com.google.common.cache.LocalCache$EntryFactory$7                               : loaded 4 times (x 83B)
Class com.google.common.collect.ImmutableMap$Builder                                  : loaded 4 times (x 82B)
Class com.google.common.util.concurrent.AbstractFuture$Cancellation                   : loaded 4 times (x 72B)
Class org.objectweb.asm.SymbolTable                                                   : loaded 4 times (x 72B)
Class com.google.gson.stream.JsonReader$1                                             : loaded 4 times (x 72B)
Class com.google.common.cache.Cache                                                   : loaded 4 times (x 70B)
Class com.google.common.cache.LocalCache$Strength                                     : loaded 4 times (x 81B)
Class com.google.common.base.Stopwatch                                                : loaded 4 times (x 72B)
Class com.google.common.cache.Weigher                                                 : loaded 4 times (x 70B)
Class com.google.common.collect.ImmutableMapEntrySet                                  : loaded 4 times (x 152B)
Class com.google.common.cache.LocalCache$EntryFactory$8                               : loaded 4 times (x 83B)
Class com.google.common.cache.CacheLoader$InvalidCacheLoadException                   : loaded 4 times (x 82B)
Class com.google.common.collect.ArrayListMultimapGwtSerializationDependencies         : loaded 4 times (x 172B)
Class com.google.common.collect.Multiset                                              : loaded 4 times (x 70B)
Class com.google.common.math.MathPreconditions                                        : loaded 4 times (x 71B)
Class com.google.common.collect.ImmutableSet$SetBuilderImpl                           : loaded 4 times (x 76B)
Class com.google.common.collect.ImmutableSet$RegularSetBuilderImpl                    : loaded 4 times (x 77B)
Class com.google.common.primitives.Ints                                               : loaded 4 times (x 71B)
Class com.google.common.collect.BiMap                                                 : loaded 4 times (x 70B)
Class com.google.common.collect.ImmutableMap$1                                        : loaded 4 times (x 81B)
Class com.google.common.collect.IndexedImmutableSet                                   : loaded 4 times (x 152B)
Class org.objectweb.asm.FieldVisitor                                                  : loaded 4 times (x 77B)
Class com.google.common.cache.CacheLoader$UnsupportedLoadingOperationException        : loaded 4 times (x 82B)
Class com.google.common.base.CharMatcher$And                                          : loaded 4 times (x 112B)
Class org.objectweb.asm.ClassWriter                                                   : loaded 4 times (x 106B)
Class com.google.common.cache.CacheLoader$1                                           : loaded 4 times (x 75B)
Class com.google.common.cache.LocalCache$StrongEntry                                  : loaded 4 times (x 108B)
Class com.google.common.util.concurrent.UncheckedExecutionException                   : loaded 4 times (x 82B)
Class [Lorg.jetbrains.kotlin.build.report.metrics.BuildTime;                          : loaded 4 times (x 69B)
Class com.google.common.util.concurrent.AbstractFuture$TrustedFuture                  : loaded 4 times (x 114B)
Class com.google.common.collect.ImmutableList$SubList                                 : loaded 4 times (x 209B)
Class com.google.common.cache.LoadingCache                                            : loaded 4 times (x 70B)
Class com.google.common.util.concurrent.AbstractFuture$Trusted                        : loaded 4 times (x 70B)
Class com.google.common.collect.RegularImmutableAsList                                : loaded 4 times (x 217B)
Class com.google.common.cache.LocalCache$2                                            : loaded 4 times (x 142B)
Class com.google.common.collect.AbstractMultimap                                      : loaded 4 times (x 123B)
Class com.intellij.gradle.toolingExtension.util.GradleVersionUtil                     : loaded 4 times (x 71B)
Class com.google.common.collect.AbstractMapEntry                                      : loaded 4 times (x 81B)
Class org.objectweb.asm.MethodWriter                                                  : loaded 4 times (x 106B)
Class com.google.common.cache.LocalCache$1                                            : loaded 4 times (x 89B)
Class com.google.common.collect.SingletonImmutableBiMap                               : loaded 4 times (x 143B)
Class com.google.common.base.Ascii                                                    : loaded 4 times (x 71B)
Class [Lcom.google.common.cache.Weigher;                                              : loaded 4 times (x 69B)
Class [Lcom.google.common.collect.ImmutableMapEntry;                                  : loaded 4 times (x 69B)
Class org.jetbrains.kotlin.build.report.metrics.GradleBuildTime                       : loaded 4 times (x 86B)
Class [Lorg.objectweb.asm.Type;                                                       : loaded 4 times (x 69B)
Class com.google.common.collect.Platform                                              : loaded 4 times (x 71B)
Class com.google.common.cache.AbstractCache$StatsCounter                              : loaded 4 times (x 70B)
Class com.google.common.base.MoreObjects                                              : loaded 4 times (x 71B)
Class com.google.common.collect.ImmutableCollection$Builder                           : loaded 4 times (x 76B)
Class com.google.common.base.Ticker$1                                                 : loaded 4 times (x 72B)
Class com.google.common.cache.CacheLoader$FunctionToCacheLoader                       : loaded 4 times (x 75B)
Class com.google.common.cache.CacheBuilder$NullListener                               : loaded 4 times (x 82B)
Class org.objectweb.asm.FieldWriter                                                   : loaded 4 times (x 78B)
Class com.google.common.collect.MapDifference                                         : loaded 4 times (x 70B)
Class com.google.common.collect.ListMultimap                                          : loaded 4 times (x 70B)
Class com.google.common.cache.LocalCache$Strength$3                                   : loaded 4 times (x 81B)
Class com.google.common.cache.LocalCache$Strength$2                                   : loaded 4 times (x 81B)
Class com.google.common.util.concurrent.SettableFuture                                : loaded 4 times (x 114B)
Class com.google.common.cache.LocalCache$Strength$1                                   : loaded 4 times (x 81B)
Class org.objectweb.asm.ModuleVisitor                                                 : loaded 4 times (x 81B)
Class com.google.common.collect.Sets$4                                                : loaded 4 times (x 139B)
Class com.google.common.cache.LocalCache$LocalLoadingCache                            : loaded 4 times (x 134B)
Class com.google.common.collect.ImmutableEnumMap                                      : loaded 4 times (x 126B)
Class com.google.common.collect.Sets$3                                                : loaded 4 times (x 139B)
Class [Lorg.objectweb.asm.AnnotationVisitor;                                          : loaded 4 times (x 69B)
Class [Lcom.google.common.cache.LocalCache$EntryFactory;                              : loaded 4 times (x 69B)
Class com.google.common.collect.RegularImmutableSet                                   : loaded 4 times (x 149B)
Class com.google.common.collect.Sets$2                                                : loaded 4 times (x 139B)
Class org.objectweb.asm.AnnotationVisitor                                             : loaded 4 times (x 78B)
Class com.google.common.collect.Sets$1                                                : loaded 4 times (x 139B)
Class com.android.build.api.dsl.BundleAiModelVersion                                  : loaded 3 times (x 70B)
Class com.android.build.api.dsl.NdkBuild                                              : loaded 3 times (x 70B)
Class com.android.build.gradle.internal.TaskManager$Companion                         : loaded 3 times (x 71B)
Class com.android.build.gradle.internal.TaskManager$Companion$createTasksBeforeEvaluate$5: loaded 3 times (x 74B)
Class com.android.build.gradle.internal.tasks.factory.GlobalTaskCreationConfigImpl$versionedNdkHandler$2: loaded 3 times (x 79B)
Class com.android.build.api.artifact.impl.InternalScopedArtifacts$InternalScope       : loaded 3 times (x 79B)
Class com.android.build.api.variant.LintLifecycleExtension                            : loaded 3 times (x 70B)
Class com.android.build.gradle.internal.dsl.OptimizationImpl$AgpDecorated_Decorated   : loaded 3 times (x 138B)
Class org.gradle.tooling.internal.gradle.DefaultProjectIdentifier                     : loaded 3 times (x 86B)
Class com.android.build.gradle.internal.dsl.decorator.SupportedPropertyType$Var$File  : loaded 3 times (x 74B)
Class com.android.ide.common.gradle.Numeric                                           : loaded 3 times (x 77B)
Class org.jetbrains.kotlin.gradle.utils.ProviderApiUtilsKt$mapOrNull$1                : loaded 3 times (x 75B)
Class org.jetbrains.kotlin.gradle.targets.native.toolchain.KotlinNativeBundleBuildService$Companion$registerIfAbsent$1: loaded 3 times (x 75B)
Class org.jetbrains.kotlin.gradle.plugin.PropertiesProvider$kotlinExperimentalTryNext$1: loaded 3 times (x 75B)
Class org.jetbrains.kotlin.gradle.fus.BuildUidService$Companion                       : loaded 3 times (x 71B)
Class org.jetbrains.kotlin.gradle.plugin.VariantImplementationFactoriesConfigurator$Companion$getProvider$1: loaded 3 times (x 74B)
Class com.google.protobuf.DescriptorProtos$SourceCodeInfo                             : loaded 3 times (x 199B)
Class com.google.gson.internal.bind.TypeAdapters                                      : loaded 3 times (x 71B)
Class com.google.gson.FormattingStyle                                                 : loaded 3 times (x 78B)
Class com.google.gson.FieldNamingPolicy                                               : loaded 3 times (x 83B)
Class com.android.build.gradle.internal.services.BaseServicesImpl                     : loaded 3 times (x 83B)
Class com.android.build.gradle.internal.dsl.CommonExtensionImpl                       : loaded 3 times (x 208B)
Class com.android.build.gradle.internal.TaskManager$Companion$createCoreLibraryDesugaringConfig$1: loaded 3 times (x 74B)
Class org.gradle.tooling.internal.adapter.ProtocolToModelAdapter$ViewDecoration       : loaded 3 times (x 70B)
Class org.gradle.tooling.internal.adapter.ProtocolToModelAdapter$1                    : loaded 3 times (x 75B)
Class org.gradle.accessors.dm.LibrariesForLibs$AndroidxActivityLibraryAccessors       : loaded 3 times (x 77B)
Class com.android.build.gradle.internal.TaskManager$Companion$createTasksBeforeEvaluate$6: loaded 3 times (x 74B)
Class com.android.build.gradle.internal.tasks.factory.TaskFactoryUtils                : loaded 3 times (x 71B)
Class com.android.build.gradle.internal.api.artifact.SourceArtifactType$ASSETS        : loaded 3 times (x 74B)
Class com.android.build.gradle.internal.api.artifact.SourceArtifactType$JAVA_SOURCES  : loaded 3 times (x 74B)
Class com.android.build.gradle.internal.dsl.KeepRulesImpl$AgpDecorated_Decorated      : loaded 3 times (x 136B)
Class com.android.build.api.dsl.TestBaseFlavor                                        : loaded 3 times (x 70B)
Class com.google.common.base.CaseFormat$1                                             : loaded 3 times (x 83B)
Class org.jetbrains.kotlin.gradle.plugin.VariantImplementationFactories$Companion$getProvider$2$1: loaded 3 times (x 79B)
Class com.android.tools.build.gradle.internal.profile.IntegerOption$1                 : loaded 3 times (x 76B)
Class com.google.protobuf.DescriptorProtos$DescriptorProto                            : loaded 3 times (x 239B)
Class com.google.wireless.android.sdk.stats.GradleBuildProject$PluginType$1           : loaded 3 times (x 76B)
Class com.android.tools.analytics.HostDataKt                                          : loaded 3 times (x 71B)
Class com.google.protobuf.AbstractMessage                                             : loaded 3 times (x 164B)
Class com.android.build.gradle.internal.lint.AndroidLintInputs                        : loaded 3 times (x 71B)
Class com.google.gson.JsonArray                                                       : loaded 3 times (x 100B)
Class com.google.gson.FieldNamingStrategy                                             : loaded 3 times (x 70B)
Class com.android.build.gradle.internal.component.ApplicationCreationConfig           : loaded 3 times (x 70B)
Class com.android.build.gradle.internal.errors.SyncIssueReporterImpl                  : loaded 3 times (x 77B)
Class com.android.build.gradle.internal.dsl.ApplicationExtensionImpl                  : loaded 3 times (x 393B)
Class com.android.build.api.variant.DslLifecycle                                      : loaded 3 times (x 70B)
Class org.gradle.accessors.dm.LibrariesForLibs$BundleAccessors                        : loaded 3 times (x 73B)
Class com.android.build.gradle.internal.VariantTaskManager                            : loaded 3 times (x 84B)
Class com.android.build.gradle.internal.plugins.BasePlugin$ExtensionData              : loaded 3 times (x 72B)
Class com.google.protobuf.ProtocolMessageEnum                                         : loaded 3 times (x 70B)
Class org.gradle.accessors.dm.LibrariesForLibs                                        : loaded 3 times (x 81B)
Class com.android.build.gradle.tasks.JavaCompileUtils                                 : loaded 3 times (x 71B)
Class com.android.build.gradle.internal.plugins.AppPlugin                             : loaded 3 times (x 97B)
Class com.android.build.gradle.internal.plugins.BasePlugin$managedDeviceRegistry$2    : loaded 3 times (x 79B)
Class com.android.build.api.variant.DslExtension                                      : loaded 3 times (x 72B)
Class com.android.build.gradle.internal.dsl.BundleOptionsTexture$AgpDecorated_Decorated: loaded 3 times (x 130B)
Class com.android.build.api.dsl.ManagedDevices                                        : loaded 3 times (x 70B)
Class [Lcom.android.repository.Revision$Precision;                                    : loaded 3 times (x 69B)
Class com.android.build.gradle.internal.dsl.ApplicationExtensionImpl$AgpDecorated     : loaded 3 times (x 394B)
Class com.android.build.gradle.options.FutureStage                                    : loaded 3 times (x 72B)
Class com.google.common.base.CaseFormat$2                                             : loaded 3 times (x 83B)
Class com.android.build.api.dsl.ConsumerKeepRules                                     : loaded 3 times (x 70B)
Class com.android.build.gradle.internal.dsl.decorator.LockableSet                     : loaded 3 times (x 145B)
Class com.android.builder.model.SigningConfig                                         : loaded 3 times (x 70B)
Class com.android.build.gradle.api.AndroidSourceSet                                   : loaded 3 times (x 70B)
Class [Lcom.android.builder.core.ComponentTypeImpl;                                   : loaded 3 times (x 69B)
Class org.jetbrains.kotlin.build.report.metrics.GradleBuildPerformanceMetric          : loaded 3 times (x 92B)
Class org.jetbrains.kotlin.gradle.internal.properties.PropertiesBuildService$NullableBooleanGradleProperty: loaded 3 times (x 76B)
Class [Lcom.google.protobuf.Descriptors$ServiceDescriptor;                            : loaded 3 times (x 69B)
Class com.google.common.util.concurrent.AbstractFuture$SafeAtomicHelper               : loaded 3 times (x 79B)
Class com.google.wireless.android.sdk.stats.GarbageCollectionStats$1                  : loaded 3 times (x 151B)
Class com.google.gson.internal.bind.TypeAdapters$34                                   : loaded 3 times (x 76B)
Class [Lcom.android.build.gradle.options.StringOption;                                : loaded 3 times (x 69B)
Class com.android.build.gradle.options.ApiStage                                       : loaded 3 times (x 72B)
Class com.android.build.gradle.internal.plugins.AndroidPluginBaseServices$projectServices$2$1: loaded 3 times (x 79B)
Class com.android.build.api.variant.HasUnitTest                                       : loaded 3 times (x 70B)
Class com.android.build.gradle.internal.component.ConsumableCreationConfig            : loaded 3 times (x 70B)
Class com.google.gson.Gson$3                                                          : loaded 3 times (x 75B)
Class com.android.ide.common.blame.Message                                            : loaded 3 times (x 72B)
Class com.google.gson.internal.bind.ReflectiveTypeAdapterFactory$BoundField           : loaded 3 times (x 75B)
Class com.google.protobuf.AbstractMessage$Builder                                     : loaded 3 times (x 257B)
Class com.google.protobuf.ExtensionRegistryFactory                                    : loaded 3 times (x 71B)
Class com.android.build.gradle.internal.TaskManager$Companion$createTasksBeforeEvaluate$8: loaded 3 times (x 74B)
Class com.android.build.gradle.internal.dsl.decorator.LockableSet$LockableIterator    : loaded 3 times (x 81B)
Class com.android.builder.model.TestOptions$Execution                                 : loaded 3 times (x 79B)
Class com.android.build.api.dsl.AdbOptions                                            : loaded 3 times (x 70B)
Class com.android.build.gradle.internal.api.DefaultAndroidSourceDirectorySet          : loaded 3 times (x 119B)
Class com.google.protobuf.Internal                                                    : loaded 3 times (x 71B)
Class com.android.build.gradle.internal.dsl.ExternalNativeNdkBuildOptions_Decorated   : loaded 3 times (x 153B)
Class com.google.common.base.CaseFormat$3                                             : loaded 3 times (x 83B)
Class org.objectweb.asm.commons.GeneratorAdapter                                      : loaded 3 times (x 187B)
Class com.google.wireless.android.sdk.stats.ProjectApiUse                             : loaded 3 times (x 197B)
Class com.android.build.api.dsl.LibraryKeepRules                                      : loaded 3 times (x 70B)
Class org.jetbrains.kotlin.gradle.targets.android.internal.InternalKotlinTargetPreset : loaded 3 times (x 70B)
Class org.jetbrains.kotlin.gradle.dsl.KotlinSingleTargetExtension                     : loaded 3 times (x 124B)
Class org.jetbrains.kotlin.gradle.internal.properties.NativePropertiesLoader$kotlinNativeVersion$1: loaded 3 times (x 75B)
Class org.jetbrains.kotlin.gradle.plugin.mpp.AbstractKotlinTarget                     : loaded 3 times (x 150B)
Class com.android.build.gradle.internal.AvdComponentsBuildService$Parameters          : loaded 3 times (x 70B)
Class com.google.protobuf.UnsafeUtil$Android64MemoryAccessor                          : loaded 3 times (x 91B)
Class com.google.wireless.android.sdk.stats.GradleBuildVariant                        : loaded 3 times (x 282B)
Class org.jetbrains.kotlin.gradle.plugin.sources.DefaultKotlinSourceSetFactory        : loaded 3 times (x 80B)
Class com.android.build.gradle.internal.profile.AnalyticsResourceManager              : loaded 3 times (x 72B)
Class com.google.wireless.android.sdk.stats.GradleBuildProjectOrBuilder               : loaded 3 times (x 70B)
Class com.android.tools.analytics.AnalyticsSettingsData                               : loaded 3 times (x 72B)
Class com.android.build.gradle.internal.errors.DeprecationReporterImpl$Companion      : loaded 3 times (x 71B)
Class com.android.ide.common.blame.MessageReceiver                                    : loaded 3 times (x 70B)
Class [Lcom.android.build.gradle.options.Option;                                      : loaded 3 times (x 69B)
Class com.google.common.annotations.VisibleForTesting                                 : loaded 3 times (x 70B)
Class com.android.build.api.dsl.Lint                                                  : loaded 3 times (x 70B)
Class com.android.build.gradle.internal.variant.LegacyVariantInputManager             : loaded 3 times (x 97B)
Class org.jetbrains.kotlin.idea.gradleTooling.KotlinDslScriptAdditionalTask           : loaded 3 times (x 70B)
Class org.jetbrains.plugins.gradle.model.ClasspathEntryModel                          : loaded 3 times (x 70B)
Class org.jetbrains.kotlin.gradle.utils.StoredProperty                                : loaded 3 times (x 70B)
Class com.android.build.gradle.internal.TaskManager$Companion$createTasksBeforeEvaluate$9: loaded 3 times (x 74B)
Class com.android.build.api.extension.impl.VariantSelectorImpl                        : loaded 3 times (x 92B)
Class com.android.build.api.dsl.TestFixtures                                          : loaded 3 times (x 70B)
Class com.android.build.gradle.internal.VariantDimensionData                          : loaded 3 times (x 72B)
Class com.google.common.base.CaseFormat$4                                             : loaded 3 times (x 83B)
Class com.android.build.api.dsl.Shaders                                               : loaded 3 times (x 70B)
Class com.google.wireless.android.sdk.stats.GradleTransformExecution                  : loaded 3 times (x 201B)
Class com.google.protobuf.Utf8$UnpairedSurrogateException                             : loaded 3 times (x 82B)
Class com.android.build.api.dsl.LibraryAndroidResources                               : loaded 3 times (x 70B)
Class com.android.build.gradle.internal.dsl.decorator.DslDecorator$Companion$classLoaderDefineClass$2: loaded 3 times (x 78B)
Class com.google.protobuf.ExtensionRegistry                                           : loaded 3 times (x 87B)
Class com.android.build.gradle.internal.profile.AnalyticsConfiguratorService          : loaded 3 times (x 82B)
Class com.android.build.gradle.internal.services.RunOnceBuildServiceImpl              : loaded 3 times (x 82B)
Class org.jetbrains.kotlin.gradle.plugin.KotlinGradleBuildServices$Companion$registerIfAbsent$1: loaded 3 times (x 75B)
Class org.jetbrains.kotlin.gradle.plugin.internal.ProjectIsolationStartParameterAccessor: loaded 3 times (x 70B)
Class org.jetbrains.kotlin.gradle.internal.ClassLoadersCachingBuildService$Parameters : loaded 3 times (x 70B)
Class org.jetbrains.kotlin.tooling.core.MutableExtrasImpl$Companion                   : loaded 3 times (x 71B)
Class org.gradle.tooling.model.Dependency                                             : loaded 3 times (x 70B)
Class com.android.build.gradle.internal.dsl.DefaultConfig$AgpDecorated                : loaded 3 times (x 442B)
Class com.android.build.gradle.internal.tasks.factory.TaskConfigurationActions        : loaded 3 times (x 75B)
Class com.android.build.gradle.internal.VariantManager$Companion                      : loaded 3 times (x 71B)
Class com.android.build.gradle.internal.tasks.factory.BootClasspathConfigImpl$mockableJarArtifact$2: loaded 3 times (x 79B)
Class com.android.build.gradle.internal.packaging.PackagingOptionsUtilsKt             : loaded 3 times (x 71B)
Class com.google.common.base.CaseFormat$5                                             : loaded 3 times (x 83B)
Class com.android.builder.model.ClassField                                            : loaded 3 times (x 70B)
Class com.android.build.api.dsl.DataBinding                                           : loaded 3 times (x 70B)
Class org.jetbrains.kotlin.gradle.plugin.mpp.KotlinUsages$KotlinCinteropDisambiguation: loaded 3 times (x 76B)
Class org.jetbrains.kotlin.gradle.report.BuildReportType$Companion                    : loaded 3 times (x 71B)
Class org.jetbrains.kotlin.gradle.plugin.KotlinPluginInMultipleProjectsHolder         : loaded 3 times (x 72B)
Class com.android.build.gradle.internal.plugins.BasePlugin$sdkComponentsBuildService$2$1: loaded 3 times (x 79B)
Class com.google.protobuf.InvalidProtocolBufferException$InvalidWireTypeException     : loaded 3 times (x 88B)
Class com.android.build.api.dsl.ExternalNativeBuildFlags                              : loaded 3 times (x 70B)
Class com.google.protobuf.Internal$BooleanList                                        : loaded 3 times (x 70B)
Class com.google.protobuf.Internal$FloatList                                          : loaded 3 times (x 70B)
Class com.google.protobuf.MessageLiteOrBuilder                                        : loaded 3 times (x 70B)
Class com.android.build.gradle.internal.dsl.BundleOptions$AgpDecorated                : loaded 3 times (x 139B)
Class org.gradle.accessors.dm.LibrariesForLibs$AndroidxComposeLibraryAccessors        : loaded 3 times (x 79B)
Class com.android.build.gradle.internal.dsl.SigningConfigImpl$AgpDecorated            : loaded 3 times (x 101B)
Class com.android.build.gradle.internal.dsl.ComposeOptionsImpl                        : loaded 3 times (x 82B)
Class com.android.build.api.dsl.TestCoverage                                          : loaded 3 times (x 70B)
Class com.android.build.gradle.options.SigningOptions                                 : loaded 3 times (x 72B)
Class com.android.build.gradle.internal.dsl.AaptOptions                               : loaded 3 times (x 115B)
Class com.android.build.api.dsl.BaselineProfile                                       : loaded 3 times (x 70B)
Class org.bouncycastle.jcajce.provider.config.ConfigurableProvider                    : loaded 3 times (x 70B)
Class com.android.build.api.dsl.DynamicFeatureBaseFlavor                              : loaded 3 times (x 70B)
Class com.android.builder.core.ComponentTypeImpl                                      : loaded 3 times (x 105B)
Class [Lorg.jetbrains.kotlin.gradle.dsl.JvmTarget;                                    : loaded 3 times (x 69B)
Class org.jetbrains.kotlin.gradle.plugin.mpp.KotlinUsages$KotlinMetadataCompatibility : loaded 3 times (x 76B)
Class org.jetbrains.kotlin.gradle.internal.properties.PropertiesBuildService$property$1$1: loaded 3 times (x 75B)
Class org.jetbrains.kotlin.gradle.utils.ConfigurationsKt$maybeCreateResolvable$1      : loaded 3 times (x 78B)
Class org.jetbrains.kotlin.tooling.core.Extras$Type                                   : loaded 3 times (x 72B)
Class org.jetbrains.kotlin.gradle.plugin.mpp.AbstractKotlinCompilationToRunnableFiles : loaded 3 times (x 196B)
Class com.android.build.gradle.internal.plugins.BasePlugin$versionedSdkLoaderService$2$1$1: loaded 3 times (x 79B)
Class com.android.build.gradle.internal.services.Aapt2DaemonBuildService$Parameters_Decorated: loaded 3 times (x 127B)
Class com.google.protobuf.GeneratedMessageV3$ExtendableBuilder                        : loaded 3 times (x 317B)
Class com.google.protobuf.ByteString$ByteArrayCopier                                  : loaded 3 times (x 70B)
Class com.google.protobuf.GeneratedMessageV3$ExtendableMessage                        : loaded 3 times (x 212B)
Class com.android.build.gradle.internal.services.TaskCreationServicesImpl             : loaded 3 times (x 102B)
Class com.android.build.gradle.internal.res.Aapt2FromMaven$Companion$Aapt2Extractor   : loaded 3 times (x 78B)
Class com.google.gson.LongSerializationPolicy                                         : loaded 3 times (x 80B)
Class com.android.build.gradle.internal.plugins.AndroidPluginBaseServices$syncIssueReporter$2$1: loaded 3 times (x 79B)
Class com.android.build.gradle.internal.plugins.BasePlugin$extensionData$2            : loaded 3 times (x 79B)
Class com.android.build.api.variant.HasAndroidTestBuilder                             : loaded 3 times (x 70B)
Class com.android.build.gradle.internal.dsl.SigningConfigImpl$AgpDecorated_Decorated  : loaded 3 times (x 151B)
Class com.android.build.gradle.internal.tasks.factory.TaskInformation                 : loaded 3 times (x 70B)
Class com.android.build.gradle.internal.tasks.AndroidGlobalTask                       : loaded 3 times (x 318B)
Class com.android.build.gradle.internal.scope.InternalArtifactType$DEFAULT_PROGUARD_FILES: loaded 3 times (x 74B)
Class com.android.build.gradle.TestPlugin                                             : loaded 3 times (x 76B)
Class com.android.build.gradle.internal.dsl.CompileSdkSpecImpl$AgpDecorated           : loaded 3 times (x 90B)
Class com.google.gson.Gson$2                                                          : loaded 3 times (x 76B)
Class com.android.build.gradle.internal.tasks.UsesAnalytics                           : loaded 3 times (x 70B)
Class com.android.build.gradle.internal.tasks.SigningConfigUtils                      : loaded 3 times (x 71B)
Class com.android.build.gradle.internal.dsl.BundleOptionsDeviceTier$AgpDecorated      : loaded 3 times (x 85B)
Class com.android.build.gradle.internal.dsl.EmulatorControl$AgpDecorated_Decorated    : loaded 3 times (x 134B)
Class com.android.build.gradle.internal.dsl.CommonExtensionImpl$compileSdkDelegate$1  : loaded 3 times (x 79B)
Class com.android.build.gradle.internal.dsl.BaselineProfileImpl$AgpDecorated          : loaded 3 times (x 84B)
Class com.android.build.gradle.internal.dsl.decorator.DslDecorator$CollectingInfoVisitor: loaded 3 times (x 75B)
Class com.android.build.gradle.internal.dsl.decorator.DslDecorator$Companion          : loaded 3 times (x 71B)
Class com.android.build.api.dsl.AnnotationProcessorOptions                            : loaded 3 times (x 70B)
Class com.android.builder.model.BuildType                                             : loaded 3 times (x 70B)
Class org.jetbrains.kotlin.gradle.plugin.statistics.BuildFusServiceKt                 : loaded 3 times (x 71B)
Class org.jetbrains.kotlin.gradle.plugin.BuildFinishedListenerService$Companion       : loaded 3 times (x 71B)
Class org.jetbrains.kotlin.gradle.plugin.BuildFinishedListenerService                 : loaded 3 times (x 80B)
Class org.jetbrains.kotlin.gradle.plugin.KotlinBaseApiPlugin$kotlinExtension$2        : loaded 3 times (x 79B)
Class com.android.build.gradle.internal.plugins.BasePlugin$versionedSdkLoaderService$2$1$2: loaded 3 times (x 79B)
Class com.android.build.gradle.internal.AvdComponentsBuildService$Parameters_Decorated: loaded 3 times (x 157B)
Class com.android.build.gradle.internal.plugins.BasePlugin$configureProject$1         : loaded 3 times (x 75B)
Class com.android.build.gradle.internal.services.StringCachingBuildService$RegistrationAction: loaded 3 times (x 74B)
Class [Lcom.google.protobuf.Descriptors$EnumValueDescriptor;                          : loaded 3 times (x 69B)
Class com.android.build.gradle.internal.TaskManager$Companion$createTasksBeforeEvaluate$4: loaded 3 times (x 75B)
Class com.google.protobuf.AbstractParser                                              : loaded 3 times (x 150B)
Class com.google.common.collect.AbstractBiMap$Inverse                                 : loaded 3 times (x 162B)
Class com.android.build.api.dsl.LibraryBuildType                                      : loaded 3 times (x 70B)
Class com.android.build.gradle.options.IntegerOption                                  : loaded 3 times (x 85B)
Class com.android.build.api.dsl.VariantDimension                                      : loaded 3 times (x 70B)
Class com.android.build.gradle.internal.core.dsl.ComponentDslInfo                     : loaded 3 times (x 70B)
Class com.android.build.api.variant.AndroidComponents                                 : loaded 3 times (x 70B)
Class com.android.build.gradle.internal.plugins.BasePlugin                            : loaded 3 times (x 93B)
Class org.gradle.accessors.dm.LibrariesForLibs$AndroidxLifecycleRuntimeLibraryAccessors: loaded 3 times (x 77B)
Class kotlin.enums.EnumEntriesList                                                    : loaded 3 times (x 223B)
Class com.android.ide.common.blame.SourceFilePositionJsonSerializer                   : loaded 3 times (x 77B)
Class com.android.tools.analytics.Environment$SystemProperty                          : loaded 3 times (x 79B)
Class com.android.tools.analytics.Environment$Companion                               : loaded 3 times (x 71B)
Class com.android.tools.analytics.Environment$Companion$SYSTEM$1                      : loaded 3 times (x 73B)
Class com.android.build.gradle.internal.services.VariantServices                      : loaded 3 times (x 70B)
Class com.android.build.gradle.internal.CompileOptions$Companion                      : loaded 3 times (x 71B)
Class com.android.build.gradle.internal.dsl.decorator.ApplicationInstallationImpl$AgpDecorated: loaded 3 times (x 100B)
Class com.android.build.gradle.internal.dsl.CommonExtensionImpl$compileSdkDelegate$2  : loaded 3 times (x 79B)
Class com.android.builder.core.DefaultVectorDrawablesOptions                          : loaded 3 times (x 80B)
Class com.android.build.gradle.internal.dsl.BaselineProfileImpl                       : loaded 3 times (x 79B)
Class com.android.build.gradle.internal.dsl.ExternalNativeBuild                       : loaded 3 times (x 91B)
Class com.android.build.gradle.internal.dsl.decorator.LockableMap                     : loaded 3 times (x 128B)
Class com.android.build.gradle.internal.dsl.BuildType                                 : loaded 3 times (x 365B)
Class org.jetbrains.kotlin.gradle.plugin.KotlinSourceSetTree                          : loaded 3 times (x 72B)
Class org.jetbrains.kotlin.gradle.plugin.sources.KotlinSourceSetFactory               : loaded 3 times (x 80B)
Class org.jetbrains.kotlin.gradle.targets.native.toolchain.KotlinNativeBundleBuildService$Parameters_Decorated: loaded 3 times (x 139B)
Class org.jetbrains.kotlin.gradle.internal.ClassLoadersCachingBuildService$Companion  : loaded 3 times (x 71B)
Class org.jetbrains.kotlin.gradle.internal.IdeaKt$isInIdeaSync$1                      : loaded 3 times (x 74B)
Class com.android.build.gradle.internal.plugins.BasePlugin$configureProject$2         : loaded 3 times (x 75B)
Class com.google.protobuf.UnsafeUtil$MemoryAccessor                                   : loaded 3 times (x 91B)
Class com.google.wireless.android.sdk.stats.JavaProcessStats$1                        : loaded 3 times (x 151B)
Class org.jetbrains.kotlin.gradle.tasks.KotlinJavaToolchain                           : loaded 3 times (x 70B)
Class com.google.protobuf.GeneratedMessage$GeneratedExtension                         : loaded 3 times (x 87B)
Class com.android.build.gradle.internal.profile.AnalyticsConfiguratorService$Params_Decorated: loaded 3 times (x 130B)
Class com.google.gson.internal.bind.DefaultDateTypeAdapter                            : loaded 3 times (x 74B)
Class com.google.gson.JsonSerializer                                                  : loaded 3 times (x 70B)
Class [Lcom.android.ide.common.blame.Message$Kind;                                    : loaded 3 times (x 69B)
Class com.google.gson.GsonBuilder                                                     : loaded 3 times (x 72B)
Class com.android.build.gradle.internal.errors.MessageReceiverImpl                    : loaded 3 times (x 75B)
Class com.android.build.gradle.internal.variant.VariantInputModel                     : loaded 3 times (x 70B)
Class com.google.protobuf.Message                                                     : loaded 3 times (x 70B)
Class org.jetbrains.kotlin.gradle.plugin.internal.CompatibilityConventionRegistrar    : loaded 3 times (x 70B)
Class com.google.wireless.android.sdk.stats.JavaProcessStats                          : loaded 3 times (x 207B)
Class com.google.common.util.concurrent.AbstractFuture$SetFuture                      : loaded 3 times (x 75B)
Class org.jetbrains.kotlin.gradle.plugin.AndroidGradlePluginVersion                   : loaded 3 times (x 75B)
Class com.android.build.gradle.internal.dsl.MinSdkProperties                          : loaded 3 times (x 70B)
Class com.android.build.gradle.internal.dsl.decorator.DslDecorator$Companion$lookupDefineClassMethod$2: loaded 3 times (x 78B)
Class org.gradle.accessors.dm.LibrariesForLibsInPluginsBlock$PluginAccessors          : loaded 3 times (x 75B)
Class [Lcom.android.ide.common.repository.AgpVersion$PreviewKind;                     : loaded 3 times (x 69B)
Class org.jetbrains.kotlin.gradle.utils.IsolatedKotlinClasspathClassCastException     : loaded 3 times (x 82B)
Class com.android.build.gradle.internal.plugins.BasePlugin$configureProject$3         : loaded 3 times (x 77B)
Class com.android.build.gradle.internal.ide.dependencies.MavenCoordinatesCacheBuildService: loaded 3 times (x 80B)
Class com.google.protobuf.ByteString$ByteIterator                                     : loaded 3 times (x 70B)
Class com.google.protobuf.DescriptorProtos$FieldDescriptorProto                       : loaded 3 times (x 222B)
Class com.google.protobuf.DescriptorProtos$FieldDescriptorProtoOrBuilder              : loaded 3 times (x 70B)
Class com.android.builder.profile.AnalyticsProfileWriter                              : loaded 3 times (x 72B)
Class com.android.build.gradle.internal.utils.AnalyticsEnabledValueSource             : loaded 3 times (x 78B)
Class com.google.gson.stream.JsonWriter                                               : loaded 3 times (x 98B)
Class com.android.build.gradle.options.SyncOptions$EvaluationMode                     : loaded 3 times (x 79B)
Class com.android.build.gradle.internal.plugins.BasePlugin$buildOutputs$2             : loaded 3 times (x 79B)
Class com.android.build.gradle.internal.plugins.AndroidPluginBaseServices$androidProblemReporterProviderService$2: loaded 3 times (x 79B)
Class com.android.build.gradle.internal.component.ApkCreationConfig                   : loaded 3 times (x 70B)
Class com.android.build.gradle.internal.services.RunOnceBuildServiceImpl$RegistrationAction: loaded 3 times (x 73B)
Class org.jetbrains.kotlin.idea.gradleTooling.KotlinSourceSetContainer                : loaded 3 times (x 70B)
Class org.jetbrains.plugins.gradle.model.IntelliJSettings                             : loaded 3 times (x 70B)
Class com.android.prefs.PathLocator$WhenMappings                                      : loaded 3 times (x 71B)
Class org.jetbrains.kotlin.gradle.plugin.mpp.AbstractKotlinCompilation                : loaded 3 times (x 191B)
Class org.jetbrains.kotlin.gradle.utils.Future                                        : loaded 3 times (x 70B)
Class com.android.build.gradle.internal.services.BuiltInKotlinServices$Companion      : loaded 3 times (x 71B)
Class com.android.build.api.artifact.impl.ArtifactNamingContext                       : loaded 3 times (x 72B)
Class com.google.gson.internal.bind.TypeAdapters$33                                   : loaded 3 times (x 76B)
Class com.android.build.api.dsl.ExternalNativeBuild                                   : loaded 3 times (x 70B)
Class com.android.build.gradle.internal.dsl.BundleOptionsDensity                      : loaded 3 times (x 77B)
Class com.android.build.api.dsl.Bundle                                                : loaded 3 times (x 70B)
Class com.android.build.gradle.internal.dsl.decorator.SupportedPropertyType$Collection$List: loaded 3 times (x 74B)
Class com.android.build.api.dsl.LibraryProductFlavor                                  : loaded 3 times (x 70B)
Class com.android.build.gradle.internal.plugins.BasePlugin$configureProject$4         : loaded 3 times (x 74B)
Class com.android.repository.Revision                                                 : loaded 3 times (x 87B)
Class com.google.gson.internal.bind.ObjectTypeAdapter                                 : loaded 3 times (x 74B)
Class com.google.protobuf.DescriptorProtos$SourceCodeInfoOrBuilder                    : loaded 3 times (x 70B)
Class com.google.protobuf.UnknownFieldSet                                             : loaded 3 times (x 87B)
Class com.android.build.gradle.internal.res.Aapt2FromMaven$Companion$create$aapt2Directory$1: loaded 3 times (x 74B)
Class com.google.gson.internal.bind.TypeAdapterRuntimeTypeWrapper                     : loaded 3 times (x 74B)
Class com.android.ide.common.blame.Message$Kind$Companion                             : loaded 3 times (x 71B)
Class com.google.wireless.android.sdk.stats.GradleBuildProfile$Builder                : loaded 3 times (x 348B)
Class com.google.protobuf.Descriptors$EnumDescriptor                                  : loaded 3 times (x 79B)
Class com.android.build.gradle.internal.core.dsl.ConsumableComponentDslInfo           : loaded 3 times (x 70B)
Class com.android.build.gradle.internal.tasks.factory.GlobalTaskCreationConfigImpl    : loaded 3 times (x 135B)
Class com.android.build.gradle.internal.variant.AbstractVariantInputManager           : loaded 3 times (x 97B)
Class com.android.build.gradle.AbstractAppExtension                                   : loaded 3 times (x 215B)
Class com.android.build.gradle.BasePlugin                                             : loaded 3 times (x 76B)
Class [Lcom.google.protobuf.Descriptors$OneofDescriptor;                              : loaded 3 times (x 69B)
Class com.android.build.gradle.internal.utils.KgpUtils                                : loaded 3 times (x 71B)
Class org.gradle.tooling.model.UnsupportedMethodException                             : loaded 3 times (x 82B)
Class com.android.build.api.dsl.DependenciesInfo                                      : loaded 3 times (x 70B)
Class com.android.utils.StringHelper                                                  : loaded 3 times (x 71B)
Class com.google.common.base.Converter$IdentityConverter                              : loaded 3 times (x 90B)
Class com.android.resources.ResourceEnum                                              : loaded 3 times (x 70B)
Class [Lcom.android.tools.lint.model.LintModelSeverity;                               : loaded 3 times (x 69B)
Class [Lcom.android.build.gradle.ProguardFiles$ProguardFile;                          : loaded 3 times (x 69B)
Class com.android.build.gradle.internal.ide.v2.NativeModelBuilder$scopes$2            : loaded 3 times (x 79B)
Class com.android.build.api.dsl.SingleVariant                                         : loaded 3 times (x 70B)
Class com.android.build.gradle.internal.dsl.BundleOptionsLanguage$AgpDecorated        : loaded 3 times (x 81B)
Class org.jetbrains.kotlin.tooling.core.TypeUtils                                     : loaded 3 times (x 71B)
Class org.jetbrains.kotlin.gradle.plugin.KotlinTargetPreset                           : loaded 3 times (x 70B)
Class org.jetbrains.kotlin.gradle.utils.FileUtilsKt$localProperties$1                 : loaded 3 times (x 75B)
Class org.jetbrains.kotlin.gradle.dsl.HasConfigurableKotlinCompilerOptions            : loaded 3 times (x 70B)
Class com.android.build.gradle.internal.plugins.BasePlugin$configureProject$5         : loaded 3 times (x 74B)
Class com.android.build.gradle.internal.lint.LintFixBuildService                      : loaded 3 times (x 75B)
Class com.google.protobuf.UnsafeUtil$1                                                : loaded 3 times (x 76B)
Class com.android.build.gradle.internal.errors.SyncIssueReporterImpl$GlobalSyncIssueService: loaded 3 times (x 82B)
Class org.jetbrains.kotlin.gradle.plugin.AndroidGradlePluginVersionKt                 : loaded 3 times (x 71B)
Class com.google.wireless.android.sdk.stats.GradleBuildProject                        : loaded 3 times (x 260B)
Class com.google.wireless.android.sdk.stats.GradleBuildProfileSpan$ExecutionType      : loaded 3 times (x 87B)
Class com.android.build.gradle.internal.errors.DeprecationReporterImpl                : loaded 3 times (x 83B)
Class com.android.build.gradle.internal.errors.AndroidProblemReporterProvider$RegistrationAction: loaded 3 times (x 74B)
Class com.android.build.gradle.options.ProjectOptions                                 : loaded 3 times (x 72B)
Class com.android.build.gradle.internal.services.RunOnceBuildServiceImpl$ActionName   : loaded 3 times (x 72B)
Class com.android.build.gradle.internal.CompileOptions$AgpDecorated_Decorated         : loaded 3 times (x 146B)
Class com.android.build.gradle.internal.tasks.factory.TaskProviderCallback            : loaded 3 times (x 70B)
Class com.android.build.gradle.internal.services.FakeDependencyJarBuildService$FakeDependencyJarCreator$Params_Decorated: loaded 3 times (x 132B)
Class com.android.build.gradle.internal.services.FakeDependencyJarBuildService$FakeDependencyJarCreator: loaded 3 times (x 80B)
Class com.android.build.gradle.internal.tasks.factory.BootClasspathConfigImpl$filteredBootClasspath$2: loaded 3 times (x 79B)
Class com.android.build.gradle.internal.dsl.BundleOptionsAiModelVersion$AgpDecorated  : loaded 3 times (x 85B)
Class com.android.build.gradle.internal.dsl.decorator.ApplicationInstallationImpl$AgpDecorated_Decorated: loaded 3 times (x 145B)
Class [Lcom.android.resources.Density;                                                : loaded 3 times (x 69B)
Class com.android.build.gradle.internal.dsl.ExternalNativeBuildOptions_Decorated      : loaded 3 times (x 139B)
Class com.android.build.gradle.internal.variant.BaseVariantFactory$Companion          : loaded 3 times (x 71B)
Class org.jetbrains.kotlin.gradle.targets.native.toolchain.UsesKotlinNativeBundleBuildService: loaded 3 times (x 70B)
Class org.jetbrains.kotlin.build.report.metrics.ValueType                             : loaded 3 times (x 79B)
Class org.jetbrains.kotlin.gradle.plugin.KotlinCompilerArgumentsProducer              : loaded 3 times (x 70B)
Class org.jetbrains.kotlin.gradle.dsl.KotlinCommonOptions                             : loaded 3 times (x 70B)
Class com.android.build.gradle.internal.ide.dependencies.LibraryDependencyCacheBuildService$RegistrationAction: loaded 3 times (x 74B)
Class com.google.protobuf.LazyFieldLite                                               : loaded 3 times (x 84B)
Class com.google.common.util.concurrent.AbstractFuture$UnsafeAtomicHelper$1           : loaded 3 times (x 76B)
Class com.android.utils.DateProvider$1                                                : loaded 3 times (x 75B)
Class com.google.gson.internal.bind.MapTypeAdapterFactory$Adapter                     : loaded 3 times (x 74B)
Class com.google.gson.internal.sql.SqlTimeTypeAdapter$1                               : loaded 3 times (x 75B)
Class org.jetbrains.kotlin.gradle.report.ConfigureReporingKt                          : loaded 3 times (x 71B)
Class com.android.build.gradle.internal.variant.BaseVariantFactory                    : loaded 3 times (x 106B)
Class com.android.build.gradle.api.TestVariant                                        : loaded 3 times (x 70B)
Class com.android.build.api.artifact.impl.StorageProviderImpl$directory$1             : loaded 3 times (x 78B)
Class org.jetbrains.plugins.gradle.javaModel.JavaGradleManifestModel                  : loaded 3 times (x 70B)
Class com.android.build.gradle.internal.services.VariantBuilderServices               : loaded 3 times (x 70B)
Class com.android.build.api.extension.impl.OperationsRegistrar                        : loaded 3 times (x 72B)
Class com.android.build.gradle.internal.dsl.BundleOptionsAbi$AgpDecorated             : loaded 3 times (x 81B)
Class com.android.tools.lint.model.LintModelSeverity                                  : loaded 3 times (x 79B)
Class com.android.build.gradle.internal.dsl.ApplicationAndroidResourcesImpl$AgpDecorated: loaded 3 times (x 130B)
Class com.android.builder.core.AbstractProductFlavor$DimensionRequest                 : loaded 3 times (x 72B)
Class com.android.build.gradle.internal.dsl.LintImpl                                  : loaded 3 times (x 212B)
Class com.android.build.api.dsl.SigningConfig                                         : loaded 3 times (x 70B)
Class org.jetbrains.kotlin.gradle.dsl.DefaultToolchainSupport_Decorated               : loaded 3 times (x 120B)
Class org.jetbrains.kotlin.gradle.internal.properties.NativePropertiesLoader$jvmArgs$1: loaded 3 times (x 75B)
Class org.jetbrains.kotlin.gradle.report.BuildMetricsService$Companion                : loaded 3 times (x 71B)
Class org.jetbrains.kotlin.gradle.plugin.VariantImplementationFactories$Parameters_Decorated: loaded 3 times (x 130B)
Class org.jetbrains.kotlin.gradle.plugin.PropertiesProvider$PropertyNames             : loaded 3 times (x 71B)
Class org.jetbrains.kotlin.gradle.tasks.KotlinCompileTool                             : loaded 3 times (x 70B)
Class org.jetbrains.kotlin.gradle.utils.SingleAction$PerformedActions                 : loaded 3 times (x 72B)
Class org.jetbrains.kotlin.gradle.utils.GradleUtilsKt                                 : loaded 3 times (x 71B)
Class org.jetbrains.kotlin.gradle.plugin.HasProject                                   : loaded 3 times (x 70B)
Class com.android.io.CancellableFileIo                                                : loaded 3 times (x 71B)
Class org.jetbrains.kotlin.gradle.report.ReportingSettings$Companion                  : loaded 3 times (x 71B)
Class com.android.build.gradle.internal.errors.SyncIssueReporterImpl$GlobalSyncIssueService$Parameters: loaded 3 times (x 70B)
Class com.google.protobuf.Descriptors$FieldDescriptor                                 : loaded 3 times (x 88B)
Class com.android.build.gradle.internal.profile.AnalyticsConfiguratorService$RegistrationAction: loaded 3 times (x 74B)
Class org.jetbrains.kotlin.gradle.plugin.mpp.KotlinTargetComponentWithPublication     : loaded 3 times (x 70B)
Class com.android.build.api.variant.ComponentIdentity                                 : loaded 3 times (x 70B)
Class com.android.build.gradle.internal.testing.ManagedDeviceRegistry                 : loaded 3 times (x 75B)
Class com.android.build.gradle.internal.tasks.ApplicationTaskManager                  : loaded 3 times (x 85B)
Class com.android.build.gradle.internal.dsl.BaseAppModuleExtension                    : loaded 3 times (x 465B)
Class com.android.build.gradle.AndroidConfig                                          : loaded 3 times (x 70B)
Class com.intellij.compose.ide.plugin.gradleTooling.rt.ComposeResourcesModel          : loaded 3 times (x 70B)
Class com.android.build.api.extension.impl.ApplicationAndroidComponentsExtensionImpl  : loaded 3 times (x 114B)
Class org.jetbrains.kotlin.gradle.plugin.mpp.KotlinAndroidTargetVariantDslImpl        : loaded 3 times (x 75B)
Class com.google.gson.Gson$1                                                          : loaded 3 times (x 76B)
Class org.gradle.tooling.internal.adapter.CollectionMapper                            : loaded 3 times (x 73B)
Class com.google.common.collect.ForwardingObject                                      : loaded 3 times (x 72B)
Class com.android.builder.profile.Recorder$VoidBlock                                  : loaded 3 times (x 70B)
Class com.android.build.gradle.internal.lint.AndroidLintGlobalTask$GlobalCreationAction$Companion: loaded 3 times (x 71B)
Class com.android.build.gradle.internal.tasks.LintCompile$CreationAction              : loaded 3 times (x 91B)
Class com.android.build.gradle.internal.dsl.AndroidTestImpl$AgpDecorated              : loaded 3 times (x 80B)
Class com.android.build.gradle.internal.tasks.factory.GlobalTaskCreationConfigImpl$testOptionExecutionEnum$2: loaded 3 times (x 79B)
Class com.android.build.gradle.internal.tasks.factory.BootClasspathConfigImpl$androidJar$2: loaded 3 times (x 79B)
Class com.android.build.gradle.internal.dsl.BundleOptionsCodeTransparency$AgpDecorated_Decorated: loaded 3 times (x 125B)
Class com.android.build.gradle.internal.dsl.ApplicationExtensionImpl$lintOptions$2    : loaded 3 times (x 79B)
Class com.android.build.gradle.internal.dsl.ManagedDevices$localDevices$1$1           : loaded 3 times (x 75B)
Class com.android.build.gradle.internal.dsl.AarMetadataImpl$AgpDecorated              : loaded 3 times (x 91B)
Class com.android.build.gradle.internal.dsl.AnnotationProcessorOptions$AgpDecorated_Decorated: loaded 3 times (x 149B)
Class com.android.resources.Density                                                   : loaded 3 times (x 92B)
Class com.android.build.gradle.internal.variant.AbstractVariantInputManager$Companion : loaded 3 times (x 71B)
Class com.android.build.gradle.internal.dsl.decorator.SupportedPropertyType           : loaded 3 times (x 73B)
Class com.android.build.gradle.internal.dsl.InternalSigningConfig                     : loaded 3 times (x 70B)
Class org.jetbrains.kotlin.gradle.plugin.mpp.KotlinAndroidTarget_Decorated            : loaded 3 times (x 213B)
Class org.jetbrains.kotlin.gradle.ExperimentalKotlinGradlePluginApi                   : loaded 3 times (x 70B)
Class org.jetbrains.kotlin.gradle.dsl.KotlinAndroidProjectExtension                   : loaded 3 times (x 139B)
Class org.jetbrains.kotlin.gradle.internal.properties.NativePropertiesLoader          : loaded 3 times (x 86B)
Class com.android.build.gradle.internal.dsl.decorator.SupportedPropertyType$Collection$Map: loaded 3 times (x 74B)
Class org.jetbrains.kotlin.gradle.plugin.KotlinGradleBuildServices$Parameters$Inject_ : loaded 3 times (x 106B)
Class org.jetbrains.kotlin.gradle.plugin.statistics.BuildFusService                   : loaded 3 times (x 84B)
Class com.android.build.gradle.internal.dependency.JacocoInstrumentationService       : loaded 3 times (x 81B)
Class com.android.build.gradle.internal.ide.v2.GlobalSyncService$Parameters_Decorated : loaded 3 times (x 130B)
Class [Lcom.google.protobuf.Descriptors$EnumDescriptor;                               : loaded 3 times (x 69B)
Class com.android.build.gradle.internal.profile.TaskMetadata                          : loaded 3 times (x 72B)
Class com.android.tools.analytics.StubbableLazy                                       : loaded 3 times (x 76B)
Class com.android.build.gradle.internal.dsl.SplitOptions                              : loaded 3 times (x 88B)
Class com.android.build.gradle.internal.scope.ProjectInfo$Companion                   : loaded 3 times (x 71B)
Class com.google.gson.internal.bind.DefaultDateTypeAdapter$DateType                   : loaded 3 times (x 73B)
Class com.google.protobuf.Internal$EnumLite                                           : loaded 3 times (x 70B)
Class com.android.build.gradle.internal.AbstractAppTaskManager                        : loaded 3 times (x 85B)
Class com.android.build.gradle.internal.plugins.VersionCheckPlugin                    : loaded 3 times (x 74B)
Class com.android.build.gradle.internal.dsl.LibraryPublishingImpl                     : loaded 3 times (x 86B)
Class com.android.build.gradle.internal.profile.AnalyticsConfiguratorService$Inject_  : loaded 3 times (x 102B)
Class com.android.build.gradle.internal.dsl.ConfigurableFilesImpl                     : loaded 3 times (x 80B)
Class com.google.wireless.android.sdk.stats.GradleBuildProjectMetrics                 : loaded 3 times (x 199B)
Class com.android.build.gradle.internal.ide.v2.GlobalSyncService$Parameters           : loaded 3 times (x 70B)
Class com.android.build.gradle.internal.dsl.VcsInfoImpl$AgpDecorated_Decorated        : loaded 3 times (x 125B)
Class com.android.build.gradle.internal.dsl.BuildType$AgpDecorated                    : loaded 3 times (x 369B)
Class com.android.build.gradle.internal.dsl.ManagedDevices$localDevices$1$2           : loaded 3 times (x 75B)
Class com.android.build.gradle.internal.dsl.decorator.DslDecorator$ClassInfoVisitor   : loaded 3 times (x 70B)
Class com.android.build.api.dsl.DependencySelection                                   : loaded 3 times (x 70B)
Class com.android.build.gradle.api.JavaCompileOptions                                 : loaded 3 times (x 70B)
Class org.bouncycastle.jce.provider.BouncyCastleProvider                              : loaded 3 times (x 169B)
Class com.android.build.api.dsl.DynamicFeatureBuildType                               : loaded 3 times (x 70B)
Class org.jetbrains.kotlin.gradle.utils.FutureImpl                                    : loaded 3 times (x 80B)
Class org.jetbrains.kotlin.gradle.internal.properties.NativePropertiesLoader$isToolchainEnabled$1: loaded 3 times (x 75B)
Class org.jetbrains.kotlin.gradle.plugin.mpp.KotlinJvmAndroidCompilation              : loaded 3 times (x 198B)
Class com.google.protobuf.DescriptorProtos$FileOptions$1                              : loaded 3 times (x 151B)
Class com.google.wireless.android.sdk.stats.GradleBuildMemorySampleOrBuilder          : loaded 3 times (x 70B)
Class com.google.gson.internal.bind.ReflectiveTypeAdapterFactory$1                    : loaded 3 times (x 74B)
Class org.gradle.accessors.dm.LibrariesForLibsInPluginsBlock$AndroidxLifecycleLibraryAccessors: loaded 3 times (x 77B)
Class org.gradle.accessors.dm.LibrariesForLibs_Decorated                              : loaded 3 times (x 125B)
Class com.android.build.gradle.internal.services.SymbolTableBuildService              : loaded 3 times (x 79B)
Class org.jetbrains.kotlin.gradle.plugin.KotlinCompilation                            : loaded 3 times (x 70B)
Class org.jetbrains.kotlin.tooling.core.Extras$Type$Companion                         : loaded 3 times (x 71B)
Class org.gradle.tooling.internal.adapter.ProtocolToModelAdapter                      : loaded 3 times (x 80B)
Class org.jetbrains.kotlin.gradle.targets.native.internal.PlatformLibrariesGenerator  : loaded 3 times (x 72B)
Class com.android.builder.core.AbstractProductFlavor                                  : loaded 3 times (x 194B)
Class com.android.build.gradle.internal.dsl.Splits$AgpDecorated                       : loaded 3 times (x 85B)
Class com.android.build.gradle.internal.dsl.decorator.DslDecorator$findAbstractProperties$1$2: loaded 3 times (x 78B)
Class com.google.common.base.Enums$StringConverter                                    : loaded 3 times (x 90B)
Class com.android.build.api.dsl.BundleDensity                                         : loaded 3 times (x 70B)
Class com.android.builder.internal.BaseConfigImpl                                     : loaded 3 times (x 115B)
Class com.android.build.api.dsl.AndroidSourceSet                                      : loaded 3 times (x 70B)
Class com.android.ide.common.gradle.Separator                                         : loaded 3 times (x 79B)
Class org.jetbrains.kotlin.gradle.tasks.DefaultKotlinJavaToolchain$Companion$wireJvmTargetToToolchain$1: loaded 3 times (x 75B)
Class org.jetbrains.kotlin.gradle.plugin.KotlinPlatformType                           : loaded 3 times (x 82B)
Class org.jetbrains.kotlin.gradle.internal.properties.PropertiesBuildServiceKt        : loaded 3 times (x 71B)
Class org.jetbrains.kotlin.gradle.plugin.KotlinGradleBuildServices$Companion          : loaded 3 times (x 71B)
Class com.android.build.gradle.internal.SdkComponentsBuildService                     : loaded 3 times (x 80B)
Class [Lcom.android.prefs.VariableValue;                                              : loaded 3 times (x 69B)
Class com.android.build.gradle.internal.utils.EnvironmentProviderImpl                 : loaded 3 times (x 78B)
Class com.android.build.gradle.internal.services.Aapt2ThreadPoolBuildService          : loaded 3 times (x 80B)
Class com.google.wireless.android.sdk.stats.GradleBuildProfileSpan$ExecutionType$1    : loaded 3 times (x 76B)
Class com.google.protobuf.UnsafeUtil$Android32MemoryAccessor                          : loaded 3 times (x 91B)
Class com.google.protobuf.Descriptors$OneofDescriptor                                 : loaded 3 times (x 76B)
Class com.android.build.gradle.internal.profile.AnalyticsResourceManager$getProjectBuilder$1: loaded 3 times (x 79B)
Class com.android.build.gradle.internal.api.DefaultAndroidSourceSet_Decorated         : loaded 3 times (x 276B)
Class com.android.builder.model.LintOptions                                           : loaded 3 times (x 70B)
Class com.google.protobuf.Extension$ExtensionType                                     : loaded 3 times (x 79B)
Class com.google.protobuf.AbstractMessageLite$Builder$LimitedInputStream              : loaded 3 times (x 92B)
Class com.google.gson.internal.bind.ReflectiveTypeAdapterFactory$2                    : loaded 3 times (x 79B)
Class com.android.build.gradle.options.StringOption                                   : loaded 3 times (x 85B)
Class com.google.common.util.concurrent.ListeningExecutorService                      : loaded 3 times (x 70B)
Class org.gradle.internal.time.DefaultTimer                                           : loaded 3 times (x 80B)
Class com.android.build.api.dsl.BundleDeviceTier                                      : loaded 3 times (x 70B)
Class com.android.build.api.dsl.BundleCountrySet                                      : loaded 3 times (x 70B)
Class com.android.build.api.dsl.BundleLanguage                                        : loaded 3 times (x 70B)
Class com.android.build.gradle.internal.dsl.decorator.DslDecorator$findAbstractProperties$1$3: loaded 3 times (x 78B)
Class com.android.build.gradle.internal.dsl.BundleOptionsStoreArchive$AgpDecorated_Decorated: loaded 3 times (x 125B)
Class com.android.build.gradle.internal.dsl.DependencySelectionImpl                   : loaded 3 times (x 78B)
Class com.android.build.api.dsl.BundleDeviceGroup                                     : loaded 3 times (x 70B)
Class com.android.build.gradle.api.AnnotationProcessorOptions                         : loaded 3 times (x 70B)
Class com.android.build.api.dsl.ApplicationBaseFlavor                                 : loaded 3 times (x 70B)
Class com.android.build.gradle.internal.dsl.CoreBuildType                             : loaded 3 times (x 70B)
Class org.jetbrains.kotlin.gradle.tasks.DefaultKotlinJavaToolchain$Companion$wireJvmTargetToToolchain$2: loaded 3 times (x 75B)
Class org.jetbrains.kotlin.gradle.plugin.ProjectLocalConfigurations$ProjectLocalDisambiguation: loaded 3 times (x 76B)
Class org.jetbrains.kotlin.gradle.internal.properties.PropertiesBuildService$NullableStringGradleProperty: loaded 3 times (x 76B)
Class org.jetbrains.kotlin.gradle.targets.native.KonanPropertiesBuildService          : loaded 3 times (x 76B)
Class org.jetbrains.kotlin.gradle.plugin.KotlinGradleBuildServices$detectKotlinPluginLoadedInMultipleProjects$onRegister$1$1: loaded 3 times (x 75B)
Class org.jetbrains.kotlin.gradle.internal.properties.PropertiesBuildService$Inject_  : loaded 3 times (x 96B)
Class org.jetbrains.kotlin.gradle.plugin.internal.ConfigurationCacheStartParameterAccessor$Factory: loaded 3 times (x 70B)
Class com.android.build.gradle.internal.services.FakeDependencyJarBuildService$Params_Decorated: loaded 3 times (x 130B)
Class com.google.protobuf.DescriptorProtos$FileDescriptorProtoOrBuilder               : loaded 3 times (x 70B)
Class com.google.wireless.android.sdk.stats.GradlePluginDataOrBuilder                 : loaded 3 times (x 70B)
Class com.google.gson.ToNumberStrategy                                                : loaded 3 times (x 70B)
Class com.google.gson.TypeAdapter                                                     : loaded 3 times (x 73B)
Class com.android.build.gradle.LintLifecycleExtensionImpl_Decorated                   : loaded 3 times (x 124B)
Class com.android.build.gradle.internal.TaskManager$Companion$createTasksBeforeEvaluate$3: loaded 3 times (x 74B)
Class com.android.build.gradle.internal.tasks.factory.GlobalTaskCreationAction        : loaded 3 times (x 89B)
Class com.android.build.gradle.api.KotlinMultiplatformAndroidPlugin                   : loaded 3 times (x 76B)
Class com.android.build.api.variant.HasDeviceTests                                    : loaded 3 times (x 70B)
Class com.android.build.gradle.internal.dsl.JniLibsPackagingImpl                      : loaded 3 times (x 89B)
Class com.android.build.api.dsl.TargetSdkSpec                                         : loaded 3 times (x 70B)
Class com.android.build.gradle.internal.dsl.PrivacySandboxSdkExtensionImpl            : loaded 3 times (x 133B)
Class com.android.build.gradle.internal.dsl.ApplicationAndroidResourcesImpl           : loaded 3 times (x 124B)
Class com.android.build.gradle.internal.tasks.DeviceSerialTestTask                    : loaded 3 times (x 313B)
Class org.gradle.util.GradleVersion                                                   : loaded 3 times (x 81B)
Class com.android.build.gradle.internal.PropertiesValueSource                         : loaded 3 times (x 78B)
Class com.android.build.gradle.internal.dsl.PrivacySandboxImpl$AgpDecorated           : loaded 3 times (x 81B)
Class com.android.build.gradle.internal.core.Abi                                      : loaded 3 times (x 79B)
Class com.android.build.gradle.internal.dsl.DataBindingOptions$AgpDecorated_Decorated : loaded 3 times (x 163B)
Class com.android.build.gradle.internal.api.artifact.SourceArtifactType$ML_MODELS     : loaded 3 times (x 74B)
Class com.android.builder.model.v2.CustomSourceDirectory                              : loaded 3 times (x 70B)
Class com.android.prefs.AndroidLocationsException                                     : loaded 3 times (x 82B)
Class com.android.build.gradle.internal.dsl.AgpTestSuiteImpl                          : loaded 3 times (x 102B)
Class com.android.build.gradle.internal.dsl.BundleOptionsAbi                          : loaded 3 times (x 77B)
Class org.jetbrains.kotlin.tooling.core.ExtrasUtilsKt                                 : loaded 3 times (x 71B)
Class org.jetbrains.kotlin.buildtools.api.ExperimentalBuildToolsApi                   : loaded 3 times (x 70B)
Class org.jetbrains.kotlin.gradle.targets.native.KonanPropertiesBuildService$Companion$registerIfAbsent$2$1$1: loaded 3 times (x 75B)
Class org.jetbrains.kotlin.gradle.utils.ResourceUtilsKt                               : loaded 3 times (x 71B)
Class org.jetbrains.kotlin.gradle.plugin.KotlinPluginWrapperKt$kotlinPluginVersionFromResources$1: loaded 3 times (x 78B)
Class com.android.build.gradle.internal.services.VersionedSdkLoaderService$versionedSdkLoader$2: loaded 3 times (x 79B)
Class com.android.build.gradle.internal.services.ClassesHierarchyBuildService$RegistrationAction: loaded 3 times (x 74B)
Class com.android.build.gradle.internal.services.AndroidLocationsBuildService$AndroidLocations: loaded 3 times (x 82B)
Class com.google.protobuf.CodedInputStream$IterableDirectByteBufferDecoder            : loaded 3 times (x 120B)
Class com.google.protobuf.Internal$DoubleList                                         : loaded 3 times (x 70B)
Class com.google.protobuf.CodedInputStream                                            : loaded 3 times (x 119B)
Class com.android.ide.common.repository.AgpVersion                                    : loaded 3 times (x 75B)
Class com.android.build.gradle.internal.plugins.BasePlugin$globalConfig$2             : loaded 3 times (x 79B)
Class com.android.build.gradle.internal.plugins.BasePlugin$variantApiOperations$2     : loaded 3 times (x 79B)
Class com.android.build.gradle.internal.plugins.AndroidPluginBaseServices$configuratorService$2: loaded 3 times (x 79B)
Class com.android.build.api.variant.GeneratesApk                                      : loaded 3 times (x 70B)
Class com.android.build.gradle.internal.dsl.TestedExtensionImpl                       : loaded 3 times (x 222B)
Class com.android.build.gradle.LibraryPlugin                                          : loaded 3 times (x 76B)
Class com.android.build.gradle.internal.services.BuildServicesKt                      : loaded 3 times (x 71B)
Class org.gradle.accessors.dm.LibrariesForLibsInPluginsBlock$AndroidxCoreLibraryAccessors: loaded 3 times (x 77B)
Class com.android.build.gradle.internal.VariantManager                                : loaded 3 times (x 72B)
Class com.android.build.gradle.internal.plugins.AndroidPluginBaseServices$projectServices$2: loaded 3 times (x 79B)
Class kotlin.collections.AbstractList$Companion                                       : loaded 3 times (x 71B)
Class com.google.gson.Gson                                                            : loaded 3 times (x 72B)
Class com.google.gson.internal.sql.SqlTypesSupport                                    : loaded 3 times (x 71B)
Class com.android.build.gradle.internal.tasks.factory.TaskCreationAction              : loaded 3 times (x 89B)
Class com.android.build.gradle.internal.core.ExecutionProfileOptions                  : loaded 3 times (x 72B)
Class com.google.wireless.android.sdk.stats.GradleBuildProfileSpan                    : loaded 3 times (x 216B)
Class com.android.build.gradle.internal.dsl.BundleOptionsDeviceTier$AgpDecorated_Decorated: loaded 3 times (x 130B)
Class com.android.build.gradle.internal.dsl.decorator.ApplicationInstallationImpl     : loaded 3 times (x 95B)
Class com.google.protobuf.MessageLite                                                 : loaded 3 times (x 70B)
Class com.android.build.gradle.internal.plugins.AbstractAppPlugin                     : loaded 3 times (x 93B)
Class com.android.build.gradle.internal.dsl.decorator.DslDecorator                    : loaded 3 times (x 72B)
Class com.android.build.api.dsl.PrivacySandbox                                        : loaded 3 times (x 70B)
Class com.android.build.api.dsl.AndroidTest                                           : loaded 3 times (x 70B)
Class com.android.builder.model.DimensionAware                                        : loaded 3 times (x 70B)
Class org.jetbrains.kotlin.gradle.targets.native.KonanPropertiesBuildService$Parameters_Decorated: loaded 3 times (x 130B)
Class org.jetbrains.kotlin.gradle.plugin.KotlinPluginWrapperKt$kotlinPluginVersionFromResources$1$1: loaded 3 times (x 71B)
Class com.android.build.gradle.internal.res.Aapt2FromMaven$Companion$Aapt2Extractor$Inject_1: loaded 3 times (x 109B)
Class com.android.build.gradle.options.BooleanOption                                  : loaded 3 times (x 89B)
Class com.google.protobuf.ProtocolStringList                                          : loaded 3 times (x 70B)
Class [Lcom.android.build.gradle.options.IntegerOption;                               : loaded 3 times (x 69B)
Class com.android.builder.profile.AnalyticsProfileWriter$Companion                    : loaded 3 times (x 71B)
Class org.gradle.internal.time.DefaultCountdownTimer                                  : loaded 3 times (x 88B)
Class com.android.build.gradle.internal.errors.SyncIssueReporterImpl$GlobalSyncIssueService$Parameters_Decorated: loaded 3 times (x 136B)
Class com.google.wireless.android.sdk.stats.GradlePluginData                          : loaded 3 times (x 200B)
Class com.android.build.api.dsl.ApplicationAndroidResources                           : loaded 3 times (x 70B)
Class com.android.build.gradle.internal.api.artifact.SourceArtifactType$BASELINE_PROFILES: loaded 3 times (x 74B)
Class com.android.build.api.dsl.PrivacySandboxSdkExtension                            : loaded 3 times (x 70B)
Class com.android.build.api.dsl.AaptOptions                                           : loaded 3 times (x 70B)
Class com.android.build.api.dsl.LibraryBaseFlavor                                     : loaded 3 times (x 70B)
Class org.jetbrains.kotlin.gradle.dsl.KotlinJvmCompilerOptionsDefault_Decorated       : loaded 3 times (x 167B)
Class org.jetbrains.kotlin.gradle.internal.ClassLoadersCachingBuildService$Parameters_Decorated: loaded 3 times (x 130B)
Class org.jetbrains.kotlin.gradle.targets.native.toolchain.KotlinNativeBundleBuildService$Companion: loaded 3 times (x 71B)
Class org.jetbrains.kotlin.gradle.plugin.VariantImplementationFactoriesConfigurator   : loaded 3 times (x 76B)
Class org.jetbrains.kotlin.gradle.plugin.HasKotlinDependencies                        : loaded 3 times (x 70B)
Class org.jetbrains.kotlin.gradle.internal.Kapt3GradleSubplugin$Kapt3SubpluginContext : loaded 3 times (x 72B)
Class com.android.build.gradle.internal.services.Aapt2ThreadPoolBuildService$Params   : loaded 3 times (x 70B)
Class com.google.protobuf.ByteString$ArraysByteArrayCopier                            : loaded 3 times (x 74B)
Class com.google.protobuf.DescriptorProtos$FileOptionsOrBuilder                       : loaded 3 times (x 70B)
Class [Lcom.google.wireless.android.sdk.stats.GradleBuildProject$PluginGeneration;    : loaded 3 times (x 69B)
Class com.android.build.gradle.internal.DependencyResolutionChecksKt                  : loaded 3 times (x 71B)
Class com.google.protobuf.Internal$ProtobufList                                       : loaded 3 times (x 70B)
Class com.android.build.gradle.internal.lint.LintFromMaven$Companion                  : loaded 3 times (x 71B)
Class com.google.gson.internal.ObjectConstructor                                      : loaded 3 times (x 70B)
Class com.android.ide.common.blame.SourceFile                                         : loaded 3 times (x 72B)
Class com.google.gson.internal.bind.TypeAdapters$32                                   : loaded 3 times (x 76B)
Class com.android.build.gradle.internal.plugins.BasePlugin$newExtension$2             : loaded 3 times (x 79B)
Class com.android.build.gradle.internal.services.VersionedSdkLoaderService            : loaded 3 times (x 72B)
Class org.gradle.accessors.dm.LibrariesForLibs$PluginAccessors                        : loaded 3 times (x 75B)
Class com.google.protobuf.DescriptorProtos$EnumOptionsOrBuilder                       : loaded 3 times (x 70B)
Class org.jetbrains.kotlin.gradle.dsl.KaptExtensionConfig                             : loaded 3 times (x 70B)
Class org.jetbrains.kotlin.gradle.plugin.internal.ProjectIsolationStartParameterAccessorKt: loaded 3 times (x 71B)
Class org.jetbrains.kotlin.gradle.plugin.internal.DefaultProjectIsolationStartParameterAccessor_Decorated: loaded 3 times (x 121B)
Class org.gradle.tooling.internal.gradle.DefaultBuildIdentifier                       : loaded 3 times (x 79B)
Class com.android.build.api.dsl.DefaultConfig                                         : loaded 3 times (x 70B)
Class com.google.wireless.android.sdk.stats.GradleBuildProject$CompileOptions$Builder : loaded 3 times (x 299B)
Class com.android.build.gradle.internal.crash.CrashReporting$afterEvaluate$1          : loaded 3 times (x 75B)
Class com.android.build.gradle.internal.dsl.MinSdkSpecImpl                            : loaded 3 times (x 81B)
Class com.android.build.api.dsl.Packaging                                             : loaded 3 times (x 70B)
Class com.android.build.gradle.internal.dsl.ProductFlavor                             : loaded 3 times (x 469B)
Class org.jetbrains.kotlin.gradle.plugin.KotlinGradleFinishBuildHandler$Companion     : loaded 3 times (x 71B)
Class org.jetbrains.kotlin.gradle.internal.IsInIdeaSyncValueSource                    : loaded 3 times (x 78B)
Class com.android.build.gradle.internal.SdkComponentsBuildService$RegistrationAction  : loaded 3 times (x 74B)
Class com.android.build.gradle.internal.ide.dependencies.LibraryDependencyCacheBuildService: loaded 3 times (x 80B)
Class com.google.protobuf.DescriptorProtos$EnumValueOptions$1                         : loaded 3 times (x 151B)
Class com.google.protobuf.ByteString$BoundedByteString                                : loaded 3 times (x 106B)
Class com.google.protobuf.Descriptors$FileDescriptor                                  : loaded 3 times (x 76B)
Class com.google.wireless.android.sdk.stats.GarbageCollectionStats                    : loaded 3 times (x 201B)
Class com.google.wireless.android.sdk.stats.GarbageCollectionStatsOrBuilder           : loaded 3 times (x 70B)
Class com.google.protobuf.ExtensionRegistry$ExtensionInfo                             : loaded 3 times (x 72B)
Class com.android.build.gradle.options.Option$Status$Removed                          : loaded 3 times (x 72B)
Class com.android.build.gradle.internal.plugins.AndroidPluginBaseServices$syncIssueReporter$2: loaded 3 times (x 79B)
Class com.android.build.api.variant.CanMinifyCode                                     : loaded 3 times (x 70B)
Class com.android.build.gradle.options.ProjectOptionService                           : loaded 3 times (x 77B)
Class org.gradle.accessors.dm.LibrariesForLibsInPluginsBlock$VersionAccessors         : loaded 3 times (x 83B)
Class com.android.build.gradle.internal.api.LazyAndroidSourceSet                      : loaded 3 times (x 72B)
Class com.android.build.api.dsl.JacocoOptions                                         : loaded 3 times (x 70B)
Class com.android.build.api.artifact.impl.StorageProviderImpl$fileStorage$1           : loaded 3 times (x 78B)
Class com.android.build.gradle.internal.cxx.gradle.generator.CxxMetadataGenerator     : loaded 3 times (x 70B)
Class com.android.build.gradle.internal.tasks.GlobalTask                              : loaded 3 times (x 70B)
Class com.android.build.gradle.internal.dsl.LintImpl$SeverityOverrideSet              : loaded 3 times (x 143B)
Class com.android.builder.model.AdbOptions                                            : loaded 3 times (x 70B)
Class com.android.build.api.dsl.MinSdkVersion                                         : loaded 3 times (x 70B)
Class com.android.build.api.dsl.CompileSdkSpec                                        : loaded 3 times (x 70B)
Class com.android.builder.model.DataBindingOptions                                    : loaded 3 times (x 70B)
Class org.jetbrains.kotlin.gradle.plugin.mpp.KotlinUsageContext                       : loaded 3 times (x 70B)
Class org.jetbrains.kotlin.gradle.utils.ConfigurationsKt                              : loaded 3 times (x 71B)
Class org.jetbrains.kotlin.gradle.plugin.diagnostics.DefaultProblemsReporter$Factory  : loaded 3 times (x 76B)
Class com.android.prefs.VariableValue                                                 : loaded 3 times (x 82B)
Class com.android.prefs.AbstractAndroidLocations$Companion                            : loaded 3 times (x 71B)
Class com.google.protobuf.SmallSortedMap                                              : loaded 3 times (x 132B)
Class com.android.build.gradle.internal.profile.AnalyticsService                      : loaded 3 times (x 110B)
Class com.android.utils.EnvironmentProvider$DirectEnvironmentProvider                 : loaded 3 times (x 80B)
Class org.jetbrains.kotlin.gradle.report.BuildMetricsService                          : loaded 3 times (x 86B)
Class org.jetbrains.kotlin.gradle.plugin.PropertiesProvider$classLoaderCacheTimeoutInSeconds$1: loaded 3 times (x 75B)
Class com.android.ide.common.blame.SourcePositionJsonTypeAdapter                      : loaded 3 times (x 75B)
Class com.android.build.gradle.options.FeatureStage$Removed                           : loaded 3 times (x 72B)
Class com.android.build.gradle.options.Stage                                          : loaded 3 times (x 72B)
Class com.intellij.openapi.externalSystem.model.project.dependencies.ProjectDependencies: loaded 3 times (x 70B)
Class com.android.build.api.artifact.impl.TypedStorageProvider$getArtifact$1$1        : loaded 3 times (x 79B)
Class org.gradle.tooling.model.DomainObjectSet                                        : loaded 3 times (x 70B)
Class org.gradle.tooling.model.idea.IdeaProject                                       : loaded 3 times (x 70B)
Class com.android.build.gradle.internal.plugins.TestPlugin                            : loaded 3 times (x 96B)
Class com.android.build.gradle.options.Option$Status$Deprecated                       : loaded 3 times (x 72B)
Class com.android.build.gradle.internal.dsl.BaseFlavor                                : loaded 3 times (x 428B)
Class com.android.build.gradle.internal.lint.LintTaskManager                          : loaded 3 times (x 72B)
Class com.android.build.gradle.internal.tasks.ExtractProguardFiles                    : loaded 3 times (x 321B)
Class com.android.build.gradle.internal.tasks.factory.GlobalTaskCreationConfigImpl$platformAttrs$2: loaded 3 times (x 79B)
Class com.android.build.api.variant.ScopedArtifacts                                   : loaded 3 times (x 70B)
Class com.android.build.gradle.internal.services.FakeDependencyJarBuildService$Params$Inject_: loaded 3 times (x 106B)
Class com.google.common.base.Converter$ConverterComposition                           : loaded 3 times (x 90B)
Class com.android.build.gradle.internal.dsl.decorator.SupportedPropertyType$Block     : loaded 3 times (x 74B)
Class com.android.build.api.dsl.CompileSdkVersion                                     : loaded 3 times (x 70B)
Class com.android.build.api.dsl.ApplicationDefaultConfig                              : loaded 3 times (x 70B)
Class org.jetbrains.kotlin.gradle.dsl.KotlinGradlePluginPublicDsl                     : loaded 3 times (x 70B)
Class org.jetbrains.kotlin.gradle.internal.properties.NativeProperties                : loaded 3 times (x 70B)
Class org.jetbrains.kotlin.gradle.plugin.internal.ConfigurationCacheStartParameterAccessor: loaded 3 times (x 70B)
Class org.jetbrains.kotlin.gradle.internal.diagnostics.GradleCompatibilityCheck$DefaultCurrentGradleVersionProvider: loaded 3 times (x 74B)
Class org.jetbrains.kotlin.gradle.dsl.KotlinBaseExtension                             : loaded 3 times (x 70B)
Class com.android.build.gradle.internal.plugins.AndroidPluginBaseServices$applyBaseServices$2: loaded 3 times (x 75B)
Class com.google.protobuf.SmallSortedMap$1                                            : loaded 3 times (x 132B)
Class com.google.wireless.android.sdk.stats.GradleBuildProject$PluginGeneration$1     : loaded 3 times (x 76B)
Class com.android.build.gradle.internal.dsl.SigningConfigFactory                      : loaded 3 times (x 77B)
Class com.android.builder.profile.NameAnonymizer$VariantIdCacheLoader                 : loaded 3 times (x 76B)
Class com.android.build.gradle.internal.profile.ProjectData                           : loaded 3 times (x 72B)
Class com.android.build.gradle.internal.dsl.ShaderOptions                             : loaded 3 times (x 87B)
Class com.android.build.gradle.internal.core.dsl.MultiVariantComponentDslInfo         : loaded 3 times (x 70B)
Class org.gradle.accessors.dm.LibrariesForLibsInPluginsBlock$AndroidPluginAccessors   : loaded 3 times (x 74B)
Class com.google.gson.ToNumberPolicy$4                                                : loaded 3 times (x 83B)
Class com.android.build.gradle.internal.LoggerWrapper                                 : loaded 3 times (x 86B)
Class com.android.build.gradle.internal.cxx.model.CxxAbiModel                         : loaded 3 times (x 72B)
Class com.android.build.gradle.internal.PropertiesValueSource$Params$Inject_          : loaded 3 times (x 106B)
Class com.android.tools.analytics.HostData                                            : loaded 3 times (x 71B)
Class com.android.build.gradle.internal.tasks.factory.PreConfigAction                 : loaded 3 times (x 70B)
Class com.android.build.gradle.internal.plugins.BasePlugin$createVariantModel$1       : loaded 3 times (x 79B)
Class com.android.build.gradle.api.VersionedVariant                                   : loaded 3 times (x 70B)
Class com.android.build.gradle.internal.dsl.ManagedDevices$allDevices$1$1             : loaded 3 times (x 75B)
Class com.android.build.OutputFile                                                    : loaded 3 times (x 70B)
Class com.android.build.gradle.internal.dsl.OptimizationImpl$AgpDecorated             : loaded 3 times (x 90B)
Class org.objectweb.asm.commons.Method                                                : loaded 3 times (x 76B)
Class org.bouncycastle.operator.OperatorException                                     : loaded 3 times (x 82B)
Class com.android.build.gradle.internal.plugins.AndroidPluginBaseServices$applyBaseServices$3: loaded 3 times (x 75B)
Class org.jetbrains.kotlin.gradle.tasks.DefaultKotlinJavaToolchain$Companion$wireJvmTargetToJvm$1: loaded 3 times (x 75B)
Class org.jetbrains.kotlin.gradle.plugin.PropertiesProvider$booleanProvider$1         : loaded 3 times (x 74B)
Class org.jetbrains.kotlin.gradle.dsl.KotlinCommonToolOptions                         : loaded 3 times (x 70B)
Class com.android.build.gradle.internal.services.BuildServicesKt$getBuildService$1    : loaded 3 times (x 75B)
Class com.google.protobuf.DescriptorProtos$EnumValueOptions                           : loaded 3 times (x 252B)
Class com.google.wireless.android.sdk.stats.GarbageCollectionStats$Builder            : loaded 3 times (x 301B)
Class com.android.build.gradle.internal.TaskManager$Companion$createTasksBeforeEvaluate$2: loaded 3 times (x 74B)
Class [Lcom.google.gson.ToNumberPolicy;                                               : loaded 3 times (x 69B)
Class com.google.gson.ToNumberPolicy                                                  : loaded 3 times (x 83B)
Class com.android.build.gradle.internal.services.R8D8ThreadPoolBuildService           : loaded 3 times (x 80B)
Class [Lcom.android.build.gradle.options.Version;                                     : loaded 3 times (x 69B)
Class com.android.build.api.variant.HasTestSuitesBuilder                              : loaded 3 times (x 70B)
Class com.google.wireless.android.sdk.stats.GradleBuildProject$PluginType             : loaded 3 times (x 87B)
Class com.android.build.gradle.internal.services.BaseServices                         : loaded 3 times (x 70B)
Class com.android.build.api.dsl.TestedExtension                                       : loaded 3 times (x 70B)
Class com.android.build.gradle.internal.BadPluginException                            : loaded 3 times (x 82B)
Class com.android.tools.analytics.HostData$osBean$2                                   : loaded 3 times (x 78B)
Class org.gradle.tooling.internal.gradle.GradleProjectIdentity                        : loaded 3 times (x 70B)
Class com.google.protobuf.CodedInputStream$ArrayDecoder                               : loaded 3 times (x 120B)
Class com.android.build.gradle.internal.plugins.AndroidPluginBaseServices$applyBaseServices$4: loaded 3 times (x 75B)
Class com.android.build.gradle.internal.plugins.BasePlugin$createVariantModel$2       : loaded 3 times (x 79B)
Class com.android.build.gradle.internal.dsl.DexPackagingImpl$AgpDecorated_Decorated   : loaded 3 times (x 127B)
Class com.android.build.gradle.internal.dsl.ManagedDevices$allDevices$1$2             : loaded 3 times (x 75B)
Class com.android.build.gradle.internal.dsl.ApplicationAndroidResourcesImpl$AgpDecorated_Decorated: loaded 3 times (x 180B)
Class com.android.build.gradle.internal.dependency.SourceSetManager$createConfigurationsForSourceSet$2: loaded 3 times (x 75B)
Class com.android.build.gradle.internal.res.Aapt2FromMaven$Companion$DefaultAapt2Version$BUILD_NUMBER$2: loaded 3 times (x 78B)
Class com.google.gson.internal.bind.DefaultDateTypeAdapter$1                          : loaded 3 times (x 75B)
Class com.android.build.gradle.internal.dsl.LibraryKeepRulesImpl                      : loaded 3 times (x 88B)
Class com.android.build.gradle.internal.dsl.BundleOptionsCodeTransparency             : loaded 3 times (x 77B)
Class org.jetbrains.kotlin.gradle.plugin.diagnostics.ProblemsReporter                 : loaded 3 times (x 70B)
Class org.jetbrains.kotlin.gradle.plugin.VariantImplementationFactories$Parameters    : loaded 3 times (x 70B)
Class org.jetbrains.kotlin.gradle.utils.ConfigurationsKt$sam$org_gradle_api_Action$0  : loaded 3 times (x 75B)
Class org.jetbrains.kotlin.gradle.plugin.internal.JavaExecTaskParametersCompatibility$Factory: loaded 3 times (x 70B)
Class com.android.prefs.PathLocator$singlePathOf$values$1                             : loaded 3 times (x 79B)
Class com.google.protobuf.DescriptorProtos$EnumDescriptorProto$1                      : loaded 3 times (x 151B)
Class com.android.tools.analytics.AnalyticsSettings$optedIn$1                         : loaded 3 times (x 78B)
Class com.android.sdklib.AndroidApiLevel                                              : loaded 3 times (x 74B)
Class com.android.build.gradle.options.Option$Status$EXPERIMENTAL                     : loaded 3 times (x 71B)
Class com.android.build.gradle.internal.services.ServiceRegistrationAction            : loaded 3 times (x 74B)
Class com.google.wireless.android.sdk.stats.GradleBuildProjectMetricsOrBuilder        : loaded 3 times (x 70B)
Class [Lcom.google.protobuf.Internal$EnumLite;                                        : loaded 3 times (x 69B)
Class com.google.protobuf.GeneratedMessageV3$ExtendableMessageOrBuilder               : loaded 3 times (x 70B)
Class org.jetbrains.kotlin.gradle.plugin.KotlinJvmFactory                             : loaded 3 times (x 70B)
Class org.jetbrains.kotlin.gradle.plugin.mpp.InternalKotlinCompilation                : loaded 3 times (x 70B)
Class org.jetbrains.kotlin.gradle.plugin.KotlinPluginWrapperKt                        : loaded 3 times (x 71B)
Class org.jetbrains.kotlin.gradle.fus.BuildUidService                                 : loaded 3 times (x 80B)
Class org.jetbrains.kotlin.gradle.plugin.internal.MavenPublicationComponentAccessor   : loaded 3 times (x 70B)
Class org.jetbrains.kotlin.gradle.plugin.AbstractKotlinJsPluginWrapper                : loaded 3 times (x 86B)
Class com.android.build.api.dsl.KeepRules                                             : loaded 3 times (x 70B)
Class com.android.build.gradle.internal.plugins.BasePlugin$createVariantModel$3       : loaded 3 times (x 79B)
Class com.android.build.api.variant.impl.DeferredActionManager                        : loaded 3 times (x 72B)
Class com.android.build.gradle.internal.dsl.DataBindingOptions$AgpDecorated           : loaded 3 times (x 112B)
Class com.android.build.gradle.internal.DefaultConfigData                             : loaded 3 times (x 72B)
Class com.android.build.gradle.internal.dsl.VectorDrawablesOptions_Decorated          : loaded 3 times (x 132B)
Class com.android.build.gradle.internal.dsl.decorator.annotation.WithLazyInitialization: loaded 3 times (x 70B)
Class com.android.build.api.dsl.ResourcesPackaging                                    : loaded 3 times (x 70B)
Class com.android.build.gradle.internal.model.CoreNdkBuildOptions                     : loaded 3 times (x 70B)
Class com.android.build.gradle.internal.utils.KgpVersion                              : loaded 3 times (x 75B)
Class org.jetbrains.kotlin.gradle.dsl.KotlinCommonCompilerOptionsDefault              : loaded 3 times (x 96B)
Class org.jetbrains.kotlin.gradle.dsl.KotlinCommonCompilerToolOptionsDefault          : loaded 3 times (x 84B)
Class org.jetbrains.kotlin.gradle.internal.properties.NativePropertiesLoader$isUseXcodeMessageStyleEnabled$1: loaded 3 times (x 75B)
Class org.jetbrains.kotlin.gradle.internal.ClassLoadersCachingBuildService$Companion$registerIfAbsent$2$1: loaded 3 times (x 79B)
Class org.jetbrains.kotlin.gradle.report.BuildReportMode$Companion                    : loaded 3 times (x 71B)
Class org.jetbrains.kotlin.gradle.plugin.VariantImplementationFactories$VariantImplementationFactory: loaded 3 times (x 70B)
Class com.android.prefs.PathLocator$singlePathOf$values$2                             : loaded 3 times (x 78B)
Class com.android.build.gradle.internal.services.StringCachingBuildService            : loaded 3 times (x 84B)
Class com.google.protobuf.DescriptorProtos$FileOptions                                : loaded 3 times (x 298B)
Class com.android.build.gradle.internal.errors.AndroidProblemReporterProvider$reporter$1: loaded 3 times (x 74B)
Class com.android.build.gradle.internal.component.ComponentCreationConfig             : loaded 3 times (x 70B)
Class com.android.build.gradle.internal.variant.VariantModel                          : loaded 3 times (x 70B)
Class com.android.build.gradle.internal.dsl.ExternalNativeBuildOptions                : loaded 3 times (x 93B)
Class com.google.gson.Gson$4                                                          : loaded 3 times (x 76B)
Class com.android.build.gradle.internal.ide.v2.NativeModelBuilder_Decorated           : loaded 3 times (x 131B)
Class com.android.build.gradle.internal.services.VariantServicesImpl                  : loaded 3 times (x 115B)
Class com.android.build.api.artifact.impl.SingleArtifactContainer$initArtifactContainer$1: loaded 3 times (x 79B)
Class kotlin.jvm.internal.markers.KMappedMarker                                       : loaded 3 times (x 70B)
Class com.google.gson.internal.ConstructorConstructor                                 : loaded 3 times (x 72B)
Class com.android.builder.model.v2.AndroidModel                                       : loaded 3 times (x 70B)
Class com.android.build.gradle.internal.plugins.BasePlugin$createVariantModel$4       : loaded 3 times (x 79B)
Class com.android.build.api.variant.VariantFilter                                     : loaded 3 times (x 70B)
Class com.android.build.gradle.internal.tasks.factory.BootClasspathConfigImpl$bootClasspath$2: loaded 3 times (x 79B)
Class com.android.build.gradle.internal.dsl.ExternalNativeBuild$AgpDecorated          : loaded 3 times (x 96B)
Class com.android.build.gradle.internal.dsl.ResourcesPackagingImpl$AgpDecorated       : loaded 3 times (x 86B)
Class [Lcom.android.builder.model.TestOptions$Execution;                              : loaded 3 times (x 69B)
Class com.android.build.gradle.internal.dsl.LintOptions                               : loaded 3 times (x 201B)
Class com.android.build.gradle.internal.api.DefaultAndroidSourceDirectorySet$directories$1: loaded 3 times (x 143B)
Class com.android.build.api.dsl.Cmake                                                 : loaded 3 times (x 70B)
Class com.android.build.api.dsl.AarMetadata                                           : loaded 3 times (x 70B)
Class com.android.build.gradle.internal.services.BuiltInKotlinServices                : loaded 3 times (x 72B)
Class org.jetbrains.kotlin.gradle.dsl.ExplicitApiMode                                 : loaded 3 times (x 79B)
Class org.jetbrains.kotlin.gradle.plugin.mpp.KotlinUsages$KotlinCinteropCompatibility : loaded 3 times (x 77B)
Class org.jetbrains.kotlin.gradle.plugin.mpp.KotlinUsages$KotlinUsagesCompatibility   : loaded 3 times (x 76B)
Class org.jetbrains.kotlin.gradle.plugin.VariantImplementationFactories$Parameters$Inject_: loaded 3 times (x 106B)
Class org.jetbrains.kotlin.gradle.plugin.VariantImplementationFactories$Companion     : loaded 3 times (x 71B)
Class org.jetbrains.kotlin.gradle.plugin.internal.CustomPropertiesFileValueSource$Parameters_Decorated: loaded 3 times (x 130B)
Class org.jetbrains.kotlin.gradle.dsl.KotlinTopLevelExtensionConfig                   : loaded 3 times (x 70B)
Class com.google.protobuf.Utf8$UnsafeProcessor                                        : loaded 3 times (x 77B)
Class com.google.protobuf.ByteString$LiteralByteString                                : loaded 3 times (x 106B)
Class com.google.wireless.android.sdk.stats.GradleIntegerOptionEntry                  : loaded 3 times (x 197B)
Class org.gradle.accessors.dm.LibrariesForLibsInPluginsBlock$AndroidxComposeUiTestLibraryAccessors: loaded 3 times (x 78B)
Class com.google.protobuf.UnknownFieldSet$Parser                                      : loaded 3 times (x 150B)
Class com.android.build.gradle.internal.dependency.GenericTransformParameters_Decorated: loaded 3 times (x 130B)
Class com.google.gson.internal.bind.ArrayTypeAdapter$1                                : loaded 3 times (x 75B)
Class com.google.common.collect.AbstractBiMap                                         : loaded 3 times (x 159B)
Class com.google.gson.internal.bind.JsonTreeWriter                                    : loaded 3 times (x 98B)
Class org.gradle.tooling.internal.adapter.MethodInvoker                               : loaded 3 times (x 70B)
Class [Lcom.android.build.gradle.options.SyncOptions$ErrorFormatMode;                 : loaded 3 times (x 69B)
Class [Lcom.android.build.gradle.options.HasFutureStage;                              : loaded 3 times (x 69B)
Class com.android.build.gradle.internal.utils.GradlePluginUtils                       : loaded 3 times (x 71B)
Class org.gradle.internal.time.Timer                                                  : loaded 3 times (x 70B)
Class org.gradle.accessors.dm.LibrariesForLibsInPluginsBlock$BundleAccessors          : loaded 3 times (x 73B)
Class com.android.build.gradle.internal.dsl.InternalCommonExtension                   : loaded 3 times (x 70B)
Class com.google.gson.ToNumberPolicy$3                                                : loaded 3 times (x 83B)
Class com.android.build.gradle.internal.plugins.AndroidPluginBaseServices$configuratorService$2$1: loaded 3 times (x 79B)
Class com.android.build.api.variant.HasDeviceTestsBuilder                             : loaded 3 times (x 70B)
Class com.google.wireless.android.sdk.stats.ProjectApiUseOrBuilder                    : loaded 3 times (x 70B)
Class com.android.build.gradle.options.Option$Status$STABLE                           : loaded 3 times (x 71B)
Class com.android.build.gradle.internal.plugins.BasePlugin$createVariantModel$5       : loaded 3 times (x 79B)
Class com.android.build.gradle.internal.dsl.decorator.LockableList                    : loaded 3 times (x 208B)
Class com.android.build.gradle.internal.dsl.decorator.SupportedPropertyType$Var$Int   : loaded 3 times (x 74B)
Class com.android.build.gradle.internal.dsl.decorator.SupportedPropertyType$Var$NullableBoolean: loaded 3 times (x 74B)
Class com.android.builder.model.ProductFlavor                                         : loaded 3 times (x 70B)
Class org.jetbrains.kotlin.gradle.dsl.KotlinJvmCompilerOptionsDefault                 : loaded 3 times (x 108B)
Class org.jetbrains.kotlin.gradle.internal.UsesClassLoadersCachingBuildService        : loaded 3 times (x 70B)
Class com.android.build.gradle.internal.services.ConfigPhaseFileCreator$Params        : loaded 3 times (x 70B)
Class com.google.wireless.android.sdk.stats.GradleIntegerOptionEntry$1                : loaded 3 times (x 151B)
Class com.google.protobuf.Descriptors                                                 : loaded 3 times (x 71B)
Class com.google.protobuf.DescriptorProtos$EnumValueDescriptorProto$1                 : loaded 3 times (x 151B)
Class com.android.tools.analytics.HostData$classLoadingBean$2                         : loaded 3 times (x 78B)
Class com.google.gson.JsonSyntaxException                                             : loaded 3 times (x 82B)
Class com.android.build.gradle.internal.core.dsl.PublishableComponentDslInfo          : loaded 3 times (x 70B)
Class com.android.build.gradle.TestedAndroidConfig                                    : loaded 3 times (x 70B)
Class com.google.wireless.android.sdk.stats.GradleProjectOptionsSettings$Builder      : loaded 3 times (x 320B)
Class [Lcom.google.protobuf.FieldSet$FieldDescriptorLite;                             : loaded 3 times (x 69B)
Class com.android.build.gradle.internal.services.SymbolTableBuildService$RegistrationAction: loaded 3 times (x 74B)
Class org.jetbrains.kotlin.gradle.plugin.KotlinBaseApiPlugin                          : loaded 3 times (x 118B)
Class org.jetbrains.kotlin.gradle.dsl.KotlinPublishingDsl                             : loaded 3 times (x 70B)
Class org.jetbrains.kotlin.gradle.plugin.UsesBuildFinishedListenerService             : loaded 3 times (x 70B)
Class org.jetbrains.kotlin.gradle.plugin.internal.CustomPropertiesFileValueSource$Parameters: loaded 3 times (x 70B)
Class org.jetbrains.kotlin.gradle.utils.GradleConfigurationUtilsKt                    : loaded 3 times (x 71B)
Class com.android.build.gradle.internal.dsl.CompileSdkVersionImpl                     : loaded 3 times (x 80B)
Class com.android.build.gradle.internal.tasks.factory.GlobalTaskNames                 : loaded 3 times (x 70B)
Class com.android.build.api.artifact.impl.ArtifactsImpl$2$1                           : loaded 3 times (x 80B)
Class com.android.build.api.dsl.PublishingOptions                                     : loaded 3 times (x 70B)
Class com.android.build.gradle.internal.dsl.ExternalNativeCmakeOptions                : loaded 3 times (x 108B)
Class com.google.gson.internal.bind.TypeAdapters$31                                   : loaded 3 times (x 76B)
Class com.android.build.gradle.internal.dsl.NdkBuildOptions                           : loaded 3 times (x 92B)
Class com.android.build.gradle.internal.dsl.DataBindingOptions                        : loaded 3 times (x 108B)
Class org.jetbrains.kotlin.gradle.plugin.mpp.HierarchyAttributeContainer              : loaded 3 times (x 85B)
Class org.jetbrains.kotlin.gradle.tasks.UsesKotlinJavaToolchain                       : loaded 3 times (x 70B)
Class org.jetbrains.kotlin.gradle.plugin.DefaultKotlinBasePlugin$apply$1              : loaded 3 times (x 75B)
Class org.jetbrains.kotlin.gradle.internal.properties.PropertiesBuildService$Params_Decorated: loaded 3 times (x 130B)
Class com.android.build.gradle.internal.services.AndroidLocationsBuildService$AndroidDirectoryCreator: loaded 3 times (x 80B)
Class [Lcom.google.protobuf.Descriptors$DescriptorPool$SearchFilter;                  : loaded 3 times (x 69B)
Class [Lcom.google.protobuf.Descriptors$FieldDescriptor;                              : loaded 3 times (x 69B)
Class com.android.builder.profile.NameAnonymizer$Project                              : loaded 3 times (x 72B)
Class com.google.common.util.concurrent.AbstractFuture$AtomicHelper                   : loaded 3 times (x 78B)
Class com.google.gson.internal.bind.JsonAdapterAnnotationTypeAdapterFactory$DummyTypeAdapterFactory: loaded 3 times (x 75B)
Class com.android.build.gradle.internal.res.Aapt2FromMaven$Companion$create$1         : loaded 3 times (x 75B)
Class com.android.sdklib.AndroidApiLevel$Companion                                    : loaded 3 times (x 71B)
Class com.android.build.gradle.options.Option$Status                                  : loaded 3 times (x 71B)
Class com.android.prefs.AndroidLocationsProvider                                      : loaded 3 times (x 70B)
Class com.android.build.api.variant.ApplicationVariant                                : loaded 3 times (x 70B)
Class org.jetbrains.kotlin.idea.gradleTooling.KotlinGradleModel                       : loaded 3 times (x 70B)
Class com.android.ide.common.signing.KeystoreHelper                                   : loaded 3 times (x 71B)
Class com.android.build.gradle.internal.dsl.SigningConfigImpl                         : loaded 3 times (x 97B)
Class com.android.build.gradle.internal.dsl.MinSdkDelegate                            : loaded 3 times (x 84B)
Class com.google.common.base.Converter$ReverseConverter                               : loaded 3 times (x 90B)
Class com.android.build.gradle.api.UnitTestVariant                                    : loaded 3 times (x 70B)
Class com.android.build.api.dsl.Device                                                : loaded 3 times (x 70B)
Class [Lcom.google.common.base.CaseFormat;                                            : loaded 3 times (x 69B)
Class com.google.protobuf.GeneratedMessageV3$BuilderParent                            : loaded 3 times (x 70B)
Class com.android.build.gradle.internal.dsl.VectorDrawablesOptions                    : loaded 3 times (x 87B)
Class org.jetbrains.kotlin.gradle.utils.CompilerOptionsKt$configureExperimentalTryNext$1$1: loaded 3 times (x 78B)
Class org.jetbrains.kotlin.gradle.utils.CompilerOptionsKt                             : loaded 3 times (x 71B)
Class org.jetbrains.kotlin.gradle.plugin.PropertiesProvider$Companion                 : loaded 3 times (x 71B)
Class org.jetbrains.kotlin.gradle.utils.SingleAction                                  : loaded 3 times (x 73B)
Class com.google.protobuf.Descriptors$DescriptorPool$PackageDescriptor                : loaded 3 times (x 76B)
Class com.google.wireless.android.sdk.stats.JavaProcessStats$Builder                  : loaded 3 times (x 307B)
Class com.google.protobuf.Internal$IntList                                            : loaded 3 times (x 70B)
Class com.google.wireless.android.sdk.stats.GradleBuildVariant$Builder                : loaded 3 times (x 382B)
Class com.google.gson.internal.bind.ReflectiveTypeAdapterFactory                      : loaded 3 times (x 75B)
Class com.google.gson.internal.sql.SqlTimestampTypeAdapter                            : loaded 3 times (x 76B)
Class com.android.build.gradle.internal.errors.AndroidProblemReporterProvider         : loaded 3 times (x 76B)
Class org.jetbrains.kotlin.gradle.plugin.KotlinGradleBuildServices                    : loaded 3 times (x 80B)
Class com.android.build.gradle.internal.tasks.factory.BootClasspathConfigImpl         : loaded 3 times (x 79B)
Class com.android.build.gradle.internal.tasks.factory.GlobalTaskCreationConfig        : loaded 3 times (x 70B)
Class com.android.build.gradle.internal.tasks.factory.BootClasspathConfig             : loaded 3 times (x 70B)
Class com.android.build.gradle.internal.BuildTypeData                                 : loaded 3 times (x 72B)
Class com.android.build.api.artifact.impl.SingleInitialProviderRequestImpl            : loaded 3 times (x 72B)
Class org.jetbrains.kotlin.gradle.internal.properties.PropertiesBuildService$MemoizedCallable$value$2: loaded 3 times (x 79B)
Class com.android.build.api.extension.impl.DslLifecycleComponentsOperationsRegistrar  : loaded 3 times (x 72B)
Class org.gradle.tooling.model.Model                                                  : loaded 3 times (x 70B)
Class com.android.build.gradle.internal.plugins.BasePlugin$registeredExtension$2      : loaded 3 times (x 79B)
Class com.android.build.gradle.internal.tasks.SigningConfigUtils$Companion            : loaded 3 times (x 71B)
Class com.android.build.gradle.api.AndroidSourceDirectorySet                          : loaded 3 times (x 70B)
Class com.android.build.gradle.internal.dsl.BaseFlavor$minSdkDelegate$1               : loaded 3 times (x 79B)
Class com.android.build.gradle.internal.dsl.NdkOptions                                : loaded 3 times (x 116B)
Class com.android.build.api.dsl.CompileOptions                                        : loaded 3 times (x 70B)
Class com.google.protobuf.Utf8                                                        : loaded 3 times (x 71B)
Class [Lcom.google.protobuf.Descriptors$Descriptor;                                   : loaded 3 times (x 69B)
Class com.google.protobuf.DescriptorProtos$EnumValueDescriptorProtoOrBuilder          : loaded 3 times (x 70B)
Class org.jetbrains.kotlin.gradle.targets.native.toolchain.KotlinNativeBundleBuildService: loaded 3 times (x 77B)
Class com.google.protobuf.GeneratedMessageV3                                          : loaded 3 times (x 178B)
Class com.google.gson.internal.sql.SqlDateTypeAdapter$1                               : loaded 3 times (x 75B)
Class org.jetbrains.kotlin.gradle.targets.native.toolchain.KotlinNativeBundleBuildService$Parameters: loaded 3 times (x 70B)
Class com.android.build.gradle.options.OptionParsers                                  : loaded 3 times (x 71B)
Class org.jetbrains.kotlin.gradle.tasks.DefaultKotlinJavaToolchain                    : loaded 3 times (x 77B)
Class com.android.build.gradle.options.FeatureStage$Deprecated                        : loaded 3 times (x 72B)
Class com.android.build.gradle.internal.services.AndroidLocationsBuildService         : loaded 3 times (x 90B)
Class com.android.build.api.variant.Variant                                           : loaded 3 times (x 70B)
Class com.android.build.api.dsl.ApplicationExtension                                  : loaded 3 times (x 70B)
Class com.google.gson.ToNumberPolicy$2                                                : loaded 3 times (x 83B)
Class kotlin.UninitializedPropertyAccessException                                     : loaded 3 times (x 82B)
Class com.android.tools.analytics.AnalyticsPaths                                      : loaded 3 times (x 71B)
Class com.android.build.gradle.internal.PropertiesValueSource$Inject_                 : loaded 3 times (x 109B)
Class com.android.build.gradle.internal.lint.AndroidLintGlobalTask                    : loaded 3 times (x 318B)
Class com.android.build.gradle.internal.dsl.BuildType$Companion                       : loaded 3 times (x 71B)
Class com.android.build.api.artifact.Artifacts                                        : loaded 3 times (x 70B)
Class com.android.build.gradle.internal.services.FakeDependencyJarBuildService$lazyCachedFakeJar$1: loaded 3 times (x 75B)
Class com.android.build.gradle.internal.dsl.SdkComponentsImpl$aapt2$2                 : loaded 3 times (x 79B)
Class org.jetbrains.kotlin.gradle.tasks.DefaultKotlinJavaToolchain$Companion          : loaded 3 times (x 71B)
Class com.android.build.gradle.internal.dsl.BaseFlavor$minSdkDelegate$2               : loaded 3 times (x 79B)
Class com.android.build.gradle.internal.dsl.BundleOptionsLanguage                     : loaded 3 times (x 77B)
Class com.android.build.gradle.internal.dsl.BundleOptionsCountrySet                   : loaded 3 times (x 81B)
Class com.android.build.api.dsl.DynamicFeatureProductFlavor                           : loaded 3 times (x 70B)
Class com.android.builder.model.Named                                                 : loaded 3 times (x 70B)
Class org.jetbrains.kotlin.tooling.core.AbstractExtras                                : loaded 3 times (x 141B)
Class org.jetbrains.kotlin.gradle.internal.properties.NativePropertiesLoader$shouldUseEmbeddableCompilerJar$1: loaded 3 times (x 75B)
Class org.jetbrains.kotlin.gradle.fus.BuildUidService$Companion$registerIfAbsent$1    : loaded 3 times (x 74B)
Class org.jetbrains.kotlin.gradle.internal.diagnostics.AgpCompatibilityCheck$AndroidGradlePluginVersionProvider: loaded 3 times (x 70B)
Class [Lcom.android.tools.build.gradle.internal.profile.BooleanOption;                : loaded 3 times (x 69B)
Class com.android.build.gradle.internal.dsl.BuildTypeFactory                          : loaded 3 times (x 77B)
Class com.google.protobuf.MessageLite$Builder                                         : loaded 3 times (x 70B)
Class com.android.build.gradle.options.ApiStage$Experimental                          : loaded 3 times (x 72B)
Class com.android.build.gradle.internal.core.dsl.ApkProducingComponentDslInfo         : loaded 3 times (x 70B)
Class com.android.build.api.extension.impl.AndroidComponentsExtensionImpl             : loaded 3 times (x 112B)
Class org.jetbrains.plugins.gradle.model.IntelliJProjectSettings                      : loaded 3 times (x 70B)
Class com.android.builder.profile.NameAnonymizer$ProjectCacheLoader                   : loaded 3 times (x 76B)
Class com.android.build.api.dsl.AssetPackBundleExtension                              : loaded 3 times (x 70B)
Class com.android.build.gradle.internal.lint.LintFixBuildService$RegistrationAction   : loaded 3 times (x 74B)
Class org.gradle.tooling.internal.adapter.ProtocolToModelAdapter$MethodInvocationCache: loaded 3 times (x 73B)
Class org.jetbrains.kotlin.gradle.plugin.mpp.DecoratedKotlinCompilation               : loaded 3 times (x 191B)
Class org.jetbrains.kotlin.gradle.internal.diagnostics.GradleCompatibilityCheck$CurrentGradleVersionProvider: loaded 3 times (x 70B)
Class org.jetbrains.kotlin.gradle.plugin.BuildFinishedListenerService$Companion$registerIfAbsent$1$1: loaded 3 times (x 79B)
Class com.android.builder.model.v2.models.ndk.NativeModule                            : loaded 3 times (x 70B)
Class com.android.build.gradle.internal.tasks.factory.BootClasspathConfigImpl$fullBootClasspathProvider$2: loaded 3 times (x 79B)
Class com.android.tools.lint.model.LintModelSeverity$Companion                        : loaded 3 times (x 71B)
Class com.android.build.gradle.internal.dsl.ApplicationExtensionImpl$dataBinding$1    : loaded 3 times (x 75B)
Class com.android.build.api.artifact.Artifact                                         : loaded 3 times (x 74B)
Class com.android.build.gradle.internal.api.LazyAndroidSourceSet$sourceSet$1          : loaded 3 times (x 79B)
Class com.android.build.api.dsl.JniLibsPackaging                                      : loaded 3 times (x 70B)
Class com.android.build.gradle.internal.dsl.ExternalNativeCmakeOptions_Decorated      : loaded 3 times (x 152B)
Class com.android.build.gradle.internal.TaskManager$Companion$createTasksBeforeEvaluate$1: loaded 3 times (x 74B)
Class com.android.build.api.dsl.MaxSdkSpec                                            : loaded 3 times (x 70B)
Class com.android.builder.core.AbstractBuildType                                      : loaded 3 times (x 153B)
Class org.jetbrains.kotlin.gradle.targets.native.KonanPropertiesBuildService$Companion: loaded 3 times (x 71B)
Class org.jetbrains.kotlin.gradle.plugin.PropertiesProvider$propertyWithDeprecatedValues$1: loaded 3 times (x 75B)
Class org.jetbrains.kotlin.gradle.utils.GradleUtilsKt$registerClassLoaderScopedBuildService$1: loaded 3 times (x 74B)
Class org.jetbrains.kotlin.gradle.internal.diagnostics.AgpCompatibilityCheck$AndroidGradlePluginVersionProvider$Default: loaded 3 times (x 74B)
Class com.google.protobuf.Descriptors$DescriptorPool$SearchFilter                     : loaded 3 times (x 79B)
Class com.google.wireless.android.sdk.stats.GradleBuildSplitsOrBuilder                : loaded 3 times (x 70B)
Class com.android.builder.profile.Recorder                                            : loaded 3 times (x 70B)
Class com.android.build.api.artifact.impl.ArtifactContainer                           : loaded 3 times (x 75B)
Class com.google.wireless.android.sdk.stats.GradleBuildProfileSpanOrBuilder           : loaded 3 times (x 70B)
Class com.google.protobuf.Parser                                                      : loaded 3 times (x 70B)
Class com.google.gson.internal.bind.ReflectiveTypeAdapterFactory$Adapter              : loaded 3 times (x 77B)
Class com.google.gson.internal.bind.TypeAdapters$10                                   : loaded 3 times (x 75B)
Class com.android.build.api.artifact.impl.SingleArtifactContainer                     : loaded 3 times (x 75B)
Class com.android.build.gradle.internal.tasks.factory.TaskFactoryImpl                 : loaded 3 times (x 83B)
Class com.google.common.util.concurrent.DirectExecutor                                : loaded 3 times (x 82B)
Class org.jetbrains.kotlin.compose.compiler.gradle.ComposeCompilerGradleSubplugin     : loaded 3 times (x 83B)
Class org.gradle.accessors.dm.LibrariesForLibs$AndroidxComposeUiToolingLibraryAccessors: loaded 3 times (x 83B)
Class [Lorg.jetbrains.kotlin.gradle.plugin.KotlinPlatformType;                        : loaded 3 times (x 69B)
Class [Lcom.android.builder.core.ComponentType;                                       : loaded 3 times (x 69B)
Class com.android.build.api.dsl.DynamicFeatureDefaultConfig                           : loaded 3 times (x 70B)
Class com.android.builder.model.PackagingOptions                                      : loaded 3 times (x 70B)
Class com.android.build.gradle.internal.dsl.CommonExtensionImpl$sdkComponents$2       : loaded 3 times (x 79B)
Class com.android.build.gradle.internal.dsl.NdkBuildOptions$AgpDecorated              : loaded 3 times (x 96B)
Class com.android.build.gradle.internal.dsl.NdkBuildOptions$AgpDecorated_Decorated    : loaded 3 times (x 139B)
Class org.jetbrains.kotlin.idea.gradleTooling.PrepareKotlinIdeImportTaskModel         : loaded 3 times (x 70B)
Class [Lcom.android.build.api.artifact.impl.InternalScopedArtifacts$InternalScope;    : loaded 3 times (x 69B)
Class com.android.build.gradle.internal.services.FakeDependencyJarBuildService$FakeDependencyJarCreator$Inject_: loaded 3 times (x 111B)
Class org.gradle.internal.operations.MultipleBuildOperationFailures                   : loaded 3 times (x 95B)
Class com.android.build.gradle.internal.dsl.ComposeOptionsImpl_Decorated              : loaded 3 times (x 128B)
Class com.android.build.gradle.internal.dsl.decorator.DslDecorator$cache$1            : loaded 3 times (x 75B)
Class com.android.build.api.dsl.AndroidResources                                      : loaded 3 times (x 70B)
Class com.google.wireless.android.sdk.stats.GradleBuildVariant$VariantType            : loaded 3 times (x 87B)
Class org.jetbrains.kotlin.gradle.dsl.KotlinAndroidProjectExtension_Decorated         : loaded 3 times (x 185B)
Class org.jetbrains.kotlin.gradle.plugin.mpp.KotlinUsages                             : loaded 3 times (x 71B)
Class org.jetbrains.kotlin.gradle.internal.properties.NativePropertiesLoader$Companion: loaded 3 times (x 71B)
Class [Lorg.jetbrains.kotlin.build.report.metrics.GradleBuildPerformanceMetric;       : loaded 3 times (x 69B)
Class org.jetbrains.kotlin.gradle.plugin.statistics.BuildFusService$Companion         : loaded 3 times (x 71B)
Class com.android.ProgressManagerAdapter                                              : loaded 3 times (x 73B)
Class com.google.protobuf.DescriptorProtos$EnumValueDescriptorProto$Builder           : loaded 3 times (x 302B)
Class com.google.protobuf.DescriptorProtos$EnumValueOptionsOrBuilder                  : loaded 3 times (x 70B)
Class com.google.protobuf.ByteString$LeafByteString                                   : loaded 3 times (x 103B)
Class com.android.build.gradle.internal.tasks.factory.GlobalTaskCreationConfigImpl$localCustomLintChecks$2: loaded 3 times (x 79B)
Class com.google.protobuf.Descriptors$GenericDescriptor                               : loaded 3 times (x 75B)
Class com.google.gson.internal.bind.TypeAdapters$11                                   : loaded 3 times (x 75B)
Class com.android.ide.common.blame.MessageJsonSerializer                              : loaded 3 times (x 76B)
Class [Lcom.google.gson.FieldNamingPolicy;                                            : loaded 3 times (x 69B)
Class com.android.build.api.artifact.impl.ArtifactsImpl$3$1                           : loaded 3 times (x 80B)
Class com.android.ide.common.repository.AgpVersion$PreviewKind$Companion              : loaded 3 times (x 71B)
Class com.android.build.gradle.internal.plugins.FusedLibraryPlugin                    : loaded 3 times (x 81B)
Class com.android.build.gradle.internal.services.RunOnceBuildServiceImpl$Inject_      : loaded 3 times (x 102B)
Class org.jetbrains.plugins.gradle.model.VersionCatalogsModel                         : loaded 3 times (x 70B)
Class com.google.gson.internal.Excluder                                               : loaded 3 times (x 75B)
Class [Lcom.google.gson.FieldNamingStrategy;                                          : loaded 3 times (x 69B)
Class com.google.gson.ToNumberPolicy$1                                                : loaded 3 times (x 83B)
Class org.gradle.tooling.internal.adapter.ObjectGraphAdapter                          : loaded 3 times (x 70B)
Class com.android.ide.common.blame.SourceFilePosition                                 : loaded 3 times (x 72B)
Class com.android.build.api.artifact.Artifact$Replaceable                             : loaded 3 times (x 70B)
Class com.android.build.gradle.internal.services.TaskCreationServices                 : loaded 3 times (x 70B)
Class com.android.builder.model.SourceProvider                                        : loaded 3 times (x 70B)
Class com.android.utils.HelpfulEnumConverter                                          : loaded 3 times (x 92B)
Class com.android.build.api.dsl.ProductFlavor                                         : loaded 3 times (x 70B)
Class com.android.build.api.dsl.BaseFlavor                                            : loaded 3 times (x 70B)
Class org.jetbrains.kotlin.gradle.plugin.mpp.DefaultKotlinUsageContext                : loaded 3 times (x 93B)
Class org.jetbrains.kotlin.gradle.internal.properties.PropertiesBuildService$Companion: loaded 3 times (x 71B)
Class org.jetbrains.kotlin.gradle.dsl.KotlinJvmExtension                              : loaded 3 times (x 70B)
Class org.jetbrains.kotlin.gradle.plugin.KotlinMultiplatformPluginWrapper             : loaded 3 times (x 86B)
Class com.android.build.gradle.internal.services.AndroidLocationsBuildService$AndroidDirectoryCreator$Params: loaded 3 times (x 70B)
Class com.android.build.gradle.internal.services.Aapt2DaemonBuildService$RegistrationAction: loaded 3 times (x 74B)
Class com.android.build.gradle.internal.ide.dependencies.LibraryDependencyCacheBuildService$Parameters_Decorated: loaded 3 times (x 130B)
Class com.google.common.util.concurrent.AbstractFuture$UnsafeAtomicHelper             : loaded 3 times (x 78B)
Class com.android.build.gradle.internal.dsl.PrivacySandboxImpl$AgpDecorated_Decorated : loaded 3 times (x 126B)
Class com.android.build.gradle.internal.tasks.factory.TaskManagerConfig               : loaded 3 times (x 70B)
Class com.google.protobuf.AbstractMessageLite                                         : loaded 3 times (x 101B)
Class com.google.gson.internal.bind.TypeAdapters$12                                   : loaded 3 times (x 75B)
Class [Lcom.google.gson.ToNumberStrategy;                                             : loaded 3 times (x 69B)
Class com.android.build.gradle.options.ReplacedOption                                 : loaded 3 times (x 85B)
Class [Lcom.android.build.gradle.options.OptionalBooleanOption;                       : loaded 3 times (x 69B)
Class com.android.build.api.variant.CanMinifyAndroidResourcesBuilder                  : loaded 3 times (x 70B)
Class com.android.build.gradle.internal.dsl.Lockable                                  : loaded 3 times (x 70B)
Class com.android.tools.analytics.AnalyticsSettings                                   : loaded 3 times (x 71B)
Class [Lcom.android.tools.analytics.Environment$SystemProperty;                       : loaded 3 times (x 69B)
Class com.google.wireless.android.sdk.stats.InstantRunStatusOrBuilder                 : loaded 3 times (x 70B)
Class com.android.build.gradle.internal.dsl.CompileSdkProperties                      : loaded 3 times (x 70B)
Class com.android.build.gradle.internal.dsl.decorator.DslDecorator$Companion$privateLookupInMethod$2: loaded 3 times (x 78B)
Class com.android.build.gradle.internal.dsl.TestOptions                               : loaded 3 times (x 118B)
Class com.android.build.gradle.internal.CompileOptions                                : loaded 3 times (x 94B)
Class com.android.build.gradle.internal.dsl.BundleOptionsDeviceTier                   : loaded 3 times (x 81B)
Class org.jetbrains.kotlin.gradle.plugin.sources.KotlinSourceSetFactory$Companion     : loaded 3 times (x 71B)
Class [Lcom.android.prefs.Global;                                                     : loaded 3 times (x 69B)
Class com.android.build.gradle.internal.services.ConfigPhaseFileCreator               : loaded 3 times (x 70B)
Class com.android.build.gradle.internal.services.Aapt2ThreadPoolBuildService$Params_Decorated: loaded 3 times (x 130B)
Class com.android.build.gradle.options.Option                                         : loaded 3 times (x 70B)
Class com.google.wireless.android.sdk.stats.GradleBuildProfile$1                      : loaded 3 times (x 151B)
Class com.google.gson.internal.bind.TypeAdapters$13                                   : loaded 3 times (x 75B)
Class com.android.build.gradle.options.SyncOptions                                    : loaded 3 times (x 71B)
Class com.android.build.api.variant.HasTestFixtures                                   : loaded 3 times (x 70B)
Class com.google.protobuf.Descriptors$Descriptor                                      : loaded 3 times (x 76B)
Class com.google.gson.TypeAdapterFactory                                              : loaded 3 times (x 70B)
Class com.google.gson.internal.bind.JsonTreeReader                                    : loaded 3 times (x 98B)
Class com.android.tools.build.gradle.internal.profile.AnalyticsEnums                  : loaded 3 times (x 71B)
Class com.google.protobuf.DescriptorProtos$FileDescriptorProto                        : loaded 3 times (x 241B)
Class com.android.build.gradle.internal.dsl.ApplicationBuildFeaturesImpl              : loaded 3 times (x 120B)
Class [Lcom.android.build.api.artifact.Artifact$Category;                             : loaded 3 times (x 69B)
Class com.android.build.gradle.internal.dsl.KeepRulesImpl$AgpDecorated                : loaded 3 times (x 91B)
Class com.google.gson.internal.bind.TypeAdapters$30                                   : loaded 3 times (x 76B)
Class com.android.build.api.dsl.ApplicationPublishing                                 : loaded 3 times (x 70B)
Class com.android.utils.ILogger                                                       : loaded 3 times (x 70B)
Class org.jetbrains.kotlin.gradle.plugin.AndroidGradlePluginVersion$Companion         : loaded 3 times (x 71B)
Class com.google.protobuf.GeneratedMessageV3$Builder$BuilderParentImpl                : loaded 3 times (x 78B)
Class com.android.utils.NullLogger                                                    : loaded 3 times (x 85B)
Class com.google.gson.internal.bind.NumberTypeAdapter$1                               : loaded 3 times (x 76B)
Class com.google.gson.internal.bind.TypeAdapters$1                                    : loaded 3 times (x 75B)
Class com.google.gson.internal.bind.TypeAdapters$14                                   : loaded 3 times (x 75B)
Class org.jetbrains.kotlin.gradle.dsl.KotlinProjectExtension                          : loaded 3 times (x 122B)
Class org.jetbrains.kotlin.gradle.internal.properties.PropertiesBuildService$BooleanGradleProperty: loaded 3 times (x 76B)
Class com.android.builder.errors.IssueReporter                                        : loaded 3 times (x 73B)
Class org.gradle.accessors.dm.LibrariesForLibsInPluginsBlock$AndroidxEspressoLibraryAccessors: loaded 3 times (x 77B)
Class org.gradle.accessors.dm.LibrariesForLibs$AndroidxComposeUiLibraryAccessors      : loaded 3 times (x 85B)
Class org.jetbrains.kotlin.gradle.internal.diagnostics.GradleCompatibilityCheck       : loaded 3 times (x 71B)
Class org.jetbrains.kotlin.gradle.internal.properties.PropertiesBuildService$Params   : loaded 3 times (x 70B)
Class org.jetbrains.kotlin.gradle.internal.tasks.TaskWithLocalState                   : loaded 3 times (x 70B)
Class org.jetbrains.kotlin.gradle.utils.PersistentCachesKt                            : loaded 3 times (x 71B)
Class org.jetbrains.kotlin.gradle.internal.properties.NativePropertiesLoader$forceDisableRunningInProcess$1: loaded 3 times (x 75B)
Class com.android.build.gradle.internal.PropertiesValueSource$Params_Decorated        : loaded 3 times (x 130B)
Class com.android.build.gradle.internal.dsl.CompileSdkDelegate$compileSdk$2$1         : loaded 3 times (x 79B)
Class com.android.build.gradle.internal.services.FakeDependencyJarBuildService$FakeDependencyJarCreator$Params$Inject_: loaded 3 times (x 108B)
Class com.android.build.gradle.internal.dsl.SdkComponentsImpl$sdkDirectory$1          : loaded 3 times (x 75B)
Class com.android.build.gradle.api.AndroidArtifactVariant                             : loaded 3 times (x 70B)
Class com.android.build.gradle.internal.dsl.TestFixturesImpl                          : loaded 3 times (x 81B)
Class com.android.build.api.dsl.Installation                                          : loaded 3 times (x 70B)
Class org.jetbrains.kotlin.gradle.plugin.VariantImplementationFactories$Companion$getProvider$1: loaded 3 times (x 75B)
Class org.jetbrains.kotlin.gradle.plugin.internal.DefaultCompatibilityConventionRegistrar: loaded 3 times (x 74B)
Class org.jetbrains.kotlin.gradle.plugin.PropertiesProvider                           : loaded 3 times (x 73B)
Class org.jetbrains.kotlin.gradle.plugin.DefaultKotlinBasePlugin$addKotlinCompilerConfiguration$1: loaded 3 times (x 75B)
Class org.jetbrains.kotlin.gradle.plugin.mpp.KotlinAndroidTarget                      : loaded 3 times (x 159B)
Class com.android.build.gradle.internal.services.Aapt2DaemonBuildService$Parameters   : loaded 3 times (x 72B)
Class com.google.protobuf.SmallSortedMap$EmptySet$1                                   : loaded 3 times (x 81B)
Class org.jetbrains.kotlin.gradle.plugin.KotlinTargetComponent                        : loaded 3 times (x 70B)
Class com.android.build.gradle.internal.dsl.InternalBuildType                         : loaded 3 times (x 70B)
Class com.android.build.gradle.internal.dsl.SigningConfig                             : loaded 3 times (x 147B)
Class com.google.gson.internal.sql.SqlTypesSupport$1                                  : loaded 3 times (x 74B)
Class com.google.gson.internal.bind.TypeAdapters$2                                    : loaded 3 times (x 75B)
Class com.google.gson.internal.bind.TypeAdapters$15                                   : loaded 3 times (x 75B)
Class com.android.ide.common.signing.KeytoolException                                 : loaded 3 times (x 84B)
Class com.android.build.api.dsl.TestDefaultConfig                                     : loaded 3 times (x 70B)
Class com.android.build.gradle.internal.plugins.AndroidPluginBaseServices$androidProblemReporterProviderService$2$1: loaded 3 times (x 79B)
Class com.android.build.gradle.BaseExtension                                          : loaded 3 times (x 195B)
Class com.android.build.gradle.internal.plugins.VersionCheckPlugin$Companion          : loaded 3 times (x 71B)
Class org.jetbrains.kotlin.gradle.targets.native.UsesKonanPropertiesBuildService      : loaded 3 times (x 70B)
Class org.jetbrains.kotlin.gradle.utils.ProviderApiUtilsKt                            : loaded 3 times (x 71B)
Class org.jetbrains.kotlin.gradle.plugin.mpp.InternalKotlinTargetComponent            : loaded 3 times (x 93B)
Class org.jetbrains.kotlin.gradle.plugin.mpp.KotlinAndroidTarget$kotlinComponents$2   : loaded 3 times (x 79B)
Class com.android.build.gradle.internal.api.artifact.SourceArtifactType$ANDROID_RESOURCES: loaded 3 times (x 74B)
Class com.android.build.gradle.internal.dsl.decorator.SupportedPropertyType$Var$NullableInt: loaded 3 times (x 74B)
Class com.google.common.base.CaseFormat$StringConverter                               : loaded 3 times (x 90B)
Class com.android.build.gradle.internal.dsl.BaselineProfileImpl$AgpDecorated_Decorated: loaded 3 times (x 128B)
Class com.android.build.gradle.internal.dsl.AbstractPublishing                        : loaded 3 times (x 73B)
Class org.jetbrains.kotlin.gradle.plugin.mpp.KotlinAndroidTargetKt                    : loaded 3 times (x 71B)
Class org.jetbrains.kotlin.gradle.plugin.ProjectLocalConfigurations$setupAttributesMatchingStrategy$1$1: loaded 3 times (x 74B)
Class org.jetbrains.kotlin.gradle.targets.native.toolchain.KotlinNativeBundleBuildService$Companion$registerIfAbsent$2$1$1: loaded 3 times (x 75B)
Class org.jetbrains.kotlin.gradle.plugin.diagnostics.ProblemsReporter$Factory         : loaded 3 times (x 70B)
Class org.jetbrains.kotlin.gradle.plugin.KotlinCompilationToRunnableFiles             : loaded 3 times (x 70B)
Class com.google.protobuf.SmallSortedMap$EmptySet$2                                   : loaded 3 times (x 79B)
Class com.android.build.gradle.internal.profile.AnalyticsServiceApi                   : loaded 3 times (x 70B)
Class com.android.build.gradle.internal.core.dsl.features.DeviceTestOptionsDslInfo    : loaded 3 times (x 70B)
Class com.google.wireless.android.sdk.stats.GradleBuildProfileOrBuilder               : loaded 3 times (x 70B)
Class com.google.gson.internal.sql.SqlTypesSupport$2                                  : loaded 3 times (x 74B)
Class com.google.gson.internal.bind.TypeAdapters$16                                   : loaded 3 times (x 75B)
Class com.google.gson.internal.bind.TypeAdapters$3                                    : loaded 3 times (x 75B)
Class com.android.build.api.variant.HasAndroidTest                                    : loaded 3 times (x 70B)
Class org.gradle.accessors.dm.LibrariesForLibsInPluginsBlock$AndroidxComposeLibraryAccessors: loaded 3 times (x 79B)
Class com.android.build.api.AndroidPluginVersion                                      : loaded 3 times (x 75B)
Class kotlin.NoWhenBranchMatchedException                                             : loaded 3 times (x 82B)
Class org.gradle.tooling.model.BuildIdentifier                                        : loaded 3 times (x 70B)
Class org.jetbrains.kotlin.idea.gradleTooling.KotlinMPPGradleModel                    : loaded 3 times (x 70B)
Class com.android.build.api.variant.ApplicationAndroidComponentsExtension             : loaded 3 times (x 70B)
Class com.android.build.gradle.internal.dsl.BundleOptionsDeviceGroup$AgpDecorated_Decorated: loaded 3 times (x 130B)
Class com.android.build.gradle.internal.dsl.TestOptions$UnitTestOptions_Decorated     : loaded 3 times (x 130B)
Class com.android.build.gradle.internal.api.artifact.SourceArtifactType$KOTLIN_SOURCES: loaded 3 times (x 74B)
Class com.android.build.api.dsl.LibraryPublishing                                     : loaded 3 times (x 70B)
Class com.android.build.api.dsl.ApplicationBuildType                                  : loaded 3 times (x 70B)
Class org.jetbrains.kotlin.gradle.internal.ClassLoadersCachingBuildService$Companion$registerIfAbsent$1: loaded 3 times (x 75B)
Class org.jetbrains.kotlin.gradle.plugin.UsesKotlinGradleBuildServices                : loaded 3 times (x 70B)
Class org.jetbrains.kotlin.gradle.plugin.KotlinGradleBuildServices$Parameters_Decorated: loaded 3 times (x 130B)
Class org.jetbrains.kotlin.gradle.plugin.DefaultKotlinBasePlugin$addKotlinCompilerConfiguration$3: loaded 3 times (x 75B)
Class org.jetbrains.kotlin.gradle.internal.IdeaKt                                     : loaded 3 times (x 71B)
Class com.android.build.gradle.internal.SdkComponentsBuildService$Parameters_Decorated: loaded 3 times (x 151B)
Class [Lcom.google.protobuf.Internal$EnumLiteMap;                                     : loaded 3 times (x 69B)
Class com.google.protobuf.DescriptorProtos$FeatureSetOrBuilder                        : loaded 3 times (x 70B)
Class com.google.protobuf.SingleFieldBuilderV3                                        : loaded 3 times (x 84B)
Class com.google.protobuf.IterableByteBufferInputStream                               : loaded 3 times (x 92B)
Class com.google.gson.internal.bind.TypeAdapters$17                                   : loaded 3 times (x 75B)
Class com.google.gson.internal.bind.TypeAdapters$4                                    : loaded 3 times (x 75B)
Class com.google.common.collect.Maps$EntryTransformer                                 : loaded 3 times (x 70B)
Class com.android.build.gradle.internal.component.TaskCreationConfig                  : loaded 3 times (x 70B)
Class com.android.build.gradle.internal.services.DslServicesImpl                      : loaded 3 times (x 99B)
Class org.gradle.accessors.dm.LibrariesForLibs$AndroidxCoreLibraryAccessors           : loaded 3 times (x 77B)
Class com.android.build.api.extension.impl.VariantApiOperationsRegistrar              : loaded 3 times (x 72B)
Class com.android.build.gradle.internal.dsl.DependenciesInfoImpl$AgpDecorated_Decorated: loaded 3 times (x 130B)
Class [Lcom.android.build.gradle.options.SyncOptions$EvaluationMode;                  : loaded 3 times (x 69B)
Class org.gradle.internal.time.MonotonicClock                                         : loaded 3 times (x 77B)
Class org.gradle.tooling.internal.adapter.TargetTypeProvider                          : loaded 3 times (x 70B)
Class com.google.gson.internal.bind.NumberTypeAdapter                                 : loaded 3 times (x 74B)
Class com.android.build.gradle.internal.dsl.DependenciesInfoImpl$AgpDecorated         : loaded 3 times (x 84B)
Class com.android.build.gradle.internal.coverage.JacocoOptions_Decorated              : loaded 3 times (x 130B)
Class com.android.build.gradle.internal.profile.AnalyticsUtil                         : loaded 3 times (x 71B)
Class com.android.prefs.Global                                                        : loaded 3 times (x 80B)
Class org.jetbrains.kotlin.gradle.utils.StoredLazyProperty                            : loaded 3 times (x 75B)
Class com.android.build.gradle.internal.dsl.DexOptions_Decorated                      : loaded 3 times (x 156B)
Class com.android.build.api.dsl.LintOptions                                           : loaded 3 times (x 70B)
Class com.android.build.api.dsl.BuildFeatures                                         : loaded 3 times (x 70B)
Class com.android.build.gradle.api.BaseVariantOutput                                  : loaded 3 times (x 70B)
Class com.android.build.api.dsl.AndroidSourceDirectorySet                             : loaded 3 times (x 70B)
Class [Lcom.android.resources.ResourceEnum;                                           : loaded 3 times (x 69B)
Class com.android.builder.model.ApiVersion                                            : loaded 3 times (x 70B)
Class org.jetbrains.kotlin.gradle.plugin.mpp.KotlinUsageContext$MavenScope            : loaded 3 times (x 79B)
Class com.android.build.gradle.internal.plugins.BasePlugin$dslServices$2$1            : loaded 3 times (x 79B)
Class com.google.protobuf.NioByteString                                               : loaded 3 times (x 104B)
Class com.google.protobuf.DescriptorProtos$DescriptorProtoOrBuilder                   : loaded 3 times (x 70B)
Class com.android.build.gradle.internal.dsl.CompileSdkSpecImpl$AgpDecorated_Decorated : loaded 3 times (x 135B)
Class com.google.protobuf.FieldSet$FieldDescriptorLite                                : loaded 3 times (x 70B)
Class com.google.protobuf.ExtensionLite                                               : loaded 3 times (x 77B)
Class com.google.gson.internal.bind.SerializationDelegatingTypeAdapter                : loaded 3 times (x 74B)
Class com.google.gson.internal.bind.TypeAdapters$18                                   : loaded 3 times (x 75B)
Class com.google.gson.internal.bind.TypeAdapters$5                                    : loaded 3 times (x 75B)
Class com.android.build.api.variant.HasTestSuites                                     : loaded 3 times (x 70B)
Class com.android.build.api.variant.HasTestFixturesBuilder                            : loaded 3 times (x 70B)
Class com.android.build.gradle.internal.core.SettingsOptions                          : loaded 3 times (x 72B)
Class org.jetbrains.kotlin.compose.compiler.gradle.ComposeCompilerGradleSubplugin$Companion: loaded 3 times (x 71B)
Class org.jetbrains.kotlin.gradle.internal.CompilerArgumentAware                      : loaded 3 times (x 70B)
Class com.android.build.api.dsl.TestBuildType                                         : loaded 3 times (x 70B)
Class com.android.build.api.dsl.DexPackaging                                          : loaded 3 times (x 70B)
Class com.android.build.gradle.internal.dsl.TargetSdkSpecImpl                         : loaded 3 times (x 81B)
Class com.android.build.gradle.internal.api.artifact.SourceArtifactType$SHADERS       : loaded 3 times (x 74B)
Class com.android.build.gradle.internal.dsl.SigningConfig$AgpDecorated_Decorated      : loaded 3 times (x 201B)
Class com.android.build.gradle.internal.dsl.CompileSdkReleaseSpecImpl$AgpDecorated    : loaded 3 times (x 85B)
Class com.android.build.gradle.internal.PropertiesValueSource$Params                  : loaded 3 times (x 70B)
Class org.jetbrains.plugins.gradle.model.GradleExtensions                             : loaded 3 times (x 70B)
Class com.android.build.gradle.internal.tasks.factory.GlobalTaskCreationConfigImpl$buildToolsRevision$2: loaded 3 times (x 79B)
Class com.android.build.gradle.internal.dsl.LintImpl$severities$2                     : loaded 3 times (x 79B)
Class com.android.build.gradle.internal.api.artifact.SourceArtifactType$AIDL          : loaded 3 times (x 74B)
Class com.android.build.gradle.internal.api.DefaultAndroidSourceFile                  : loaded 3 times (x 88B)
Class com.android.build.api.dsl.CmakeFlags                                            : loaded 3 times (x 70B)
Class com.android.build.gradle.internal.dsl.KeepRulesImpl                             : loaded 3 times (x 86B)
Class org.jetbrains.kotlin.gradle.internal.properties.NativePropertiesLoader$nativeCacheKind$1: loaded 3 times (x 75B)
Class [Lorg.jetbrains.kotlin.build.report.metrics.ValueType;                          : loaded 3 times (x 69B)
Class org.jetbrains.kotlin.gradle.internal.diagnostics.AgpCompatibilityCheck          : loaded 3 times (x 71B)
Class com.google.protobuf.UnsafeUtil                                                  : loaded 3 times (x 71B)
Class com.google.protobuf.DescriptorProtos$FileDescriptorProto$1                      : loaded 3 times (x 151B)
Class com.google.wireless.android.sdk.stats.GradleBuildProject$CompileOptions         : loaded 3 times (x 199B)
Class com.google.wireless.android.sdk.stats.GradleProjectOptionsSettingsOrBuilder     : loaded 3 times (x 70B)
Class org.jetbrains.plugins.gradle.model.AnnotationProcessingModel                    : loaded 3 times (x 70B)
Class com.android.build.gradle.internal.errors.SyncIssueReporterImpl$GlobalSyncIssueService$RegistrationAction: loaded 3 times (x 74B)
Class com.android.build.gradle.internal.services.GlobalServiceRegistrationAction$execute$globalService$1: loaded 3 times (x 75B)
Class com.android.build.gradle.internal.utils.AnalyticsSettingsUtils                  : loaded 3 times (x 71B)
Class com.google.gson.internal.bind.ReflectiveTypeAdapterFactory$FieldReflectionAdapter: loaded 3 times (x 77B)
Class com.google.gson.internal.bind.TypeAdapters$19                                   : loaded 3 times (x 75B)
Class com.google.gson.internal.bind.TypeAdapters$6                                    : loaded 3 times (x 75B)
Class com.android.ide.common.blame.Message$Kind                                       : loaded 3 times (x 79B)
Class com.android.build.gradle.internal.plugins.KotlinMultiplatformAndroidPlugin      : loaded 3 times (x 81B)
Class com.android.build.gradle.internal.plugins.BasePlugin$lintDslLifecycleRegistrar$2: loaded 3 times (x 79B)
Class com.android.build.api.variant.HasHostTestsBuilder                               : loaded 3 times (x 70B)
Class com.android.build.api.variant.ComponentBuilder                                  : loaded 3 times (x 70B)
Class com.android.build.api.dsl.SettingsExtension                                     : loaded 3 times (x 70B)
Class com.android.build.api.dsl.CommonExtension                                       : loaded 3 times (x 70B)
Class com.android.build.gradle.internal.dsl.CompileSdkReleaseSpecImpl$AgpDecorated_Decorated: loaded 3 times (x 130B)
Class org.jetbrains.plugins.gradle.model.DependencyAccessorsModel                     : loaded 3 times (x 70B)
Class org.gradle.accessors.dm.LibrariesForLibsInPluginsBlock$AndroidxLibraryAccessors : loaded 3 times (x 82B)
Class com.android.build.gradle.internal.plugins.AppPlugin$ApplicationAndroidComponentsExtensionImplCompat: loaded 3 times (x 114B)
Class com.android.build.gradle.internal.plugins.BasePlugin$taskManagerConfig$2        : loaded 3 times (x 79B)
Class com.android.build.gradle.options.ProjectOptionService$Inject_                   : loaded 3 times (x 97B)
Class com.android.build.gradle.options.HasFutureStage                                 : loaded 3 times (x 70B)
Class com.google.gson.internal.bind.JsonAdapterAnnotationTypeAdapterFactory           : loaded 3 times (x 75B)
Class com.android.build.gradle.options.FeatureStage$Enforced                          : loaded 3 times (x 72B)
Class com.android.build.gradle.internal.dsl.CoreExternalNativeBuildOptions            : loaded 3 times (x 70B)
Class org.jetbrains.kotlin.gradle.targets.native.KonanPropertiesBuildService$Parameters: loaded 3 times (x 70B)
Class org.jetbrains.kotlin.gradle.internal.IsInIdeaSyncValueSource$Inject_            : loaded 3 times (x 109B)
Class org.jetbrains.kotlin.gradle.plugin.internal.CompatibilityConventionRegistrar$Factory: loaded 3 times (x 70B)
Class com.google.protobuf.Descriptors$EnumValueDescriptor                             : loaded 3 times (x 79B)
Class com.android.utils.DateProvider                                                  : loaded 3 times (x 70B)
Class com.android.build.gradle.internal.utils.AnalyticsEnabledValueSource$Params      : loaded 3 times (x 70B)
Class com.google.gson.internal.bind.TypeAdapters$7                                    : loaded 3 times (x 75B)
Class com.google.gson.internal.$Gson$Preconditions                                    : loaded 3 times (x 71B)
Class com.android.build.api.variant.HasHostTests                                      : loaded 3 times (x 70B)
Class org.jetbrains.plugins.gradle.model.RepositoryModels                             : loaded 3 times (x 70B)
Class com.android.build.gradle.internal.dependency.GenericTransformParameters         : loaded 3 times (x 70B)
Class com.android.build.gradle.internal.scope.InternalArtifactType                    : loaded 3 times (x 74B)
Class com.android.build.gradle.internal.dsl.SdkComponentsImpl$adb$1                   : loaded 3 times (x 75B)
Class com.android.build.gradle.internal.dsl.ManagedVirtualDeviceFactory               : loaded 3 times (x 75B)
Class com.android.build.gradle.internal.dsl.ManagedVirtualDevice                      : loaded 3 times (x 121B)
Class com.android.build.gradle.internal.api.AndroidSourceSetName                      : loaded 3 times (x 72B)
Class org.objectweb.asm.commons.InstructionAdapter                                    : loaded 3 times (x 188B)
Class com.android.build.api.dsl.BundleAbi                                             : loaded 3 times (x 70B)
Class org.jetbrains.kotlin.gradle.dsl.KotlinGradlePluginDsl                           : loaded 3 times (x 70B)
Class org.jetbrains.kotlin.tooling.core.MutableExtras                                 : loaded 3 times (x 70B)
Class com.android.build.gradle.internal.res.Aapt2FromMaven                            : loaded 3 times (x 72B)
Class org.jetbrains.kotlin.gradle.plugin.KotlinGradleBuildServices$detectKotlinPluginLoadedInMultipleProjects$onRegister$1: loaded 3 times (x 79B)
Class com.android.build.gradle.internal.services.BuiltInKotlinServicesKt$failIfIncompatiblePluginsArePresent$1: loaded 3 times (x 74B)
Class com.android.build.gradle.internal.services.LintClassLoaderBuildService          : loaded 3 times (x 80B)
Class com.google.gson.internal.bind.CollectionTypeAdapterFactory$Adapter              : loaded 3 times (x 74B)
Class com.google.gson.internal.bind.TypeAdapters$8                                    : loaded 3 times (x 75B)
Class com.android.build.gradle.internal.res.Aapt2FromMaven$Companion                  : loaded 3 times (x 71B)
Class com.android.build.gradle.options.ProjectOptionService$RegistrationAction        : loaded 3 times (x 74B)
Class com.android.build.api.variant.ApplicationVariantBuilder                         : loaded 3 times (x 70B)
Class com.android.build.gradle.internal.services.DslServices                          : loaded 3 times (x 70B)
Class com.android.build.gradle.internal.utils.AnalyticsEnabledValueSource$Params_Decorated: loaded 3 times (x 130B)
Class com.android.build.gradle.internal.utils.AnalyticsEnabledValueSource$Inject_     : loaded 3 times (x 109B)
Class org.gradle.internal.time.TimeSource                                             : loaded 3 times (x 70B)
Class org.gradle.tooling.model.kotlin.dsl.KotlinDslScriptsModel                       : loaded 3 times (x 70B)
Class com.android.build.gradle.internal.profile.AnalyticsService$Params               : loaded 3 times (x 70B)
Class com.google.wireless.android.sdk.stats.GradleBuildMemorySample$Builder           : loaded 3 times (x 303B)
Class com.android.builder.signing.DefaultSigningConfig$DebugSigningConfig             : loaded 3 times (x 72B)
Class com.android.build.gradle.internal.core.dsl.impl.features.DeviceTestOptionsDslInfoImpl: loaded 3 times (x 84B)
Class com.android.build.gradle.internal.core.dsl.features.TestOptionsDslInfo          : loaded 3 times (x 70B)
Class com.android.build.gradle.internal.dsl.DexPackagingImpl$AgpDecorated             : loaded 3 times (x 83B)
Class com.android.build.gradle.internal.dsl.BundleOptionsDensity$AgpDecorated         : loaded 3 times (x 81B)
Class com.android.build.VariantOutput                                                 : loaded 3 times (x 70B)
Class com.android.build.api.artifact.Artifact$Single                                  : loaded 3 times (x 74B)
Class com.android.build.api.dsl.Optimization                                          : loaded 3 times (x 70B)
Class com.android.build.gradle.internal.dsl.DependenciesInfoImpl                      : loaded 3 times (x 81B)
Class com.android.build.api.dsl.TestProductFlavor                                     : loaded 3 times (x 70B)
Class com.android.build.gradle.internal.services.BuiltInKotlinServicesKt$initBuiltInKaptSupportIfRequired$1: loaded 3 times (x 75B)
Class org.jetbrains.kotlin.gradle.plugin.KotlinPluginLifecycle$IllegalLifecycleException: loaded 3 times (x 82B)
Class org.jetbrains.kotlin.gradle.internal.properties.NativePropertiesLoader$userProvidedNativeHome$1: loaded 3 times (x 75B)
Class [Lorg.jetbrains.kotlin.build.report.metrics.BuildPerformanceMetric;             : loaded 3 times (x 69B)
Class org.jetbrains.kotlin.gradle.plugin.KotlinGradleFinishBuildHandler               : loaded 3 times (x 72B)
Class org.jetbrains.kotlin.gradle.dsl.KotlinTopLevelExtension                         : loaded 3 times (x 70B)
Class com.android.build.gradle.internal.services.BuiltInKotlinServicesKt$failIfIncompatiblePluginsArePresent$2: loaded 3 times (x 74B)
Class com.android.build.gradle.internal.services.AndroidLocationsBuildService$AndroidDirectoryCreator$Params$Inject_: loaded 3 times (x 108B)
Class com.android.prefs.LocationValue                                                 : loaded 3 times (x 70B)
Class com.android.tools.analytics.HostData$threadBean$2                               : loaded 3 times (x 78B)
Class com.android.build.gradle.internal.res.Aapt2FromMaven$Companion$DefaultAapt2Version: loaded 3 times (x 71B)
Class com.google.gson.internal.bind.TypeAdapters$9                                    : loaded 3 times (x 75B)
Class com.android.build.gradle.internal.profile.AnalyticsConfiguratorService$createAnalyticsService$1: loaded 3 times (x 75B)
Class com.google.protobuf.DescriptorProtos$ServiceDescriptorProto                     : loaded 3 times (x 205B)
Class com.android.build.gradle.internal.plugins.DynamicFeaturePlugin                  : loaded 3 times (x 96B)
Class com.android.build.gradle.internal.ide.dependencies.MavenCoordinatesCacheBuildService$Parameters_Decorated: loaded 3 times (x 130B)
Class org.jetbrains.kotlin.gradle.plugin.sources.android.AndroidVariantType           : loaded 3 times (x 79B)
Class org.jetbrains.kotlin.gradle.internal.diagnostics.KotlinCompilerEmbeddableCheck  : loaded 3 times (x 71B)
Class org.gradle.tooling.internal.gradle.GradleBuildIdentity                          : loaded 3 times (x 70B)
Class kotlin.enums.EnumEntries                                                        : loaded 3 times (x 70B)
Class com.android.build.gradle.internal.core.SettingsOptionsKt                        : loaded 3 times (x 71B)
Class com.android.build.gradle.internal.dsl.BundleOptionsCodeTransparency$AgpDecorated: loaded 3 times (x 81B)
Class com.android.build.gradle.internal.api.artifact.SourceArtifactType$JAVA_RESOURCES: loaded 3 times (x 74B)
Class com.android.build.gradle.api.AndroidSourceFile                                  : loaded 3 times (x 70B)
Class org.objectweb.asm.commons.LocalVariablesSorter                                  : loaded 3 times (x 110B)
Class com.android.build.api.dsl.ViewBinding                                           : loaded 3 times (x 70B)
Class com.android.build.gradle.internal.dsl.DexPackagingImpl                          : loaded 3 times (x 70B)
Class com.android.build.gradle.internal.dsl.AssetPackBundleExtensionImpl              : loaded 3 times (x 70B)
Class com.android.build.gradle.internal.dsl.decorator.SupportedPropertyType$Var$String: loaded 3 times (x 74B)
Class org.jetbrains.kotlin.gradle.plugin.PropertiesProvider$localProperties$2         : loaded 3 times (x 79B)
Class com.android.build.gradle.internal.services.BuiltInKotlinServicesKt$failIfIncompatiblePluginsArePresent$3: loaded 3 times (x 74B)
Class com.android.build.gradle.internal.services.BuiltInKotlinServices$AvailabilityReason: loaded 3 times (x 70B)
Class com.android.prefs.PathLocator                                                   : loaded 3 times (x 73B)
Class com.google.wireless.android.sdk.stats.GradleBuildProfileSpan$1                  : loaded 3 times (x 151B)
Class com.google.protobuf.WireFormat                                                  : loaded 3 times (x 71B)
Class org.jetbrains.kotlin.gradle.plugin.KotlinBaseApiPlugin$kaptExtension$2          : loaded 3 times (x 79B)
Class com.android.tools.analytics.AnalyticsSettingsData$DataTypeAdapter               : loaded 3 times (x 73B)
Class com.google.gson.JsonParseException                                              : loaded 3 times (x 82B)
Class org.jetbrains.kotlin.gradle.internal.properties.PropertiesBuildService$IntGradleProperty: loaded 3 times (x 76B)
Class org.jetbrains.kotlin.gradle.plugin.VariantImplementationFactories               : loaded 3 times (x 75B)
Class org.jetbrains.kotlin.gradle.utils.WhenPluginEnabledKt                           : loaded 3 times (x 71B)
Class org.jetbrains.kotlin.gradle.plugin.mpp.KotlinVariant                            : loaded 3 times (x 101B)
Class org.jetbrains.kotlin.gradle.plugin.mpp.KotlinTargetSoftwareComponent            : loaded 3 times (x 89B)
Class org.gradle.internal.exceptions.ResolutionProvider                               : loaded 3 times (x 70B)
Class com.android.build.api.dsl.ApplicationVariantDimension                           : loaded 3 times (x 70B)
Class com.android.build.gradle.internal.lint.LintTaskManager$createBeforeEvaluateLintTasks$1: loaded 3 times (x 75B)
Class com.android.build.gradle.internal.lint.LintTaskManager$Companion                : loaded 3 times (x 71B)
Class com.android.build.gradle.internal.crash.ExternalApiUsageException               : loaded 3 times (x 82B)
Class [Lcom.android.build.api.variant.ScopedArtifacts$Scope;                          : loaded 3 times (x 69B)
Class com.android.build.gradle.api.ApplicationVariant                                 : loaded 3 times (x 70B)
Class com.android.build.gradle.internal.dsl.BundleOptionsCountrySet$AgpDecorated      : loaded 3 times (x 85B)
Class com.android.build.gradle.internal.dsl.EmulatorControl$AgpDecorated              : loaded 3 times (x 88B)
Class com.android.build.api.dsl.MinSdkSpec                                            : loaded 3 times (x 70B)
Class com.android.build.gradle.internal.dsl.JUnitEngineSpecImpl                       : loaded 3 times (x 84B)
Class com.android.build.gradle.internal.dsl.ApplicationPublishingImpl                 : loaded 3 times (x 81B)
Class org.jetbrains.kotlin.gradle.utils.WhenPluginEnabledKt$whenPluginsEnabled$1      : loaded 3 times (x 75B)
Class [Lorg.jetbrains.kotlin.gradle.report.BuildReportType;                           : loaded 3 times (x 69B)
Class org.jetbrains.kotlin.gradle.internal.properties.PropertiesBuildService$localProperties$2: loaded 3 times (x 79B)
Class org.jetbrains.kotlin.gradle.tasks.AbstractKotlinCompileTool                     : loaded 3 times (x 363B)
Class com.android.build.gradle.internal.errors.IncompatibleProjectOptionsReporter     : loaded 3 times (x 71B)
Class com.google.protobuf.DescriptorProtos$EnumDescriptorProto$Builder                : loaded 3 times (x 314B)
Class com.android.build.gradle.internal.profile.AnalyticsService$Params_Decorated     : loaded 3 times (x 151B)
Class com.google.wireless.android.sdk.stats.GradleBuildVariantOrBuilder               : loaded 3 times (x 70B)
Class com.android.sdklib.AndroidVersion                                               : loaded 3 times (x 75B)
Class com.android.build.api.variant.GeneratesApkBuilder                               : loaded 3 times (x 70B)
Class com.android.Version                                                             : loaded 3 times (x 71B)
Class org.gradle.tooling.model.ProjectIdentifier                                      : loaded 3 times (x 70B)
Class com.android.build.api.dsl.TestVariantDimension                                  : loaded 3 times (x 70B)
Class com.android.build.gradle.internal.dsl.ProductFlavorFactory                      : loaded 3 times (x 77B)
Class com.android.build.gradle.internal.dsl.BundleOptionsDeviceGroup                  : loaded 3 times (x 81B)
Class com.android.build.gradle.internal.dsl.Splits                                    : loaded 3 times (x 81B)
Class com.google.common.base.Charsets                                                 : loaded 3 times (x 71B)
Class com.android.build.gradle.internal.dsl.ApplicationPublishingImpl$AgpDecorated_Decorated: loaded 3 times (x 130B)
Class com.android.build.api.dsl.ComposeOptions                                        : loaded 3 times (x 70B)
Class com.android.build.gradle.internal.dsl.NdkOptions$DebugSymbolLevel               : loaded 3 times (x 79B)
Class com.android.build.api.dsl.VectorDrawables                                       : loaded 3 times (x 70B)
Class com.android.build.gradle.internal.dsl.ViewBindingOptionsImpl                    : loaded 3 times (x 84B)
Class com.android.build.gradle.internal.dsl.ResourcesPackagingImpl                    : loaded 3 times (x 82B)
Class com.android.build.gradle.internal.dsl.BundleOptions                             : loaded 3 times (x 135B)
Class com.android.build.gradle.internal.services.BuiltInKotlinServicesKt$initBuiltInKotlinSupportIfRequired$3: loaded 3 times (x 75B)
Class org.jetbrains.kotlin.gradle.dsl.JvmTarget$Companion                             : loaded 3 times (x 71B)
Class org.jetbrains.kotlin.gradle.internal.properties.NativePropertiesLoader$downloadFromMaven$1: loaded 3 times (x 75B)
Class org.jetbrains.kotlin.gradle.plugin.mpp.KotlinUsages$KotlinMetadataDisambiguation: loaded 3 times (x 76B)
Class com.android.build.gradle.internal.SdkComponentsBuildService$Parameters          : loaded 3 times (x 70B)
Class com.android.build.gradle.internal.services.AndroidLocationsBuildService$androidLocations$1$1: loaded 3 times (x 75B)
Class com.google.wireless.android.sdk.stats.GradleBuildProfileSpan$Builder            : loaded 3 times (x 316B)
Class com.google.protobuf.DescriptorProtos$EnumDescriptorProto                        : loaded 3 times (x 214B)
Class org.jetbrains.kotlin.gradle.plugin.mpp.KotlinAndroidTargetVariantDsl            : loaded 3 times (x 70B)
Class com.android.build.gradle.options.FeatureStage$Supported                         : loaded 3 times (x 72B)
Class com.google.common.util.concurrent.MoreExecutors                                 : loaded 3 times (x 71B)
Class com.android.builder.model.v2.ide.ProjectType                                    : loaded 3 times (x 79B)
Class com.android.build.api.dsl.ApplicationBuildFeatures                              : loaded 3 times (x 70B)
Class com.android.build.api.artifact.impl.ArtifactsImpl$1                             : loaded 3 times (x 78B)
Class com.android.build.gradle.internal.dsl.BuildType$AgpDecorated_Decorated          : loaded 3 times (x 441B)
Class com.android.build.gradle.internal.tasks.BaseTask                                : loaded 3 times (x 318B)
Class com.android.build.gradle.internal.plugins.BasePlugin$createTasks$2              : loaded 3 times (x 77B)
Class com.android.build.gradle.internal.dsl.BaseAppModuleExtensionInternal            : loaded 3 times (x 465B)
Class com.android.build.gradle.internal.TaskManager$ConfigAttrTask                    : loaded 3 times (x 312B)
Class com.android.builder.core.AbstractBuildType$Companion                            : loaded 3 times (x 71B)
Class com.android.builder.testing.api.TestServer                                      : loaded 3 times (x 74B)
Class com.android.build.gradle.internal.dsl.ShaderOptions_Decorated                   : loaded 3 times (x 131B)
Class com.android.build.api.dsl.KmpOptimization                                       : loaded 3 times (x 70B)
Class com.android.build.gradle.internal.dsl.decorator.SupportedPropertyType$Var       : loaded 3 times (x 74B)
Class com.android.builder.signing.DefaultSigningConfig                                : loaded 3 times (x 109B)
Class org.jetbrains.kotlin.gradle.plugin.internal.DefaultProjectIsolationStartParameterAccessor: loaded 3 times (x 77B)
Class org.jetbrains.kotlin.gradle.utils.GradleConfigurationUtilsKt$addGradlePluginMetadataAttributes$1: loaded 3 times (x 75B)
Class org.jetbrains.kotlin.gradle.plugin.KaptExtension                                : loaded 3 times (x 136B)
Class org.jetbrains.kotlin.gradle.dsl.KotlinAndroidExtension                          : loaded 3 times (x 70B)
Class org.jetbrains.kotlin.gradle.plugin.AbstractKotlinMultiplatformPluginWrapper     : loaded 3 times (x 86B)
Class com.android.build.gradle.internal.services.LintClassLoaderBuildService$RegistrationAction: loaded 3 times (x 74B)
Class com.android.build.gradle.internal.utils.GradleEnvironmentProvider               : loaded 3 times (x 70B)
Class [Lcom.google.wireless.android.sdk.stats.GradleBuildProfileSpan$ExecutionType;   : loaded 3 times (x 69B)
Class com.google.protobuf.SmallSortedMap$EmptySet                                     : loaded 3 times (x 71B)
Class com.google.protobuf.ByteString$2                                                : loaded 3 times (x 91B)
Class com.android.build.gradle.internal.dsl.AgpExperimentalApiOptInRequiredException  : loaded 3 times (x 82B)
Class com.android.tools.analytics.HostData$garbageCollectorBeans$2                    : loaded 3 times (x 78B)
Class com.android.build.gradle.internal.utils.AnalyticsSettingsUtils$analyticsEnabledProvider$1: loaded 3 times (x 74B)
Class [Lcom.android.build.gradle.internal.core.Abi;                                   : loaded 3 times (x 69B)
Class com.android.utils.Environment$Companion$SYSTEM$1                                : loaded 3 times (x 74B)
Class com.android.build.gradle.internal.TaskManager                                   : loaded 3 times (x 82B)
Class com.android.build.gradle.AppPluginKt                                            : loaded 3 times (x 71B)
Class org.gradle.accessors.dm.LibrariesForLibsInPluginsBlock$AndroidxLifecycleRuntimeLibraryAccessors: loaded 3 times (x 77B)
Class com.android.build.gradle.internal.component.PublishableCreationConfig           : loaded 3 times (x 70B)
Class com.android.build.gradle.internal.plugins.BasePlugin$variantFactory$2           : loaded 3 times (x 79B)
Class com.android.build.gradle.options.FeatureStage                                   : loaded 3 times (x 72B)
Class org.gradle.internal.time.TimeSource$1                                           : loaded 3 times (x 77B)
Class kotlin.jvm.internal.DefaultConstructorMarker                                    : loaded 3 times (x 71B)
Class com.android.ide.common.repository.AgpVersion$PreviewKind                        : loaded 3 times (x 79B)
Class com.android.build.gradle.internal.profile.AnalyticsConfiguratorService$Params$Inject_: loaded 3 times (x 106B)
Class com.android.builder.core.AbstractProductFlavor$Companion                        : loaded 3 times (x 71B)
Class com.android.build.gradle.internal.tasks.factory.TaskConfigAction                : loaded 3 times (x 70B)
Class com.android.build.gradle.internal.dsl.AndroidTestImpl$AgpDecorated_Decorated    : loaded 3 times (x 125B)
Class com.android.build.gradle.internal.ide.v2.NativeModelBuilder$configurationModels$2: loaded 3 times (x 79B)
Class com.android.build.api.artifact.impl.ScopedArtifactsImpl                         : loaded 3 times (x 75B)
Class com.android.build.api.artifact.impl.ArtifactsImpl                               : loaded 3 times (x 81B)
Class com.android.build.gradle.internal.core.ToolExecutionOptions                     : loaded 3 times (x 72B)
Class com.android.build.gradle.LintLifecycleExtensionImpl                             : loaded 3 times (x 80B)
Class com.android.build.gradle.internal.api.artifact.SourceArtifactType$JNI_LIBS      : loaded 3 times (x 74B)
Class com.android.build.gradle.internal.dsl.CoreShaderOptions                         : loaded 3 times (x 70B)
Class com.android.build.gradle.internal.dsl.decorator.SupportedPropertyType$Var$Custom: loaded 3 times (x 74B)
Class com.android.build.gradle.internal.dsl.AgpDslLockedException                     : loaded 3 times (x 82B)
Class com.android.build.gradle.internal.plugins.BasePlugin$variantInputModel$2$1      : loaded 3 times (x 79B)
Class org.jetbrains.kotlin.gradle.targets.native.toolchain.KotlinNativeBundleBuildService$Companion$registerIfAbsent$2$1: loaded 3 times (x 79B)
Class org.jetbrains.kotlin.build.report.metrics.GradleBuildPerformanceMetric$Companion: loaded 3 times (x 71B)
Class org.jetbrains.kotlin.gradle.plugin.internal.MavenPublicationComponentAccessor$Factory: loaded 3 times (x 70B)
Class com.android.build.gradle.internal.services.Aapt2DaemonBuildService              : loaded 3 times (x 80B)
Class com.android.build.gradle.internal.ide.v2.GlobalSyncService                      : loaded 3 times (x 80B)
Class [Lcom.google.protobuf.ProtocolMessageEnum;                                      : loaded 3 times (x 69B)
Class com.google.protobuf.LazyStringArrayList                                         : loaded 3 times (x 314B)
Class com.android.build.gradle.internal.scope.ProjectInfo                             : loaded 3 times (x 72B)
Class com.google.gson.internal.sql.SqlDateTypeAdapter                                 : loaded 3 times (x 74B)
Class com.android.build.api.dsl.VcsInfo                                               : loaded 3 times (x 70B)
Class com.android.build.api.variant.HasAndroidResources                               : loaded 3 times (x 70B)
Class com.android.build.gradle.internal.component.VariantCreationConfig               : loaded 3 times (x 70B)
Class com.android.build.api.variant.VariantBuilder                                    : loaded 3 times (x 70B)
Class com.android.build.gradle.internal.dsl.InternalApplicationExtension              : loaded 3 times (x 70B)
Class com.android.build.gradle.internal.model.CoreCmakeOptions                        : loaded 3 times (x 70B)
Class com.android.tools.analytics.CommonMetricsData                                   : loaded 3 times (x 71B)
Class com.android.builder.errors.IssueReporter$Type                                   : loaded 3 times (x 79B)
Class com.android.build.gradle.api.AndroidBasePlugin                                  : loaded 3 times (x 74B)
Class com.android.build.gradle.internal.plugins.AppPlugin$ApplicationAndroidComponentsExtensionImplCompat_Decorated: loaded 3 times (x 162B)
Class com.android.build.gradle.internal.dsl.AbiSplitOptions$AgpDecorated              : loaded 3 times (x 98B)
Class com.android.build.api.artifact.Artifact$Category                                : loaded 3 times (x 79B)
Class com.android.build.gradle.internal.dsl.FusedLibraryExtensionImpl                 : loaded 3 times (x 104B)
Class com.android.build.gradle.internal.dsl.BundleOptionsAiModelVersion               : loaded 3 times (x 81B)
Class com.android.build.api.dsl.Publishing                                            : loaded 3 times (x 70B)
Class com.android.build.api.dsl.TargetSdkVersion                                      : loaded 3 times (x 70B)
Class org.jetbrains.kotlin.gradle.utils.CompletableFuture                             : loaded 3 times (x 70B)
Class org.jetbrains.kotlin.build.report.metrics.BuildPerformanceMetric                : loaded 3 times (x 70B)
Class org.jetbrains.kotlin.gradle.plugin.internal.JavaExecTaskParametersCompatibility : loaded 3 times (x 70B)
Class com.android.build.gradle.internal.BuildFeaturesUtils                            : loaded 3 times (x 71B)
Class [Lcom.android.build.gradle.internal.profile.AnalyticsConfiguratorService$State; : loaded 3 times (x 69B)
Class com.android.build.gradle.internal.dsl.decorator.SupportedPropertyType$Collection: loaded 3 times (x 74B)
Class com.google.protobuf.UninitializedMessageException                               : loaded 3 times (x 84B)
Class com.android.builder.core.ComponentType                                          : loaded 3 times (x 70B)
Class com.android.ide.common.gradle.Part                                              : loaded 3 times (x 77B)
Class com.google.wireless.android.sdk.stats.GradleBuildProject$PluginGeneration       : loaded 3 times (x 87B)
Class org.jetbrains.kotlin.gradle.targets.native.internal.PlatformLibrariesGenerator$Companion: loaded 3 times (x 71B)
Class org.jetbrains.kotlin.gradle.dsl.ToolchainSupport$Companion                      : loaded 3 times (x 71B)
Class com.android.build.gradle.internal.plugins.BasePlugin$createTasks$2$1            : loaded 3 times (x 75B)
Class com.android.build.gradle.internal.ide.v2.NativeModelBuilder                     : loaded 3 times (x 87B)
Class com.android.build.gradle.internal.dsl.TestOptions$UnitTestOptions               : loaded 3 times (x 84B)
Class com.android.build.api.dsl.MultiDexConfig                                        : loaded 3 times (x 70B)
Class com.android.build.gradle.internal.dsl.AbiSplitOptions                           : loaded 3 times (x 95B)
Class org.jetbrains.kotlin.gradle.plugin.AndroidProjectHandler                        : loaded 3 times (x 72B)
Class com.android.build.gradle.api.BaseVariant                                        : loaded 3 times (x 70B)
Class org.jetbrains.kotlin.gradle.plugin.KotlinTarget                                 : loaded 3 times (x 70B)
Class com.android.build.gradle.internal.services.BuiltInKotlinServicesKt              : loaded 3 times (x 71B)
Class com.google.protobuf.Descriptors$ServiceDescriptor                               : loaded 3 times (x 76B)
Class com.google.protobuf.GeneratedMessageV3$1                                        : loaded 3 times (x 78B)
Class com.google.wireless.android.sdk.stats.GradleBuildProject$1                      : loaded 3 times (x 76B)
Class com.android.build.gradle.internal.profile.AnalyticsConfiguratorService$Params   : loaded 3 times (x 70B)
Class com.android.build.gradle.internal.lint.LintFromMaven                            : loaded 3 times (x 72B)
Class com.google.gson.internal.bind.ReflectiveTypeAdapterFactory$RecordAdapter        : loaded 3 times (x 77B)
Class org.jetbrains.kotlin.gradle.plugin.DefaultKotlinBasePlugin$setupAttributeMatchingStrategy$1$2: loaded 3 times (x 79B)
Class com.android.builder.errors.EvalIssueException                                   : loaded 3 times (x 82B)
Class com.android.ide.common.gradle.Version$Companion$ParseState$NUMERIC              : loaded 3 times (x 74B)
Class com.android.build.gradle.internal.dsl.MultiDexConfigImpl                        : loaded 3 times (x 80B)
Class org.gradle.internal.time.Clock                                                  : loaded 3 times (x 70B)
Class com.android.build.gradle.internal.dsl.InternalFusedLibraryExtension             : loaded 3 times (x 70B)
Class com.google.gson.JsonObject                                                      : loaded 3 times (x 93B)
Class com.android.ide.common.blame.SourcePosition                                     : loaded 3 times (x 71B)
Class com.android.build.gradle.internal.utils.AnalyticsEnabledValueSource$Params$Inject_: loaded 3 times (x 106B)
Class com.android.build.gradle.internal.ide.v2.ModelBuilder                           : loaded 3 times (x 80B)
Class com.android.build.gradle.internal.dsl.JniLibsPackagingImpl$AgpDecorated         : loaded 3 times (x 93B)
Class com.android.build.api.artifact.ArtifactKind$FILE                                : loaded 3 times (x 72B)
Class com.android.build.api.dsl.PrivacySandboxKeepRules                               : loaded 3 times (x 70B)
Class com.android.build.gradle.internal.dsl.AnnotationProcessorOptions                : loaded 3 times (x 102B)
Class com.android.build.gradle.internal.dsl.AarMetadataImpl                           : loaded 3 times (x 70B)
Class com.android.build.gradle.internal.dsl.decorator.SupportedPropertyType$Var$Boolean: loaded 3 times (x 74B)
Class com.android.build.gradle.internal.dsl.VariantDimensionBinaryCompatibilityFix    : loaded 3 times (x 70B)
Class org.jetbrains.kotlin.gradle.plugin.ProjectLocalConfigurations                   : loaded 3 times (x 71B)
Class org.jetbrains.kotlin.gradle.plugin.mpp.KotlinUsages$KotlinUsagesDisambiguation  : loaded 3 times (x 76B)
Class org.jetbrains.kotlin.tooling.core.Extras$Key$Companion                          : loaded 3 times (x 71B)
Class org.jetbrains.kotlin.tooling.core.Extras$Key                                    : loaded 3 times (x 72B)
Class com.android.build.gradle.internal.utils.GradleEnvironmentProviderImpl           : loaded 3 times (x 76B)
Class com.google.protobuf.Descriptors$DescriptorPool                                  : loaded 3 times (x 72B)
Class com.google.wireless.android.sdk.stats.GradleBuildProject$2                      : loaded 3 times (x 151B)
Class com.google.protobuf.Internal$LongList                                           : loaded 3 times (x 70B)
Class com.google.gson.internal.$Gson$Types                                            : loaded 3 times (x 71B)
Class com.google.gson.JsonDeserializer                                                : loaded 3 times (x 70B)
Class com.google.gson.JsonIOException                                                 : loaded 3 times (x 82B)
Class com.google.protobuf.CodedInputStream$StreamDecoder                              : loaded 3 times (x 120B)
Class com.android.build.gradle.options.OptionalBooleanOption                          : loaded 3 times (x 85B)
Class com.android.build.gradle.internal.plugins.BasePlugin$variantInputModel$2        : loaded 3 times (x 79B)
Class com.android.build.gradle.internal.variant.ApplicationVariantFactory             : loaded 3 times (x 106B)
Class org.gradle.accessors.dm.LibrariesForLibsInPluginsBlock                          : loaded 3 times (x 81B)
Class com.android.build.gradle.internal.dsl.AnnotationProcessorOptions$AgpDecorated   : loaded 3 times (x 106B)
Class com.android.build.gradle.internal.plugins.BasePlugin$buildOutputs$2$1           : loaded 3 times (x 78B)
Class org.gradle.tooling.internal.adapter.TypeInspector                               : loaded 3 times (x 73B)
Class org.gradle.tooling.internal.adapter.ProtocolToModelAdapter$NoOpDecoration       : loaded 3 times (x 79B)
Class org.gradle.tooling.model.Element                                                : loaded 3 times (x 70B)
Class kotlin.collections.AbstractList                                                 : loaded 3 times (x 197B)
Class kotlin.collections.AbstractCollection                                           : loaded 3 times (x 117B)
Class com.android.build.gradle.internal.plugins.BasePlugin$createTasks$1              : loaded 3 times (x 75B)
Class com.android.build.gradle.internal.tasks.NonIncrementalGlobalTask                : loaded 3 times (x 319B)
Class com.android.build.gradle.internal.utils.SdkUtilsKt                              : loaded 3 times (x 71B)
Class com.android.build.gradle.internal.lint.AndroidLintGlobalTask$GlobalCreationAction: loaded 3 times (x 91B)
Class com.android.build.gradle.internal.api.VariantFilter                             : loaded 3 times (x 80B)
Class com.android.build.gradle.internal.dsl.BundleOptionsTexture$AgpDecorated         : loaded 3 times (x 85B)
Class com.android.build.api.dsl.ManagedVirtualDevice                                  : loaded 3 times (x 70B)
Class com.android.build.gradle.internal.dsl.TestFixturesImpl_Decorated                : loaded 3 times (x 127B)
Class com.android.build.api.dsl.SdkComponents                                         : loaded 3 times (x 70B)
Class com.android.build.gradle.internal.coverage.JacocoOptions                        : loaded 3 times (x 85B)
Class com.android.build.api.artifact.ArtifactKind$DIRECTORY                           : loaded 3 times (x 72B)
Class com.android.build.gradle.internal.services.Aapt2ThreadPoolBuildService$RegistrationAction: loaded 3 times (x 74B)
Class com.android.build.api.dsl.PrivacySandboxSdkOptimization                         : loaded 3 times (x 70B)
Class com.android.build.api.dsl.TestOptions                                           : loaded 3 times (x 70B)
Class com.android.build.api.dsl.AbiSplit                                              : loaded 3 times (x 70B)
Class com.android.build.api.dsl.LibraryVariantDimension                               : loaded 3 times (x 70B)
Class org.jetbrains.kotlin.gradle.plugin.mpp.HierarchyAttributeContainer$1            : loaded 3 times (x 78B)
Class org.jetbrains.kotlin.gradle.dsl.ToolchainSupport                                : loaded 3 times (x 70B)
Class com.android.build.gradle.internal.AvdComponentsBuildService                     : loaded 3 times (x 76B)
Class org.jetbrains.kotlin.gradle.plugin.KotlinJsPluginWrapper                        : loaded 3 times (x 86B)
Class org.jetbrains.kotlin.gradle.plugin.mpp.InternalKotlinTarget                     : loaded 3 times (x 70B)
Class org.jetbrains.kotlin.gradle.dsl.KotlinJvmOptions                                : loaded 3 times (x 70B)
Class com.android.build.gradle.internal.services.FakeDependencyJarBuildService$RegistrationAction: loaded 3 times (x 74B)
Class com.android.utils.EnvironmentProvider                                           : loaded 3 times (x 70B)
Class com.google.protobuf.DescriptorProtos$EnumDescriptorProtoOrBuilder               : loaded 3 times (x 70B)
Class [Lcom.google.wireless.android.sdk.stats.GradleBuildProject$PluginType;          : loaded 3 times (x 69B)
Class com.android.build.gradle.internal.services.FakeDependencyJarBuildService$Params : loaded 3 times (x 70B)
Class com.google.common.util.concurrent.AbstractFuture$SynchronizedHelper             : loaded 3 times (x 78B)
Class com.google.protobuf.InvalidProtocolBufferException                              : loaded 3 times (x 88B)
Class com.google.common.collect.EnumHashBiMap                                         : loaded 3 times (x 159B)
Class org.gradle.internal.time.Time                                                   : loaded 3 times (x 71B)
Class org.gradle.accessors.dm.LibrariesForLibs$AndroidxLifecycleLibraryAccessors      : loaded 3 times (x 77B)
Class com.google.wireless.android.sdk.stats.GradleBuildProject$CompileOptions$1       : loaded 3 times (x 151B)
Class com.android.build.api.variant.ScopedArtifacts$Scope                             : loaded 3 times (x 79B)
Class com.android.build.gradle.internal.CompileOptions$AgpDecorated                   : loaded 3 times (x 97B)
Class com.android.build.gradle.internal.dsl.AbiSplitOptions$AgpDecorated_Decorated    : loaded 3 times (x 144B)
Class com.android.build.gradle.internal.dsl.BundleOptions$AgpDecorated_Decorated      : loaded 3 times (x 195B)
Class com.android.build.gradle.internal.dsl.BuildFeaturesImpl                         : loaded 3 times (x 110B)
Class com.android.build.gradle.internal.dsl.ExternalNativeNdkBuildOptions             : loaded 3 times (x 109B)
Class com.android.build.api.dsl.PrivacySandboxSdkBundle                               : loaded 3 times (x 70B)
Class com.android.build.gradle.internal.dsl.CmakeOptions                              : loaded 3 times (x 98B)
Class org.jetbrains.kotlin.gradle.plugin.internal.CustomPropertiesFileValueSource$Parameters$Inject_: loaded 3 times (x 106B)
Class com.google.wireless.android.sdk.stats.GradleBuildVariant$VariantType$1          : loaded 3 times (x 76B)
Class org.jetbrains.kotlin.gradle.internal.properties.PropertiesBuildService$property$1$valueFromGradleAndLocalProperties$1: loaded 3 times (x 75B)
Class org.jetbrains.kotlin.gradle.plugin.KotlinPluginWrapperKt$kotlinToolingVersion$2 : loaded 3 times (x 78B)
Class com.android.build.gradle.internal.errors.OptionInfo                             : loaded 3 times (x 72B)
Class com.android.build.gradle.internal.services.AndroidLocationsBuildService$AndroidDirectoryCreator$Params_Decorated: loaded 3 times (x 132B)
Class com.android.build.gradle.internal.ide.v2.GlobalSyncService$RegistrationAction   : loaded 3 times (x 74B)
Class com.android.build.gradle.internal.ide.dependencies.MavenCoordinatesCacheBuildService$Parameters: loaded 3 times (x 70B)
Class com.google.protobuf.Extension                                                   : loaded 3 times (x 85B)
Class com.google.wireless.android.sdk.stats.GradleBuildProfile                        : loaded 3 times (x 248B)
Class com.google.protobuf.MessageOrBuilder                                            : loaded 3 times (x 70B)
Class com.google.gson.LongSerializationPolicy$1                                       : loaded 3 times (x 80B)
Class org.gradle.accessors.dm.LibrariesForLibsInPluginsBlock_Decorated                : loaded 3 times (x 125B)
Class com.android.build.gradle.internal.plugins.BasePlugin$variantManager$2           : loaded 3 times (x 79B)
Class com.android.build.gradle.api.FusedLibraryPlugin                                 : loaded 3 times (x 74B)
Class com.android.build.gradle.options.FeatureStage$SoftlyEnforced                    : loaded 3 times (x 72B)
Class org.jetbrains.kotlin.gradle.report.BuildReportType                              : loaded 3 times (x 79B)
Class org.jetbrains.kotlin.gradle.targets.native.KonanPropertiesBuildService$Companion$registerIfAbsent$2$1: loaded 3 times (x 79B)
Class com.android.build.gradle.internal.plugins.AndroidPluginBaseServices$projectServices$2$1$3: loaded 3 times (x 79B)
Class com.android.build.gradle.internal.tasks.ExtractProguardFiles$CreationAction     : loaded 3 times (x 90B)
Class com.android.build.api.dsl.JUnitEngineSpec                                       : loaded 3 times (x 70B)
Class com.android.build.gradle.internal.dsl.BundleOptionsAiModelVersion$AgpDecorated_Decorated: loaded 3 times (x 130B)
Class com.android.build.gradle.internal.variant.LegacyVariantInputManager$1           : loaded 3 times (x 75B)
Class com.android.builder.internal.BaseConfigImpl$Companion                           : loaded 3 times (x 71B)
Class com.android.build.gradle.internal.dsl.ApplicationBuildFeaturesImpl_Decorated    : loaded 3 times (x 170B)
Class com.android.ide.common.gradle.DEV                                               : loaded 3 times (x 77B)
Class org.jetbrains.kotlin.gradle.plugin.KotlinSourceSetTree$Companion                : loaded 3 times (x 71B)
Class org.jetbrains.kotlin.gradle.plugin.KotlinGradleBuildServices$Parameters         : loaded 3 times (x 70B)
Class com.google.protobuf.DescriptorProtos$UninterpretedOption                        : loaded 3 times (x 213B)
Class com.android.build.gradle.internal.dsl.JniLibsPackagingImpl$AgpDecorated_Decorated: loaded 3 times (x 138B)
Class com.android.build.gradle.internal.profile.AnalyticsService$RegistrationAction   : loaded 3 times (x 75B)
Class com.google.gson.LongSerializationPolicy$2                                       : loaded 3 times (x 80B)
Class com.android.build.gradle.internal.errors.DeprecationReporter$DeprecationTarget  : loaded 3 times (x 79B)
Class com.android.build.gradle.internal.plugins.BasePlugin$sdkComponentsBuildService$2: loaded 3 times (x 79B)
Class com.android.build.gradle.internal.core.dsl.TestedVariantDslInfo                 : loaded 3 times (x 70B)
Class com.android.build.gradle.internal.variant.AbstractAppVariantFactory             : loaded 3 times (x 106B)
Class com.android.build.gradle.internal.profile.AnalyticsConfiguratorService$State    : loaded 3 times (x 79B)
Class com.google.wireless.android.sdk.stats.InstantRunStatus                          : loaded 3 times (x 205B)
Class com.google.protobuf.PrimitiveNonBoxingCollection                                : loaded 3 times (x 70B)
Class com.android.build.gradle.internal.dsl.DexOptions                                : loaded 3 times (x 103B)
Class com.google.protobuf.Descriptors$EnumValueDescriptor$2                           : loaded 3 times (x 76B)
Class com.android.build.gradle.internal.services.AndroidLocationsBuildService$Inject_ : loaded 3 times (x 110B)
Class com.android.build.gradle.internal.tasks.factory.GlobalTaskNamesImpl             : loaded 3 times (x 81B)
Class com.android.build.gradle.internal.services.FakeDependencyJarBuildService$Inject_: loaded 3 times (x 102B)
Class com.android.build.gradle.internal.variant.LegacyVariantInputManager$2           : loaded 3 times (x 74B)
Class com.android.build.api.artifact.impl.StorageProviderImpl                         : loaded 3 times (x 72B)
Class com.android.build.gradle.internal.dsl.PrivacySandboxSdkBundleImpl               : loaded 3 times (x 92B)
Class com.android.build.api.dsl.Splits                                                : loaded 3 times (x 70B)
Class com.android.build.gradle.internal.dsl.BundleOptionsStoreArchive                 : loaded 3 times (x 77B)
Class org.jetbrains.kotlin.gradle.dsl.DefaultToolchainSupport$wireToolchainToTasks$1  : loaded 3 times (x 75B)
Class com.android.build.gradle.internal.tasks.LintCompile                             : loaded 3 times (x 320B)
Class org.jetbrains.kotlin.gradle.internal.properties.PropertiesBuildService$MemoizedCallable: loaded 3 times (x 75B)
Class org.jetbrains.kotlin.gradle.plugin.internal.DefaultMavenPublicationComponentAccessorFactory: loaded 3 times (x 76B)
Class org.jetbrains.kotlin.gradle.tasks.KotlinTasksProvider                           : loaded 3 times (x 72B)
Class org.jetbrains.kotlin.gradle.dsl.KotlinCommonCompilerOptions                     : loaded 3 times (x 70B)
Class com.google.wireless.android.sdk.stats.GradleTaskExecutionOrBuilder              : loaded 3 times (x 70B)
Class com.google.protobuf.Utf8$Processor                                              : loaded 3 times (x 77B)
Class com.google.protobuf.Reader                                                      : loaded 3 times (x 70B)
Class com.google.common.collect.Maps$UnmodifiableBiMap                                : loaded 3 times (x 153B)
Class org.gradle.accessors.dm.LibrariesForLibsInPluginsBlock$KotlinPluginAccessors    : loaded 3 times (x 74B)
Class org.jetbrains.plugins.gradle.model.GradleBuildScriptClasspathModel              : loaded 3 times (x 70B)
Class com.android.build.gradle.internal.ManagedDeviceUtilsKt$getManagedDeviceAvdFolder$1: loaded 3 times (x 75B)
Class org.gradle.util.internal.DefaultGradleVersion                                   : loaded 3 times (x 82B)
Class org.jetbrains.kotlin.gradle.internal.properties.PropertiesBuildService$property$1: loaded 3 times (x 79B)
Class org.jetbrains.kotlin.gradle.plugin.DefaultKotlinBasePlugin$setupAttributeMatchingStrategy$1$1: loaded 3 times (x 79B)
Class com.android.build.api.artifact.impl.ArtifactsImpl$lookupProjectScopedArtifactsContainer$1: loaded 3 times (x 79B)
Class com.android.build.gradle.internal.dsl.PackagingOptions$AgpDecorated             : loaded 3 times (x 115B)
Class com.android.build.api.dsl.EmulatorControl                                       : loaded 3 times (x 70B)
Class com.android.build.gradle.internal.dsl.CompileSdkDelegate                        : loaded 3 times (x 89B)
Class com.android.build.gradle.internal.variant.LegacyVariantInputManager$3           : loaded 3 times (x 75B)
Class com.android.build.gradle.internal.dsl.AarMetadataImpl$AgpDecorated_Decorated    : loaded 3 times (x 137B)
Class com.android.build.gradle.internal.dsl.CoreNdkOptions                            : loaded 3 times (x 70B)
Class com.android.build.gradle.internal.dsl.decorator.AndroidPluginDslDecoratorKt     : loaded 3 times (x 71B)
Class com.android.build.gradle.internal.utils.KgpVersion$Companion                    : loaded 3 times (x 71B)
Class org.jetbrains.kotlin.konan.util.Named                                           : loaded 3 times (x 70B)
Class [Lorg.jetbrains.kotlin.gradle.report.BuildReportMode;                           : loaded 3 times (x 69B)
Class org.jetbrains.kotlin.gradle.plugin.AbstractKotlinAndroidPluginWrapper           : loaded 3 times (x 86B)
Class com.android.build.gradle.internal.services.BuiltInKotlinServices$AvailabilityReason$BuiltInKotlinBooleanOptionEnabled: loaded 3 times (x 71B)
Class [Lcom.android.tools.build.gradle.internal.profile.IntegerOption;                : loaded 3 times (x 69B)
Class com.google.wireless.android.sdk.stats.GradleIntegerOptionEntry$Builder          : loaded 3 times (x 297B)
Class com.google.common.base.CharMatcher$Ascii                                        : loaded 3 times (x 112B)
Class org.jetbrains.kotlin.gradle.plugin.KotlinSourceSet                              : loaded 3 times (x 70B)
Class com.google.protobuf.AbstractMessage$BuilderParent                               : loaded 3 times (x 70B)
Class com.google.wireless.android.sdk.stats.GradleTransformExecutionOrBuilder         : loaded 3 times (x 70B)
Class com.google.gson.reflect.TypeToken                                               : loaded 3 times (x 75B)
Class com.google.protobuf.MapFieldReflectionAccessor                                  : loaded 3 times (x 74B)
Class com.google.wireless.android.sdk.stats.GradleBuildProject$Builder                : loaded 3 times (x 360B)
Class com.android.build.gradle.internal.plugins.BasePlugin$bootClasspathConfig$2      : loaded 3 times (x 79B)
Class com.android.build.gradle.internal.plugins.AndroidPluginBaseServices$settingsExtension$2: loaded 3 times (x 79B)
Class com.android.build.gradle.internal.dsl.AndroidTestImpl                           : loaded 3 times (x 77B)
Class com.android.build.api.dsl.FusedLibraryExtension                                 : loaded 3 times (x 70B)
Class com.google.protobuf.AbstractMessageLite$Builder                                 : loaded 3 times (x 126B)
Class com.google.gson.Gson$5                                                          : loaded 3 times (x 76B)
Class com.android.build.gradle.internal.plugins.BasePlugin$createAndroidTasks$1       : loaded 3 times (x 77B)
Class com.android.build.gradle.internal.lint.AndroidLintGlobalTask$LintFixCreationAction: loaded 3 times (x 91B)
Class com.android.build.gradle.internal.lint.AndroidLintGlobalTask$BaseGlobalCreationAction: loaded 3 times (x 91B)
Class com.android.build.gradle.ProguardFiles                                          : loaded 3 times (x 71B)
Class com.android.builder.core.DefaultDexOptions                                      : loaded 3 times (x 99B)
Class com.android.build.gradle.api.ApkVariant                                         : loaded 3 times (x 70B)
Class com.android.build.gradle.internal.dsl.ResourcesPackagingImpl$AgpDecorated_Decorated: loaded 3 times (x 129B)
Class com.android.build.gradle.internal.variant.LegacyVariantInputManager$4           : loaded 3 times (x 74B)
Class com.android.build.gradle.internal.api.artifact.SourceArtifactType$RENDERSCRIPT  : loaded 3 times (x 74B)
Class com.android.build.gradle.internal.dsl.NdkOptions_Decorated                      : loaded 3 times (x 166B)
Class com.android.build.gradle.internal.dsl.decorator.DslDecorator$ManagedProperty    : loaded 3 times (x 72B)
Class com.android.build.gradle.internal.errors.AndroidProblemsReporter                : loaded 3 times (x 70B)
Class org.jetbrains.kotlin.gradle.internal.properties.PropertiesBuildService$GradleProperty: loaded 3 times (x 70B)
Class org.jetbrains.kotlin.gradle.utils.StoredPropertyKt$projectStoredProperty$1      : loaded 3 times (x 78B)
Class org.jetbrains.kotlin.gradle.internal.Kapt3GradleSubplugin$Companion             : loaded 3 times (x 71B)
Class com.android.prefs.VariableType                                                  : loaded 3 times (x 79B)
Class com.google.protobuf.ByteString                                                  : loaded 3 times (x 101B)
Class com.android.build.gradle.internal.plugins.AndroidPluginBaseServices             : loaded 3 times (x 78B)
Class com.android.tools.analytics.Environment                                         : loaded 3 times (x 73B)
Class com.android.build.gradle.internal.errors.DeprecationReporter                    : loaded 3 times (x 70B)
Class com.google.gson.internal.sql.SqlTimestampTypeAdapter$1                          : loaded 3 times (x 75B)
Class com.google.gson.JsonPrimitive                                                   : loaded 3 times (x 93B)
Class com.android.build.gradle.options.ApiStage$Stable                                : loaded 3 times (x 72B)
Class com.android.build.gradle.internal.crash.CrashReporting                          : loaded 3 times (x 71B)
Class com.android.build.api.variant.Component                                         : loaded 3 times (x 70B)
Class org.gradle.accessors.dm.LibrariesForLibs$AndroidxEspressoLibraryAccessors       : loaded 3 times (x 77B)
Class org.gradle.accessors.dm.LibrariesForLibs$VersionAccessors                       : loaded 3 times (x 83B)
Class com.android.build.gradle.internal.ClasspathVerifier                             : loaded 3 times (x 71B)
Class com.android.build.api.artifact.Artifact$Companion                               : loaded 3 times (x 71B)
Class com.android.build.api.variant.Aidl                                              : loaded 3 times (x 70B)
Class com.android.build.gradle.internal.tasks.factory.BootClasspathConfigImpl$fullBootClasspath$2: loaded 3 times (x 79B)
Class com.android.build.gradle.internal.dsl.BundleOptionsDeviceGroup$AgpDecorated     : loaded 3 times (x 85B)
Class com.android.build.gradle.internal.dsl.EmulatorControl                           : loaded 3 times (x 83B)
Class com.android.build.gradle.internal.dsl.TestOptions_Decorated                     : loaded 3 times (x 171B)
Class com.android.build.gradle.internal.variant.LegacyVariantInputManager$5           : loaded 3 times (x 75B)
Class com.android.build.gradle.internal.plugins.BasePlugin$dslServices$2              : loaded 3 times (x 79B)
Class com.android.build.gradle.api.ViewBindingOptions                                 : loaded 3 times (x 70B)
Class com.android.build.api.dsl.Split                                                 : loaded 3 times (x 70B)
Class com.android.build.api.dsl.LibraryDefaultConfig                                  : loaded 3 times (x 70B)
Class org.jetbrains.kotlin.gradle.dsl.JvmTarget                                       : loaded 3 times (x 79B)
Class org.jetbrains.kotlin.gradle.internal.ClassLoadersCachingBuildService            : loaded 3 times (x 76B)
Class org.jetbrains.kotlin.gradle.plugin.internal.DefaultJavaExecTaskParametersCompatibility$Factory: loaded 3 times (x 76B)
Class org.jetbrains.kotlin.gradle.plugin.VariantImplementationFactoriesConfigurator$Companion: loaded 3 times (x 71B)
Class [Lcom.android.builder.model.v2.ide.ProjectType;                                 : loaded 3 times (x 69B)
Class com.google.protobuf.DescriptorProtos$EnumDescriptorProto$EnumReservedRange      : loaded 3 times (x 197B)
Class com.google.protobuf.DescriptorProtos$FileDescriptorProto$Builder                : loaded 3 times (x 341B)
Class com.android.build.gradle.internal.errors.AndroidProblemReporterProvider$Parameters$Inject_: loaded 3 times (x 106B)
Class com.google.protobuf.Internal$ListAdapter$Converter                              : loaded 3 times (x 70B)
Class com.android.build.gradle.internal.errors.AndroidProblemReporterProvider$Inject_ : loaded 3 times (x 96B)
Class com.android.tools.analytics.CommonMetricsData$GarbageCollectionStatsDiffs       : loaded 3 times (x 71B)
Class com.google.gson.JsonElement                                                     : loaded 3 times (x 92B)
Class com.android.build.gradle.options.Version                                        : loaded 3 times (x 80B)
Class com.android.build.gradle.internal.plugins.BasePlugin$versionedSdkLoaderService$2: loaded 3 times (x 79B)
Class com.android.build.gradle.internal.plugins.AppPlugin$1                           : loaded 3 times (x 86B)
Class com.android.build.gradle.internal.dsl.BundleOptionsAbi$AgpDecorated_Decorated   : loaded 3 times (x 125B)
Class com.android.builder.signing.DefaultSigningConfig$Companion                      : loaded 3 times (x 71B)
Class com.android.build.gradle.internal.lint.AndroidLintGlobalTask$UpdateBaselineCreationAction$Companion: loaded 3 times (x 71B)
Class org.gradle.tooling.model.HierarchicalElement                                    : loaded 3 times (x 70B)
Class com.android.build.gradle.AppPlugin                                              : loaded 3 times (x 76B)
Class com.android.build.gradle.internal.lint.AndroidLintGlobalTask$UpdateBaselineCreationAction: loaded 3 times (x 91B)
Class com.android.build.gradle.internal.ide.v2.ModelBuilder$Companion                 : loaded 3 times (x 71B)
Class com.android.build.gradle.internal.api.TestedVariant                             : loaded 3 times (x 70B)
Class com.android.build.gradle.internal.variant.LegacyVariantInputManager$6           : loaded 3 times (x 74B)
Class com.google.protobuf.MapField                                                    : loaded 3 times (x 89B)
Class com.android.build.gradle.internal.dsl.PrivacySandboxImpl                        : loaded 3 times (x 78B)
Class com.android.ide.common.gradle.Version$Companion$ParseState                      : loaded 3 times (x 70B)
Class org.jetbrains.kotlin.gradle.utils.StoredPropertyStorage                         : loaded 3 times (x 72B)
Class org.jetbrains.kotlin.gradle.plugin.KotlinSourceSetContainer                     : loaded 3 times (x 70B)
Class com.android.build.gradle.internal.services.Aapt2ThreadPoolBuildServiceKt        : loaded 3 times (x 71B)
Class com.google.wireless.android.sdk.stats.GradleBuildSplits                         : loaded 3 times (x 219B)
Class com.android.tools.analytics.HostData$memoryBean$2                               : loaded 3 times (x 78B)
Class com.android.builder.profile.NameAnonymizer                                      : loaded 3 times (x 72B)
Class com.google.gson.internal.bind.CollectionTypeAdapterFactory                      : loaded 3 times (x 75B)
Class com.android.build.gradle.options.SyncOptions$ErrorFormatMode                    : loaded 3 times (x 79B)
Class com.android.build.gradle.internal.errors.SyncIssueReporter                      : loaded 3 times (x 76B)
Class com.android.build.gradle.internal.plugins.AppPlugin$2                           : loaded 3 times (x 86B)
Class com.android.build.gradle.internal.dsl.InternalTestedExtension                   : loaded 3 times (x 70B)
Class com.android.build.gradle.DynamicFeaturePlugin                                   : loaded 3 times (x 76B)
Class com.android.build.gradle.AppExtension                                           : loaded 3 times (x 215B)
Class com.android.build.gradle.internal.plugins.DslContainerProvider                  : loaded 3 times (x 70B)
Class com.android.build.gradle.internal.plugins.BasePlugin$extension$2                : loaded 3 times (x 79B)
Class com.google.protobuf.CodedInputStream$UnsafeDirectNioDecoder                     : loaded 3 times (x 120B)
Class com.google.protobuf.DescriptorProtos$ServiceDescriptorProtoOrBuilder            : loaded 3 times (x 70B)
Class com.google.gson.internal.LazilyParsedNumber                                     : loaded 3 times (x 78B)
Class com.android.build.gradle.internal.plugins.AndroidPluginBaseServices$projectServices$2$1$2: loaded 3 times (x 79B)
Class org.jetbrains.kotlin.gradle.plugin.KotlinPlatformType$Companion                 : loaded 3 times (x 71B)
Class org.jetbrains.kotlin.gradle.plugin.KotlinPlatformType$DisambiguationRule        : loaded 3 times (x 76B)
Class com.android.build.gradle.internal.tasks.factory.TaskFactory                     : loaded 3 times (x 70B)
Class com.android.builder.core.DexOptions                                             : loaded 3 times (x 70B)
Class com.android.build.gradle.internal.dsl.LintImpl$AgpDecorated                     : loaded 3 times (x 223B)
Class com.android.build.gradle.internal.api.DefaultAndroidSourceSet                   : loaded 3 times (x 230B)
Class com.google.common.base.Converter$FunctionBasedConverter                         : loaded 3 times (x 90B)
Class com.android.build.gradle.internal.dependency.SourceSetManager                   : loaded 3 times (x 72B)
Class org.jetbrains.kotlin.gradle.dsl.DefaultToolchainSupport$wireToolchainToTasks$1$1: loaded 3 times (x 75B)
Class org.jetbrains.kotlin.gradle.utils.SingleActionPerProject                        : loaded 3 times (x 73B)
Class org.jetbrains.kotlin.gradle.plugin.DefaultKotlinBasePlugin                      : loaded 3 times (x 82B)
Class com.android.prefs.AbstractAndroidLocations                                      : loaded 3 times (x 82B)
Class com.google.protobuf.DescriptorProtos$FeatureSet                                 : loaded 3 times (x 251B)
Class com.google.protobuf.DescriptorProtos$EnumDescriptorProto$EnumReservedRangeOrBuilder: loaded 3 times (x 70B)
Class com.google.protobuf.IntArrayList                                                : loaded 3 times (x 262B)
Class com.google.common.util.concurrent.AbstractFuture$Waiter                         : loaded 3 times (x 72B)
Class com.google.protobuf.ExtensionRegistryLite                                       : loaded 3 times (x 74B)
Class com.android.ide.common.repository.AgpVersion$Companion                          : loaded 3 times (x 71B)
Class com.android.build.gradle.internal.plugins.AndroidPluginBaseServices$optionService$2: loaded 3 times (x 79B)
Class com.android.build.gradle.internal.plugins.AppPlugin$3                           : loaded 3 times (x 86B)
Class com.android.build.api.variant.AndroidComponentsExtension                        : loaded 3 times (x 70B)
Class com.google.protobuf.Descriptors$EnumValueDescriptor$1                           : loaded 3 times (x 91B)
Class com.android.build.gradle.internal.ide.dependencies.MavenCoordinatesCacheBuildService$RegistrationAction: loaded 3 times (x 74B)
Class com.android.build.api.dsl.DynamicFeatureVariantDimension                        : loaded 3 times (x 70B)
Class com.android.build.gradle.internal.dsl.decorator.SupportedPropertyType$Collection$Set: loaded 3 times (x 74B)
Class com.android.build.gradle.internal.AvdComponentsBuildService$RegistrationAction  : loaded 3 times (x 74B)
Class org.gradle.tooling.model.idea.IdeaDependency                                    : loaded 3 times (x 70B)
Class org.jetbrains.kotlin.gradle.plugin.KotlinAndroidPluginWrapper                   : loaded 3 times (x 86B)
Class org.jetbrains.kotlin.gradle.logging.GradleLoggingUtilsKt                        : loaded 3 times (x 71B)
Class org.jetbrains.kotlin.gradle.targets.native.internal.PlatformLibrariesGenerator$GeneratedPlatformLibrariesService: loaded 3 times (x 76B)
Class com.android.build.gradle.internal.dsl.ConsumerKeepRulesImpl                     : loaded 3 times (x 92B)
Class [Lcom.android.builder.errors.IssueReporter$Type;                                : loaded 3 times (x 69B)
Class com.android.build.gradle.internal.dsl.CompileSdkReleaseSpecImpl                 : loaded 3 times (x 81B)
Class com.android.build.api.artifact.impl.PropertyAdapter                             : loaded 3 times (x 70B)
Class com.android.build.gradle.ProguardFiles$ProguardFile                             : loaded 3 times (x 79B)
Class com.android.build.gradle.internal.cxx.configure.NativeModelBuilderOutcomeOrBuilder: loaded 3 times (x 70B)
Class com.android.builder.testing.api.DeviceProvider                                  : loaded 3 times (x 77B)
Class com.android.build.gradle.internal.dsl.ExternalNativeBuild$AgpDecorated_Decorated: loaded 3 times (x 144B)
Class com.android.build.gradle.internal.dsl.DeviceGroupFactory                        : loaded 3 times (x 75B)
Class com.android.build.gradle.internal.dsl.VcsInfoImpl                               : loaded 3 times (x 77B)
Class com.android.build.gradle.internal.dsl.CompileSdkSpecImpl                        : loaded 3 times (x 86B)
Class com.android.build.api.dsl.Ndk                                                   : loaded 3 times (x 70B)
Class com.android.build.api.dsl.BundleStoreArchive                                    : loaded 3 times (x 70B)
Class com.android.build.api.dsl.BundleCodeTransparency                                : loaded 3 times (x 70B)
Class com.android.ide.common.gradle.Version$Companion                                 : loaded 3 times (x 71B)
Class org.jetbrains.kotlin.gradle.plugin.GradleUtilsKt                                : loaded 3 times (x 71B)
Class org.jetbrains.kotlin.gradle.internal.properties.PropertiesBuildService$Params$Inject_: loaded 3 times (x 106B)
Class org.jetbrains.kotlin.gradle.internal.properties.PropertiesBuildService          : loaded 3 times (x 76B)
Class org.jetbrains.kotlin.gradle.plugin.BuildFinishedListenerService$Companion$registerIfAbsent$1$1$1: loaded 3 times (x 75B)
Class com.android.build.gradle.internal.dsl.CoreExternalNativeCmakeOptions            : loaded 3 times (x 70B)
Class com.android.builder.profile.ThreadRecorder                                      : loaded 3 times (x 76B)
Class com.android.build.api.dsl.AndroidSourceFile                                     : loaded 3 times (x 70B)
Class com.android.tools.analytics.AnalyticsSettingsData$Companion                     : loaded 3 times (x 71B)
Class com.google.gson.internal.bind.TreeTypeAdapter                                   : loaded 3 times (x 75B)
Class com.google.gson.internal.sql.SqlTimeTypeAdapter                                 : loaded 3 times (x 74B)
Class com.google.gson.InstanceCreator                                                 : loaded 3 times (x 70B)
Class com.android.build.gradle.internal.plugins.AndroidPluginBaseServices$optionService$2$1: loaded 3 times (x 78B)
Class com.android.build.gradle.internal.core.dsl.ApplicationVariantDslInfo            : loaded 3 times (x 70B)
Class com.android.build.gradle.internal.variant.DimensionCombination                  : loaded 3 times (x 70B)
Class com.android.build.gradle.internal.core.dsl.VariantDslInfo                       : loaded 3 times (x 70B)
Class com.android.build.gradle.internal.variant.VariantFactory                        : loaded 3 times (x 70B)
Class org.jetbrains.kotlin.gradle.utils.FutureKt                                      : loaded 3 times (x 71B)
Class com.android.build.gradle.internal.api.AndroidSourceSetName$Companion            : loaded 3 times (x 71B)
Class com.android.build.gradle.internal.dsl.ManagedDevices_Decorated                  : loaded 3 times (x 124B)
Class com.android.builder.model.v2.models.ndk.NativeModelBuilderParameter             : loaded 3 times (x 70B)
Class com.android.build.gradle.internal.api.artifact.SourceArtifactType               : loaded 3 times (x 74B)
Class com.android.build.gradle.internal.dsl.decorator.annotation.RuntimeGuardedExperimentalApi: loaded 3 times (x 70B)
Class com.android.build.gradle.internal.dsl.PrivacySandboxSdkOptimizationImpl         : loaded 3 times (x 75B)
Class com.android.build.api.dsl.AgpTestSuite                                          : loaded 3 times (x 70B)
Class com.android.build.api.dsl.MaxSdkVersion                                         : loaded 3 times (x 70B)
Class [Lcom.android.build.gradle.internal.dsl.decorator.SupportedPropertyType;        : loaded 3 times (x 69B)
Class org.jetbrains.kotlin.tooling.core.MutableExtrasImpl                             : loaded 3 times (x 165B)
Class org.jetbrains.kotlin.gradle.utils.FileUtilsKt                                   : loaded 3 times (x 71B)
Class com.google.protobuf.Utf8$SafeProcessor                                          : loaded 3 times (x 77B)
Class com.google.wireless.android.sdk.stats.GradleProjectOptionsSettings              : loaded 3 times (x 220B)
Class com.android.build.gradle.internal.dsl.ManagedDevices                            : loaded 3 times (x 80B)
Class com.android.build.gradle.internal.dsl.CmakeOptions$AgpDecorated_Decorated       : loaded 3 times (x 146B)
Class com.android.build.gradle.internal.dsl.SdkComponentsImpl_Decorated               : loaded 3 times (x 130B)
Class com.android.build.gradle.internal.services.FakeDependencyJarBuildService$FakeDependencyJarCreator$Params: loaded 3 times (x 70B)
Class [Lcom.android.tools.analytics.Environment$EnvironmentVariable;                  : loaded 3 times (x 69B)
Class com.android.SdkConstants                                                        : loaded 3 times (x 71B)
Class com.google.gson.internal.bind.TypeAdapters$20                                   : loaded 3 times (x 75B)
Class com.android.build.gradle.internal.services.R8D8ThreadPoolBuildService$Companion : loaded 3 times (x 71B)
Class com.android.build.gradle.internal.tasks.SigningConfigUtils$Companion$gson$2     : loaded 3 times (x 78B)
Class com.android.build.api.instrumentation.manageddevice.ManagedDeviceRegistry       : loaded 3 times (x 70B)
Class com.android.build.gradle.internal.services.GlobalServiceRegistrationAction$execute$1: loaded 3 times (x 75B)
Class com.android.build.gradle.internal.services.RunOnceBuildService                  : loaded 3 times (x 70B)
Class com.android.build.gradle.internal.dsl.ApplicationPublishingImpl$AgpDecorated    : loaded 3 times (x 86B)
Class com.android.build.gradle.internal.tasks.factory.BootClasspathConfigImpl$2       : loaded 3 times (x 79B)
Class com.android.build.gradle.internal.dsl.SdkComponentsImpl                         : loaded 3 times (x 86B)
Class com.android.build.api.variant.Aapt2                                             : loaded 3 times (x 70B)
Class com.android.build.gradle.internal.dsl.SigningConfig$AgpDecorated                : loaded 3 times (x 150B)
Class com.android.build.api.artifact.impl.SingleInitialProviderRequestImpl$on$2       : loaded 3 times (x 75B)
Class org.gradle.internal.exceptions.DefaultMultiCauseException                       : loaded 3 times (x 95B)
Class org.jetbrains.plugins.gradle.model.tests.ExternalTestsModel                     : loaded 3 times (x 70B)
Class com.android.build.api.dsl.CompileSdkReleaseSpec                                 : loaded 3 times (x 70B)
Class com.android.build.gradle.internal.core.InternalBaseVariant                      : loaded 3 times (x 70B)
Class com.android.build.gradle.internal.scope.DelayedActionsExecutor                  : loaded 3 times (x 72B)
Class org.jetbrains.kotlin.gradle.internal.properties.PropertiesBuildService$Companion$registerIfAbsent$1: loaded 3 times (x 75B)
Class org.jetbrains.kotlin.gradle.plugin.internal.DefaultConfigurationCacheStartParameterAccessorVariantFactory: loaded 3 times (x 76B)
Class org.jetbrains.kotlin.gradle.dsl.KotlinCommonCompilerToolOptions                 : loaded 3 times (x 70B)
Class com.android.build.gradle.internal.plugins.BasePlugin$Companion$createAndroidJdkImageConfiguration$1: loaded 3 times (x 74B)
Class [Lcom.android.prefs.LocationValue;                                              : loaded 3 times (x 69B)
Class com.google.wireless.android.sdk.stats.GradleTaskExecution                       : loaded 3 times (x 205B)
Class com.android.build.gradle.internal.services.AndroidLocationsBuildService$RegistrationAction: loaded 3 times (x 74B)
Class com.android.build.api.variant.CanMinifyAndroidResources                         : loaded 3 times (x 70B)
Class kotlin.NotImplementedError                                                      : loaded 3 times (x 82B)
Class com.google.gson.internal.bind.TypeAdapters$21                                   : loaded 3 times (x 75B)
Class com.google.gson.FieldNamingPolicy$1                                             : loaded 3 times (x 83B)
Class com.android.utils.Environment                                                   : loaded 3 times (x 74B)
Class com.android.build.gradle.internal.plugins.LibraryPlugin                         : loaded 3 times (x 97B)
Class com.android.build.gradle.AssetPackPluginKt                                      : loaded 3 times (x 71B)
Class org.gradle.accessors.dm.LibrariesForLibs$KotlinPluginAccessors                  : loaded 3 times (x 74B)
Class org.gradle.accessors.dm.LibrariesForLibsInPluginsBlock$AndroidxComposeUiLibraryAccessors: loaded 3 times (x 85B)
Class com.android.build.gradle.internal.dsl.BundleOptionsStoreArchive$AgpDecorated    : loaded 3 times (x 81B)
Class com.android.build.gradle.internal.dsl.ApplicationExtensionImpl$AgpDecorated_Decorated: loaded 3 times (x 475B)
Class com.android.build.gradle.TestedExtension                                        : loaded 3 times (x 215B)
Class org.jetbrains.kotlin.gradle.report.ReportingSettings                            : loaded 3 times (x 72B)
Class org.jetbrains.kotlin.gradle.plugin.KotlinBasePluginWrapper                      : loaded 3 times (x 86B)
Class com.android.build.gradle.internal.plugins.BasePlugin$Companion$createAndroidJdkImageConfiguration$2: loaded 3 times (x 74B)
Class com.android.build.gradle.internal.ManagedDeviceUtilsKt                          : loaded 3 times (x 71B)
Class com.google.protobuf.DescriptorProtos$UninterpretedOptionOrBuilder               : loaded 3 times (x 70B)
Class com.android.tools.build.gradle.internal.profile.BooleanOption                   : loaded 3 times (x 87B)
Class com.android.build.api.variant.HasUnitTestBuilder                                : loaded 3 times (x 70B)
Class com.google.gson.internal.bind.TypeAdapters$22                                   : loaded 3 times (x 75B)
Class com.google.gson.TypeAdapter$1                                                   : loaded 3 times (x 74B)
Class com.google.gson.FieldNamingPolicy$2                                             : loaded 3 times (x 83B)
Class com.google.gson.internal.Excluder$1                                             : loaded 3 times (x 74B)
Class com.android.build.gradle.options.ApiStage$Deprecated                            : loaded 3 times (x 72B)
Class com.android.ide.common.blame.SourceFileJsonTypeAdapter                          : loaded 3 times (x 75B)
Class com.android.build.gradle.internal.services.GlobalServiceRegistrationAction      : loaded 3 times (x 73B)
Class org.gradle.accessors.dm.LibrariesForLibsInPluginsBlock$AndroidxActivityLibraryAccessors: loaded 3 times (x 77B)
Class org.gradle.accessors.dm.LibrariesForLibsInPluginsBlock$AndroidxComposeUiToolingLibraryAccessors: loaded 3 times (x 83B)
Class org.jetbrains.kotlin.gradle.plugin.KotlinCompilerPluginSupportPlugin            : loaded 3 times (x 70B)
Class com.android.build.gradle.internal.plugins.BasePlugin$Companion                  : loaded 3 times (x 71B)
Class [Lcom.android.build.gradle.options.ReplacedOption;                              : loaded 3 times (x 69B)
Class com.google.gson.internal.bind.ObjectTypeAdapter$1                               : loaded 3 times (x 76B)
Class org.gradle.internal.exceptions.NonGradleCauseExceptionsHolder                   : loaded 3 times (x 70B)
Class org.gradle.tooling.model.idea.IdeaModuleDependency                              : loaded 3 times (x 70B)
Class org.gradle.tooling.internal.adapter.ViewBuilder                                 : loaded 3 times (x 70B)
Class com.android.build.gradle.internal.lint.AndroidLintGlobalTask$LintFixCreationAction$Companion: loaded 3 times (x 71B)
Class com.android.build.api.artifact.impl.SinglePropertyAdapter                       : loaded 3 times (x 78B)
Class com.android.build.api.artifact.impl.TypedStorageProvider                        : loaded 3 times (x 72B)
Class com.android.build.gradle.internal.plugins.BasePlugin$globalConfig$2$1           : loaded 3 times (x 79B)
Class com.android.build.gradle.internal.dsl.TestOptions$suites$2                      : loaded 3 times (x 79B)
Class com.android.build.gradle.internal.dsl.VariantDimensionBinaryCompatibilityFixParent: loaded 3 times (x 70B)
Class com.android.ide.common.gradle.Version                                           : loaded 3 times (x 75B)
Class org.jetbrains.kotlin.gradle.dsl.JvmDefaultMode                                  : loaded 3 times (x 79B)
Class org.jetbrains.kotlin.gradle.plugin.ProjectLocalConfigurations$ProjectLocalCompatibility: loaded 3 times (x 76B)
Class org.jetbrains.kotlin.gradle.plugin.internal.DefaultMavenPublicationComponentAccessor: loaded 3 times (x 75B)
Class org.jetbrains.kotlin.gradle.plugin.internal.DefaultProjectIsolationStartParameterAccessor$Factory: loaded 3 times (x 76B)
Class org.jetbrains.kotlin.gradle.dsl.KotlinJvmCompilerOptions                        : loaded 3 times (x 70B)
Class com.android.build.gradle.internal.services.VersionedSdkLoaderService$versionedSdkLoader$2$1: loaded 3 times (x 75B)
Class com.android.build.gradle.internal.ide.dependencies.LibraryDependencyCacheBuildService$Parameters: loaded 3 times (x 70B)
Class com.google.protobuf.DescriptorProtos$EnumValueOptions$Builder                   : loaded 3 times (x 357B)
Class [Lcom.google.protobuf.Descriptors$FileDescriptor;                               : loaded 3 times (x 69B)
Class com.google.wireless.android.sdk.stats.GradleBuildMemorySample                   : loaded 3 times (x 203B)
Class com.android.build.gradle.internal.res.Aapt2FromMaven$Companion$create$aapt2Directory$1$1: loaded 3 times (x 74B)
Class com.google.gson.internal.bind.TypeAdapters$23                                   : loaded 3 times (x 75B)
Class com.google.common.collect.ForwardingMap                                         : loaded 3 times (x 132B)
Class com.google.gson.FieldNamingPolicy$3                                             : loaded 3 times (x 83B)
Class com.google.wireless.android.sdk.stats.JavaProcessStatsOrBuilder                 : loaded 3 times (x 70B)
Class com.android.build.gradle.options.ProjectOptions$OptionValue                     : loaded 3 times (x 72B)
Class com.android.build.api.dsl.ApkExtension                                          : loaded 3 times (x 70B)
Class org.gradle.accessors.dm.LibrariesForLibs$AndroidxComposeUiTestLibraryAccessors  : loaded 3 times (x 78B)
Class org.jetbrains.plugins.gradle.model.AnnotationProcessingConfig                   : loaded 3 times (x 70B)
Class com.google.gson.internal.bind.DefaultDateTypeAdapter$DateType$1                 : loaded 3 times (x 73B)
Class com.android.build.gradle.internal.plugins.AndroidPluginBaseServices$projectServices$2$1$1: loaded 3 times (x 125B)
Class com.google.protobuf.UnsafeUtil$JvmMemoryAccessor                                : loaded 3 times (x 91B)
Class com.android.prefs.AndroidPathLocator                                            : loaded 3 times (x 73B)
Class com.android.build.gradle.internal.services.ClassesHierarchyBuildService         : loaded 3 times (x 80B)
Class com.google.wireless.android.sdk.stats.GradleIntegerOptionEntryOrBuilder         : loaded 3 times (x 70B)
Class com.android.tools.build.gradle.internal.profile.BooleanOption$1                 : loaded 3 times (x 76B)
Class com.google.protobuf.DescriptorProtos$EnumValueDescriptorProto                   : loaded 3 times (x 202B)
Class com.google.protobuf.MessageReflection$MergeTarget                               : loaded 3 times (x 70B)
Class com.android.build.gradle.internal.tasks.ExtractProguardFiles$CreationAction$handleProvider$1: loaded 3 times (x 127B)
Class com.android.build.gradle.internal.dsl.SdkComponentsImpl$ndkDirectory$2          : loaded 3 times (x 79B)
Class com.android.build.gradle.internal.dsl.Splits$AgpDecorated_Decorated             : loaded 3 times (x 129B)
Class com.android.repository.Revision$Precision                                       : loaded 3 times (x 79B)
Class com.android.build.api.dsl.ApplicationInstallation                               : loaded 3 times (x 70B)
Class com.android.build.api.dsl.ConfigurableFiles                                     : loaded 3 times (x 70B)
Class org.jetbrains.kotlin.gradle.utils.Completable                                   : loaded 3 times (x 72B)
Class org.jetbrains.kotlin.gradle.plugin.DefaultKotlinBasePlugin$addKotlinCompilerConfiguration$2$1: loaded 3 times (x 75B)
Class org.jetbrains.kotlin.gradle.plugin.internal.DefaultCompatibilityConventionRegistrar$Factory: loaded 3 times (x 76B)
Class com.android.builder.internal.StringCachingService                               : loaded 3 times (x 70B)
Class com.google.protobuf.Internal$EnumLiteMap                                        : loaded 3 times (x 70B)
Class com.google.wireless.android.sdk.stats.GradleBuildProject$CompileOptionsOrBuilder: loaded 3 times (x 70B)
Class com.google.wireless.android.sdk.stats.GradleBuildMemorySample$1                 : loaded 3 times (x 151B)
Class com.google.gson.internal.bind.TypeAdapters$34$1                                 : loaded 3 times (x 74B)
Class com.google.gson.internal.bind.TypeAdapters$24                                   : loaded 3 times (x 75B)
Class com.google.gson.FieldNamingPolicy$4                                             : loaded 3 times (x 83B)
Class org.jetbrains.kotlin.gradle.plugin.internal.CustomPropertiesFileValueSource$Inject_: loaded 3 times (x 113B)
Class com.android.build.gradle.options.FeatureStage$Experimental                      : loaded 3 times (x 72B)
Class [Lcom.android.build.gradle.internal.errors.DeprecationReporter$DeprecationTarget;: loaded 3 times (x 69B)
Class com.android.build.gradle.internal.services.ProjectServices                      : loaded 3 times (x 72B)
Class org.jetbrains.kotlin.gradle.plugin.PropertiesProvider$booleanPropertyWithDeprecatedValues$1: loaded 3 times (x 78B)
Class com.android.build.gradle.internal.dependency.JacocoInstrumentationService$RegistrationAction: loaded 3 times (x 74B)
Class com.android.build.gradle.internal.services.FakeDependencyJarBuildService        : loaded 3 times (x 82B)
Class org.jetbrains.kotlin.gradle.plugin.KotlinBasePlugin                             : loaded 3 times (x 70B)
Class com.android.build.gradle.internal.SdkLocationSourceSet                          : loaded 3 times (x 72B)
Class com.android.build.gradle.internal.services.VariantBuilderServicesImpl           : loaded 3 times (x 88B)
Class com.android.build.gradle.internal.dsl.BundleOptionsDensity$AgpDecorated_Decorated: loaded 3 times (x 125B)
Class com.android.build.gradle.internal.dsl.AdbOptions                                : loaded 3 times (x 88B)
Class com.android.build.api.artifact.ArtifactKind                                     : loaded 3 times (x 72B)
Class com.android.build.gradle.internal.dsl.PackagingOptions                          : loaded 3 times (x 111B)
Class com.android.build.api.dsl.JavaCompileOptions                                    : loaded 3 times (x 70B)
Class com.android.build.gradle.internal.dsl.BundleOptionsTexture                      : loaded 3 times (x 81B)
Class org.bouncycastle.operator.OperatorCreationException                             : loaded 3 times (x 82B)
Class org.jetbrains.kotlin.gradle.dsl.DefaultToolchainSupport                         : loaded 3 times (x 76B)
Class org.jetbrains.kotlin.gradle.plugin.VariantImplementationFactories$Inject_       : loaded 3 times (x 106B)
Class org.jetbrains.kotlin.gradle.plugin.internal.CustomPropertiesFileValueSource     : loaded 3 times (x 82B)
Class org.jetbrains.kotlin.gradle.InternalKotlinGradlePluginApi                       : loaded 3 times (x 70B)
Class com.android.build.gradle.internal.plugins.BasePlugin$versionedSdkLoaderService$2$1: loaded 3 times (x 79B)
Class [Lcom.android.prefs.VariableType;                                               : loaded 3 times (x 69B)
Class com.google.protobuf.DescriptorProtos$EnumOptions                                : loaded 3 times (x 254B)
Class org.jetbrains.kotlin.gradle.internal.ClassLoadersCachingBuildService$Companion$registerIfAbsent$2$1$1: loaded 3 times (x 75B)
Class com.google.protobuf.LazyStringList                                              : loaded 3 times (x 70B)
Class com.google.gson.internal.bind.TypeAdapters$25                                   : loaded 3 times (x 75B)
Class com.google.gson.FieldNamingPolicy$5                                             : loaded 3 times (x 83B)
Class com.android.utils.Environment$Companion                                         : loaded 3 times (x 71B)
Class com.android.build.gradle.internal.plugins.VersionCheckPlugin$apply$1            : loaded 3 times (x 79B)
Class org.gradle.accessors.dm.LibrariesForLibs$AndroidPluginAccessors                 : loaded 3 times (x 74B)
Class org.jetbrains.kotlin.gradle.plugin.KotlinBaseApiPlugin_Decorated                : loaded 3 times (x 163B)
Class org.gradle.tooling.internal.adapter.ProtocolToModelAdapter$ReflectionMethodInvoker: loaded 3 times (x 76B)
Class org.jetbrains.kotlin.gradle.utils.AndroidPluginIdsKt                            : loaded 3 times (x 71B)
Class org.jetbrains.kotlin.gradle.internal.diagnostics.AgpCompatibilityCheck$runAgpCompatibilityCheckIfAgpIsApplied$1$1: loaded 3 times (x 75B)
Class com.android.build.gradle.internal.plugins.BasePlugin$variantManager$2$1         : loaded 3 times (x 79B)
Class com.android.build.gradle.internal.tasks.factory.GlobalTaskCreationConfigImpl$Companion: loaded 3 times (x 71B)
Class com.android.build.api.dsl.UnitTestOptions                                       : loaded 3 times (x 70B)
Class com.android.builder.core.ToolsRevisionUtils                                     : loaded 3 times (x 71B)
Class com.android.builder.model.BaseConfig                                            : loaded 3 times (x 70B)
Class com.android.build.gradle.internal.dsl.AndroidSourceSetFactory                   : loaded 3 times (x 77B)
Class [Lcom.google.wireless.android.sdk.stats.GradleBuildVariant$VariantType;         : loaded 3 times (x 69B)
Class [Lcom.android.ide.common.gradle.Separator;                                      : loaded 3 times (x 69B)
Class org.jetbrains.kotlin.gradle.internal.properties.NativePropertiesLoader$konanDataDirProperty$1: loaded 3 times (x 75B)
Class org.jetbrains.kotlin.gradle.plugin.KotlinGradleBuildServices$Inject_            : loaded 3 times (x 100B)
Class org.jetbrains.kotlin.gradle.plugin.KotlinGradleBuildServices$Companion$registerIfAbsent$2$1: loaded 3 times (x 79B)
Class org.jetbrains.kotlin.gradle.plugin.PropertiesProvider$keepIncrementalCompilationCachesInMemory$1: loaded 3 times (x 79B)
Class org.jetbrains.kotlin.gradle.plugin.VariantImplementationFactoriesConfigurator$Inject_: loaded 3 times (x 96B)
Class org.jetbrains.kotlin.gradle.targets.native.KonanPropertiesBuildService$Companion$registerIfAbsent$1: loaded 3 times (x 75B)
Class com.android.prefs.QueryResult                                                   : loaded 3 times (x 82B)
Class com.google.protobuf.FieldSet                                                    : loaded 3 times (x 72B)
Class com.android.build.gradle.internal.packaging.GradleKeystoreHelper                : loaded 3 times (x 71B)
Class com.android.tools.analytics.HostData$runtimeBean$2                              : loaded 3 times (x 78B)
Class com.google.protobuf.MutabilityOracle                                            : loaded 3 times (x 70B)
Class com.google.protobuf.GeneratedMessageV3$Builder                                  : loaded 3 times (x 278B)
Class com.google.gson.internal.bind.ArrayTypeAdapter                                  : loaded 3 times (x 74B)
Class com.google.gson.internal.bind.TypeAdapters$26                                   : loaded 3 times (x 75B)
Class com.google.gson.FieldNamingPolicy$6                                             : loaded 3 times (x 83B)
Class com.android.build.gradle.options.ApiStage$Removed                               : loaded 3 times (x 72B)
Class com.android.build.gradle.internal.plugins.BasePlugin$apply$1                    : loaded 3 times (x 75B)
Class org.jetbrains.kotlin.gradle.plugin.PropertiesProvider$preciseCompilationResultsBackup$1: loaded 3 times (x 79B)
Class org.jetbrains.kotlin.gradle.plugin.KotlinGradleBuildServices$Companion$registerIfAbsent$2$1$1: loaded 3 times (x 75B)
Class com.android.build.gradle.internal.dsl.JavaCompileOptions                        : loaded 3 times (x 82B)
Class kotlin.enums.EnumEntriesKt                                                      : loaded 3 times (x 71B)
Class org.jetbrains.kotlin.gradle.plugin.mpp.KotlinUsages$setupAttributesMatchingStrategy$1: loaded 3 times (x 74B)
Class com.android.build.gradle.internal.api.ReadOnlyObjectProvider                    : loaded 3 times (x 76B)
Class com.android.builder.core.LibraryRequest                                         : loaded 3 times (x 72B)
Class com.google.common.base.Enums                                                    : loaded 3 times (x 71B)
Class com.android.builder.model.VectorDrawablesOptions                                : loaded 3 times (x 70B)
Class com.android.build.gradle.internal.dsl.OptimizationImpl                          : loaded 3 times (x 86B)
Class com.android.build.gradle.internal.dsl.PrivacySandboxKeepRulesImpl               : loaded 3 times (x 88B)
Class com.android.build.gradle.internal.dsl.MaxSdkSpecImpl                            : loaded 3 times (x 79B)
Class com.android.build.gradle.internal.dsl.DefaultConfig                             : loaded 3 times (x 438B)
Class org.jetbrains.kotlin.gradle.plugin.UsesVariantImplementationFactories           : loaded 3 times (x 70B)
Class org.jetbrains.kotlin.gradle.internal.Kapt3GradleSubplugin                       : loaded 3 times (x 83B)
Class com.android.build.gradle.internal.services.AndroidLocationsBuildService$AndroidDirectoryCreator$Inject_: loaded 3 times (x 111B)
Class com.google.protobuf.Android                                                     : loaded 3 times (x 71B)
Class com.google.protobuf.Descriptors$DescriptorValidationException                   : loaded 3 times (x 85B)
Class com.android.build.gradle.internal.dsl.InternalPrivacySandboxSdkExtension        : loaded 3 times (x 70B)
Class com.google.gson.internal.bind.TypeAdapters$27                                   : loaded 3 times (x 75B)
Class com.google.gson.FieldNamingPolicy$7                                             : loaded 3 times (x 83B)
Class com.android.build.gradle.internal.dsl.decorator.annotation.NonNullableSetter    : loaded 3 times (x 70B)
Class [Lcom.android.build.gradle.options.BooleanOption;                               : loaded 3 times (x 69B)
Class com.android.build.gradle.internal.services.ServiceRegistrationAction$execute$1  : loaded 3 times (x 75B)
Class [Lcom.google.common.util.concurrent.DirectExecutor;                             : loaded 3 times (x 69B)
Class com.intellij.gradle.toolingExtension.model.repositoryModel.ProjectRepositoriesModel: loaded 3 times (x 70B)
Class org.jetbrains.kotlin.gradle.plugin.mpp.AbstractKotlinTarget$components$2        : loaded 3 times (x 79B)
Class com.android.build.api.dsl.ApkSigningConfig                                      : loaded 3 times (x 70B)
Class com.android.build.api.dsl.BundleTexture                                         : loaded 3 times (x 70B)
Class com.android.build.gradle.internal.dsl.KmpOptimizationImpl                       : loaded 3 times (x 83B)
Class com.android.build.gradle.internal.api.DefaultAndroidSourceSet$AndroidSourceDirectorySetFactory: loaded 3 times (x 75B)
Class com.android.build.gradle.internal.tasks.factory.BootClasspathConfigImpl$1       : loaded 3 times (x 79B)
Class kotlin.KotlinNullPointerException                                               : loaded 3 times (x 83B)
Class com.android.build.gradle.internal.dsl.SdkComponentsImpl$aidl$2                  : loaded 3 times (x 79B)
Class com.android.build.gradle.internal.dsl.CmakeOptions$AgpDecorated                 : loaded 3 times (x 102B)
Class com.android.build.gradle.internal.dependency.SourceSetManager$createConfigurationsForSourceSet$createKaptConfiguration$1: loaded 3 times (x 79B)
Class com.android.build.gradle.internal.dsl.JavaCompileOptions$AgpDecorated           : loaded 3 times (x 86B)
Class com.android.build.gradle.internal.dsl.CoreExternalNativeNdkBuildOptions         : loaded 3 times (x 70B)
Class com.android.build.api.dsl.NdkBuildFlags                                         : loaded 3 times (x 70B)
Class com.google.common.base.CaseFormat                                               : loaded 3 times (x 83B)
Class com.android.build.gradle.internal.dsl.DefaultConfig$AgpDecorated_Decorated      : loaded 3 times (x 517B)
Class org.jetbrains.kotlin.gradle.plugin.mpp.AbstractKotlinTarget$kotlinComponents$2  : loaded 3 times (x 79B)
Class org.jetbrains.kotlin.gradle.plugin.KotlinPlatformType$CompatibilityRule         : loaded 3 times (x 76B)
Class org.jetbrains.kotlin.gradle.internal.properties.NativePropertiesLoader$actualNativeHomeDirectory$1: loaded 3 times (x 75B)
Class org.jetbrains.kotlin.gradle.internal.properties.NativePropertiesKt              : loaded 3 times (x 71B)
Class com.android.tools.build.gradle.internal.profile.IntegerOption                   : loaded 3 times (x 87B)
Class [Lcom.google.protobuf.Descriptors$GenericDescriptor;                            : loaded 3 times (x 69B)
Class com.android.build.api.dsl.DeviceGroup                                           : loaded 3 times (x 70B)
Class com.android.build.gradle.internal.dsl.BundleOptionsLanguage$AgpDecorated_Decorated: loaded 3 times (x 125B)
Class com.android.build.gradle.internal.dsl.BundleOptionsCountrySet$AgpDecorated_Decorated: loaded 3 times (x 130B)
Class com.google.gson.internal.bind.TypeAdapters$EnumTypeAdapter                      : loaded 3 times (x 74B)
Class com.google.gson.internal.bind.TypeAdapters$28                                   : loaded 3 times (x 75B)
Class [Lcom.google.gson.LongSerializationPolicy;                                      : loaded 3 times (x 69B)
Class com.android.build.api.variant.CanMinifyCodeBuilder                              : loaded 3 times (x 70B)
Class org.gradle.internal.exceptions.MultiCauseException                              : loaded 3 times (x 70B)
Class org.gradle.internal.time.CountdownTimer                                         : loaded 3 times (x 70B)
Class kotlin.jvm.internal.Intrinsics                                                  : loaded 3 times (x 71B)
Class com.android.build.gradle.internal.errors.AndroidProblemReporterProvider$Parameters: loaded 3 times (x 70B)
Class com.android.build.gradle.internal.errors.AndroidProblemReporterProvider$Parameters_Decorated: loaded 3 times (x 130B)
Class com.android.build.gradle.internal.dsl.BaseAppModuleExtension_Decorated          : loaded 3 times (x 547B)
Class com.android.build.gradle.internal.api.artifact.SourceArtifactType$JNI           : loaded 3 times (x 74B)
Class com.android.build.gradle.internal.dsl.VcsInfoImpl$AgpDecorated                  : loaded 3 times (x 81B)
Class com.android.build.gradle.internal.dsl.LibraryAndroidResourcesImpl               : loaded 3 times (x 121B)
Class com.android.build.gradle.internal.model.CoreExternalNativeBuild                 : loaded 3 times (x 70B)
Class com.android.build.api.dsl.ApplicationProductFlavor                              : loaded 3 times (x 70B)
Class org.jetbrains.kotlin.gradle.dsl.KotlinVersion                                   : loaded 3 times (x 79B)
Class org.jetbrains.kotlin.gradle.internal.properties.NativePropertiesLoader$actualNativeHomeDirectory$2: loaded 3 times (x 74B)
Class org.jetbrains.kotlin.gradle.utils.StoredPropertyKt                              : loaded 3 times (x 71B)
Class com.google.protobuf.DescriptorProtos$FileOptions$Builder                        : loaded 3 times (x 403B)
Class com.google.wireless.android.sdk.stats.GradleProjectOptionsSettings$1            : loaded 3 times (x 151B)
Class com.android.build.api.artifact.impl.SingleInitialProviderRequestImpl$on$1       : loaded 3 times (x 75B)
Class com.google.protobuf.AbstractProtobufList                                        : loaded 3 times (x 229B)
Class com.google.gson.internal.bind.MapTypeAdapterFactory                             : loaded 3 times (x 75B)
Class com.google.gson.internal.bind.TypeAdapters$29                                   : loaded 3 times (x 75B)
Class com.google.gson.JsonNull                                                        : loaded 3 times (x 92B)
Class com.android.build.gradle.internal.dsl.JavaCompileOptions$AgpDecorated_Decorated : loaded 3 times (x 130B)
Class com.google.common.util.concurrent.ListeningScheduledExecutorService             : loaded 3 times (x 70B)
Class org.gradle.accessors.dm.LibrariesForLibs$AndroidxLibraryAccessors               : loaded 3 times (x 82B)
Class com.android.tools.analytics.Environment$EnvironmentVariable                     : loaded 3 times (x 79B)
Class com.google.protobuf.Message$Builder                                             : loaded 3 times (x 70B)
Class com.android.tools.analytics.HostData$graphicsEnvironment$2                      : loaded 3 times (x 78B)
Class org.gradle.tooling.model.ProjectModel                                           : loaded 3 times (x 70B)
Class com.google.protobuf.LazyField                                                   : loaded 3 times (x 85B)
Class com.google.protobuf.Descriptors$NumberGetter                                    : loaded 3 times (x 70B)
Class org.jetbrains.kotlin.gradle.plugin.internal.ProjectIsolationStartParameterAccessor$Factory: loaded 3 times (x 70B)
Class org.jetbrains.kotlin.gradle.plugin.VariantImplementationFactories$Companion$getProvider$2$1$1: loaded 3 times (x 75B)
Class org.jetbrains.kotlin.gradle.report.BuildReportMode                              : loaded 3 times (x 79B)
Class org.jetbrains.kotlin.gradle.internal.properties.NativePropertiesLoader$actualNativeHomeDirectory$3: loaded 3 times (x 75B)
Class com.android.ide.common.gradle.Version$Companion$ParseState$EMPTY                : loaded 3 times (x 74B)
Class com.android.build.gradle.internal.cxx.configure.NativeModelBuilderOutcome$Builder: loaded 3 times (x 322B)
Class com.android.build.gradle.internal.variant.VariantModelImpl                      : loaded 3 times (x 87B)
Class com.android.build.api.variant.VariantSelector                                   : loaded 3 times (x 70B)
Class com.android.build.gradle.api.InstallableVariant                                 : loaded 3 times (x 70B)
Class com.android.build.gradle.internal.dsl.PackagingOptions$AgpDecorated_Decorated   : loaded 3 times (x 162B)
Class com.android.build.gradle.internal.dsl.LintImpl$AgpDecorated_Decorated           : loaded 3 times (x 303B)
Class com.android.build.gradle.internal.dsl.CoreProductFlavor                         : loaded 3 times (x 70B)
Class com.android.build.api.dsl.BuildType                                             : loaded 3 times (x 70B)
Class jdk.internal.jrtfs.JrtFileSystem                                                : loaded 2 times (x 102B)
Class com.android.build.gradle.internal.GradleLocalPropertiesFactory$get$propertiesContent$1: loaded 2 times (x 75B)
Class org.gradle.tooling.internal.consumer.versioning.VersionDetails                  : loaded 2 times (x 80B)
Class org.gradle.tooling.model.gradle.GradleBuild                                     : loaded 2 times (x 70B)
Class io.opentelemetry.api.trace.Span                                                 : loaded 2 times (x 70B)
Class org.gradle.tooling.internal.consumer.versioning.VersionDetails$R51VersionDetails: loaded 2 times (x 80B)
Class org.gradle.tooling.internal.consumer.connection.NestedActionAwareBuildControllerAdapter: loaded 2 times (x 101B)
Class org.jetbrains.plugins.gradle.tooling.builder.AnnotationProcessingModelBuilder   : loaded 2 times (x 86B)
Class com.intellij.gradle.toolingExtension.impl.model.dependencyModel.DependencyWriteContext: loaded 2 times (x 72B)
Class com.intellij.gradle.toolingExtension.impl.model.projectModel.GradleExternalProjectSerializationService$ReadContext: loaded 2 times (x 73B)
Class org.jetbrains.kotlin.gradle.plugin.SubpluginArtifact                            : loaded 2 times (x 72B)
Class com.android.build.gradle.internal.EnvironmentVariablesPropertiesFactory         : loaded 2 times (x 71B)
Class org.gradle.internal.classloader.SystemClassLoaderSpec                           : loaded 2 times (x 71B)
Class jdk.internal.jimage.decompressor.CompressedResourceHeader                       : loaded 2 times (x 71B)
Class com.android.build.gradle.internal.ide.SyncIssueImpl                             : loaded 2 times (x 79B)
Class com.intellij.gradle.toolingExtension.modelAction.GradleBuildFinishedModelFetchPhase: loaded 2 times (x 81B)
Class com.android.tools.idea.gradle.project.sync.GradleSyncStudioFlags                : loaded 2 times (x 72B)
Class io.opentelemetry.context.propagation.NoopTextMapPropagator                      : loaded 2 times (x 76B)
Class gnu.trove.TObjectCanonicalHashingStrategy                                       : loaded 2 times (x 78B)
Class org.jetbrains.plugins.gradle.model.GradleProperty                               : loaded 2 times (x 70B)
Class org.jetbrains.kotlin.idea.projectModel.ExtraFeatures                            : loaded 2 times (x 70B)
Class org.jetbrains.plugins.gradle.tooling.ModelBuilderService$Ex                     : loaded 2 times (x 70B)
Class com.intellij.openapi.externalSystem.model.project.dependencies.ComponentDependencies: loaded 2 times (x 70B)
Class com.android.build.gradle.internal.SystemPropertiesFactory                       : loaded 2 times (x 71B)
Class org.jetbrains.kotlin.idea.gradleTooling.KotlinDslScriptModelProvider            : loaded 2 times (x 79B)
Class gnu.trove.TObjectHashingStrategy                                                : loaded 2 times (x 70B)
Class com.google.common.cache.LocalCache$HashIterator                                 : loaded 2 times (x 86B)
Class com.google.common.cache.LocalCache$WriteThroughEntry                            : loaded 2 times (x 79B)
Class io.opentelemetry.context.LazyStorage                                            : loaded 2 times (x 71B)
Class org.jetbrains.plugins.gradle.tooling.ModelBuilderService$Parameter              : loaded 2 times (x 70B)
Class ijInit1_5uw22s6ndsfau100zbogb21re$_run_closure1                                 : loaded 2 times (x 140B)
Class jdk.internal.jimage.ImageStrings                                                : loaded 2 times (x 70B)
Class org.gradle.tooling.internal.consumer.versioning.VersionDetails$R35VersionDetails: loaded 2 times (x 80B)
Class org.gradle.tooling.model.eclipse.HierarchicalEclipseProject                     : loaded 2 times (x 70B)
Class io.opentelemetry.api.trace.TraceState                                           : loaded 2 times (x 70B)
Class org.gradle.tooling.internal.adapter.ProtocolToModelAdapter$TypeSpecificMappingAction: loaded 2 times (x 81B)
Class org.gradle.tooling.model.eclipse.EclipseExternalDependency                      : loaded 2 times (x 70B)
Class com.intellij.gradle.toolingExtension.impl.model.dependencyGraphModel.GradleDependencyReportGenerator: loaded 2 times (x 73B)
Class gnu.trove.Equality                                                              : loaded 2 times (x 70B)
Class io.opentelemetry.api.trace.AutoValue_ArrayBasedTraceState                       : loaded 2 times (x 87B)
Class org.jetbrains.plugins.gradle.tooling.util.ObjectCollector$Processor             : loaded 2 times (x 70B)
Class gnu.trove.TObjectHash                                                           : loaded 2 times (x 94B)
Class sync_studio_tooling8_5uvboe4va467rgtkxk94yz1xa                                  : loaded 2 times (x 171B)
Class org.gradle.tooling.internal.adapter.WeakIdentityHashMap$AbsentValueProvider     : loaded 2 times (x 70B)
Class io.opentelemetry.api.trace.TracerProvider                                       : loaded 2 times (x 70B)
Class org.gradle.internal.classpath.DefaultClassPath$ImmutableUniqueList$Builder      : loaded 2 times (x 75B)
Class org.gradle.tooling.internal.adapter.ProtocolToModelAdapter$SafeMethodInvoker    : loaded 2 times (x 76B)
Class org.gradle.tooling.internal.adapter.WeakIdentityHashMap$WeakKey                 : loaded 2 times (x 79B)
Class io.opentelemetry.api.OpenTelemetry                                              : loaded 2 times (x 70B)
Class com.android.build.gradle.internal.errors.SyncIssueReporterImpl$WhenMappings     : loaded 2 times (x 71B)
Class com.android.tools.idea.gradle.project.sync.VariantDetails                       : loaded 2 times (x 72B)
Class [Lcom.android.build.gradle.internal.SdkLocator$PropertyLocation;                : loaded 2 times (x 69B)
Class org.gradle.tooling.BuildController                                              : loaded 2 times (x 70B)
Class com.android.tools.idea.gradle.project.sync.SyncProjectActionOptions             : loaded 2 times (x 73B)
Class io.opentelemetry.api.trace.ArrayBasedTraceStateBuilder                          : loaded 2 times (x 77B)
Class org.jetbrains.plugins.gradle.model.GradleSourceSetModel                         : loaded 2 times (x 70B)
Class com.intellij.gradle.toolingExtension.impl.model.sourceSetDependencyModel.GradleSourceSetDependencySerialisationService: loaded 2 times (x 77B)
Class org.jetbrains.plugins.gradle.tooling.serialization.internal.IdeaProjectSerializationService$WriteContext: loaded 2 times (x 72B)
Class jdk.internal.jimage.decompressor.ZipDecompressor                                : loaded 2 times (x 75B)
Class com.android.build.gradle.internal.dsl.CompileSdkDelegate$parseAndSetCompileSdkVersion$3$1: loaded 2 times (x 79B)
Class org.jetbrains.kotlin.idea.gradleTooling.PrepareKotlinIdeaImportTaskModelBuilder : loaded 2 times (x 86B)
Class org.jetbrains.kotlin.gradle.dsl.KotlinTargetContainerWithWasmPresetFunctions    : loaded 2 times (x 70B)
Class Settings_gradle                                                                 : loaded 2 times (x 124B)
Class com.android.build.gradle.internal.SdkLocator$SdkLocationSource$TEST_SDK_DIRECTORY: loaded 2 times (x 80B)
Class org.gradle.tooling.model.eclipse.EclipseProject                                 : loaded 2 times (x 70B)
Class org.jetbrains.kotlin.idea.gradleTooling.model.allopen.AllOpenModelBuilderService: loaded 2 times (x 85B)
Class org.jetbrains.plugins.gradle.tooling.serialization.ExternalTestsSerializationService$ReadContext: loaded 2 times (x 72B)
Class org.gradle.internal.classloader.VisitableURLClassLoader                         : loaded 2 times (x 117B)
Class [Lcom.android.build.gradle.internal.SdkType;                                    : loaded 2 times (x 69B)
Class [Lcom.android.build.gradle.internal.SdkLocator$SdkLocationSource;               : loaded 2 times (x 69B)
Class com.android.tools.idea.gradle.project.sync.AndroidExtraModelProviderImpl        : loaded 2 times (x 72B)
Class io.opentelemetry.context.propagation.TextMapSetter                              : loaded 2 times (x 70B)
Class io.opentelemetry.context.ContextKey                                             : loaded 2 times (x 70B)
Class io.opentelemetry.api.trace.ArrayBasedTraceState                                 : loaded 2 times (x 86B)
Class org.gradle.tooling.internal.adapter.ProtocolToModelAdapter$ViewGraphDetails$1   : loaded 2 times (x 77B)
Class com.intellij.gradle.toolingExtension.impl.modelBuilder.DefaultModelBuilderContext: loaded 2 times (x 77B)
Class com.intellij.gradle.toolingExtension.impl.model.warmUp.GradleTaskWarmUpService  : loaded 2 times (x 86B)
Class Settings_gradle$1$1                                                             : loaded 2 times (x 74B)
Class com.intellij.gradle.toolingExtension.impl.model.projectModel.GradleExternalProjectSerializationService: loaded 2 times (x 77B)
Class io.opentelemetry.api.trace.PropagatedSpan                                       : loaded 2 times (x 112B)
Class com.intellij.gradle.toolingExtension.modelProvider.GradleClassBuildModelProvider: loaded 2 times (x 80B)
Class com.google.common.base.Joiner$1                                                 : loaded 2 times (x 80B)
Class io.opentelemetry.api.trace.Tracer                                               : loaded 2 times (x 70B)
Class org.gradle.tooling.internal.adapter.ProtocolToModelAdapter$DefaultViewBuilder   : loaded 2 times (x 80B)
Class org.jetbrains.kotlin.idea.gradleTooling.KotlinGradleModelBuilder                : loaded 2 times (x 86B)
Class org.jetbrains.kotlin.idea.gradleTooling.IdeaKpmProjectProvider                  : loaded 2 times (x 78B)
Class org.jetbrains.plugins.gradle.tooling.builder.IntelliJProjectSettingsBuilder     : loaded 2 times (x 78B)
Class org.gradle.internal.classloader.ClassLoaderSpec                                 : loaded 2 times (x 71B)
Class [Lio.opentelemetry.context.ThreadLocalContextStorage;                           : loaded 2 times (x 69B)
Class org.gradle.tooling.model.cpp.CppBinary                                          : loaded 2 times (x 70B)
Class org.jetbrains.kotlin.idea.gradleTooling.KotlinDslScriptTaskModelBuilder         : loaded 2 times (x 86B)
Class jdk.internal.jimage.decompressor.ZipDecompressorFactory                         : loaded 2 times (x 74B)
Class org.gradle.tooling.internal.consumer.versioning.VersionDetails$R26VersionDetails: loaded 2 times (x 80B)
Class com.intellij.openapi.externalSystem.model.project.dependencies.ArtifactDependencyNode: loaded 2 times (x 70B)
Class org.jetbrains.kotlin.gradle.plugin.KotlinJsCompilerTypeHolder                   : loaded 2 times (x 70B)
Class org.gradle.internal.classpath.DefaultClassPath                                  : loaded 2 times (x 90B)
Class org.gradle.internal.classloader.VisitableURLClassLoader$Spec                    : loaded 2 times (x 74B)
Class org.jetbrains.kotlin.gradle.tasks.FailedCompilationException                    : loaded 2 times (x 82B)
Class com.intellij.gradle.toolingExtension.impl.model.taskModel.GradleTaskModelProvider: loaded 2 times (x 78B)
Class io.opentelemetry.api.trace.SpanId                                               : loaded 2 times (x 71B)
Class org.gradle.internal.classloader.VisitableURLClassLoader$InstrumentingVisitableURLClassLoader: loaded 2 times (x 123B)
Class com.android.tools.idea.gradle.project.sync.ModelConsumerVersion                 : loaded 2 times (x 75B)
Class org.gradle.tooling.model.ExternalDependency                                     : loaded 2 times (x 70B)
Class org.gradle.tooling.model.idea.IdeaSingleEntryLibraryDependency                  : loaded 2 times (x 70B)
Class org.gradle.internal.impldep.com.google.common.base.Preconditions                : loaded 2 times (x 71B)
Class org.gradle.tooling.model.internal.ImmutableDomainObjectSet                      : loaded 2 times (x 155B)
Class org.jetbrains.plugins.gradle.tooling.util.IntObjectMap$1                        : loaded 2 times (x 77B)
Class io.opentelemetry.context.ArrayBasedContext                                      : loaded 2 times (x 100B)
Class org.jetbrains.plugins.gradle.tooling.serialization.ExternalTestsSerializationService: loaded 2 times (x 77B)
Class io.opentelemetry.api.trace.TraceFlags                                           : loaded 2 times (x 70B)
Class com.intellij.gradle.toolingExtension.impl.model.taskModel.GradleTaskSerialisationService: loaded 2 times (x 76B)
Class org.jetbrains.kotlin.compilerRunner.GradleCompilerRunner$Companion              : loaded 2 times (x 71B)
Class com.google.common.base.Joiner$2                                                 : loaded 2 times (x 79B)
Class org.jetbrains.kotlin.compose.compiler.gradle.ComposeCompilerGradlePluginExtension: loaded 2 times (x 76B)
Class jdk.internal.jimage.ImageReader$Directory                                       : loaded 2 times (x 84B)
Class com.intellij.gradle.toolingExtension.modelAction.GradleProjectLoadedModelFetchPhase: loaded 2 times (x 81B)
Class io.opentelemetry.context.propagation.TextMapPropagator                          : loaded 2 times (x 70B)
Class org.jetbrains.plugins.gradle.model.GradleSourceSetDependencyModel               : loaded 2 times (x 70B)
Class jdk.internal.jimage.decompressor.ResourceDecompressorRepository                 : loaded 2 times (x 71B)
Class org.gradle.tooling.model.BuildModel                                             : loaded 2 times (x 70B)
Class org.jetbrains.plugins.gradle.model.FileCollectionDependency                     : loaded 2 times (x 70B)
Class io.opentelemetry.api.DefaultOpenTelemetry                                       : loaded 2 times (x 89B)
Class io.opentelemetry.api.trace.SpanBuilder                                          : loaded 2 times (x 70B)
Class com.intellij.gradle.toolingExtension.impl.model.buildScriptClasspathModel.GradleBuildScriptClasspathModelBuilder: loaded 2 times (x 86B)
Class com.intellij.gradle.toolingExtension.impl.modelAction.GradleModelHolderState    : loaded 2 times (x 77B)
Class com.intellij.gradle.toolingExtension.impl.modelBuilder.ExtraModelBuilder        : loaded 2 times (x 85B)
Class org.jetbrains.plugins.gradle.tooling.builder.WarModelBuilderImpl                : loaded 2 times (x 86B)
Class com.intellij.gradle.toolingExtension.impl.model.buildScriptClasspathModel.GradleBuildScriptClasspathSerializationService: loaded 2 times (x 77B)
Class jdk.internal.jimage.ImageReader$SharedImageReader$LocationVisitor               : loaded 2 times (x 70B)
Class io.opentelemetry.context.ThreadLocalContextStorage$ScopeImpl                    : loaded 2 times (x 79B)
Class org.gradle.api.specs.Spec                                                       : loaded 2 times (x 70B)
Class com.android.builder.model.SyncIssue                                             : loaded 2 times (x 70B)
Class com.android.tools.idea.gradle.project.sync.SyncActionOptions                    : loaded 2 times (x 72B)
Class io.opentelemetry.context.propagation.TextMapGetter                              : loaded 2 times (x 70B)
Class [Lorg.gradle.tooling.internal.adapter.MethodInvoker;                            : loaded 2 times (x 69B)
Class org.jetbrains.plugins.gradle.tooling.AbstractModelBuilderService                : loaded 2 times (x 86B)
Class com.android.build.gradle.internal.GradleLocalPropertiesFactory                  : loaded 2 times (x 71B)
Class org.jetbrains.plugins.gradle.tooling.serialization.AnnotationProcessingModelSerializationService: loaded 2 times (x 77B)
Class org.jetbrains.kotlin.idea.gradleTooling.model.parcelize.ParcelizeModelBuilderService: loaded 2 times (x 81B)
Class JetGradlePlugin                                                                 : loaded 2 times (x 96B)
Class org.jetbrains.kotlin.idea.gradleTooling.KotlinMPPGradleModel$Companion          : loaded 2 times (x 71B)
Class com.intellij.util.ReflectionUtilRt                                              : loaded 2 times (x 71B)
Class org.gradle.tooling.internal.consumer.converters.GradleProjectIdentifierMixin    : loaded 2 times (x 73B)
Class com.intellij.gradle.toolingExtension.impl.model.sourceSetDependencyModel.GradleSourceSetDependencyModelBuilder: loaded 2 times (x 86B)
Class com.intellij.gradle.toolingExtension.impl.model.sourceSetModel.GradleSourceSetSerialisationService: loaded 2 times (x 77B)
Class org.gradle.internal.classloader.ClasspathUtil                                   : loaded 2 times (x 71B)
Class jdk.internal.jrtfs.JrtPath                                                      : loaded 2 times (x 118B)
Class jdk.internal.jimage.ImageBufferCache                                            : loaded 2 times (x 71B)
Class org.jetbrains.kotlin.gradle.idea.tcs.IdeaKotlinDependency                       : loaded 2 times (x 70B)
Class com.android.tools.idea.gradle.project.sync.SingleVariantSyncActionOptions       : loaded 2 times (x 73B)
Class org.gradle.tooling.internal.adapter.ProtocolToModelAdapter$MixInMappingAction   : loaded 2 times (x 80B)
Class com.intellij.gradle.toolingExtension.impl.javaModel.manifestModel.JavaGradleManifestModelBuilder: loaded 2 times (x 86B)
Class org.jetbrains.kotlin.idea.gradleTooling.KotlinDslScriptTaskModelBuilder$Companion: loaded 2 times (x 71B)
Class org.jetbrains.plugins.gradle.tooling.serialization.internal.adapter.Supplier    : loaded 2 times (x 70B)
Class org.jetbrains.plugins.gradle.tooling.builder.EarModelBuilderImpl                : loaded 2 times (x 86B)
Class org.jetbrains.plugins.gradle.tooling.ModelBuilderService$ParameterizedModelBuilderService: loaded 2 times (x 70B)
Class org.jetbrains.plugins.gradle.tooling.serialization.SerializationService         : loaded 2 times (x 70B)
Class com.android.build.gradle.internal.tasks.BuildAnalyzer                           : loaded 2 times (x 70B)
Class com.android.build.gradle.internal.SdkLocation                                   : loaded 2 times (x 72B)
Class gnu.trove.TObjectIntProcedure                                                   : loaded 2 times (x 70B)
Class org.jetbrains.plugins.gradle.tooling.serialization.internal.IdeaProjectSerializationService$WriteContext$8: loaded 2 times (x 83B)
Class org.jetbrains.plugins.gradle.tooling.serialization.internal.IdeaProjectSerializationService$WriteContext$7: loaded 2 times (x 83B)
Class [Lcom.android.buildanalyzer.common.TaskCategory;                                : loaded 2 times (x 69B)
Class com.google.common.collect.AbstractMapBasedMultimap$KeySet                       : loaded 2 times (x 137B)
Class org.gradle.internal.service.CachingServiceLocator                               : loaded 2 times (x 82B)
Class org.gradle.tooling.UnknownModelException                                        : loaded 2 times (x 83B)
Class org.gradle.tooling.internal.consumer.converters.EclipseProjectHasAutoBuildMixin : loaded 2 times (x 72B)
Class sync_studio_tooling9_eh0poer6p1tozq0ixa8scdjtb                                  : loaded 2 times (x 171B)
Class org.jetbrains.plugins.gradle.tooling.util.IntObjectMap                          : loaded 2 times (x 73B)
Class [Lcom.intellij.openapi.externalSystem.model.project.dependencies.ResolutionState;: loaded 2 times (x 69B)
Class gnu.trove.TObjectIntHashMap                                                     : loaded 2 times (x 109B)
Class org.jetbrains.kotlin.idea.gradleTooling.OrphanSourceSetImportingChecker         : loaded 2 times (x 74B)
Class org.gradle.tooling.internal.consumer.versioning.VersionDetails$R28VersionDetails: loaded 2 times (x 80B)
Class org.gradle.api.internal.classpath.GlobalCacheRootsProvider                      : loaded 2 times (x 70B)
Class org.jetbrains.plugins.gradle.tooling.serialization.internal.IdeaProjectSerializationService$WriteContext$6: loaded 2 times (x 83B)
Class org.gradle.internal.classloader.ClassLoaderFactory                              : loaded 2 times (x 70B)
Class jdk.internal.jrtfs.JrtFileAttributes                                            : loaded 2 times (x 83B)
Class com.intellij.gradle.toolingExtension.impl.model.projectModel.GradleExternalProjectModelProvider: loaded 2 times (x 79B)
Class io.opentelemetry.context.ContextStorage                                         : loaded 2 times (x 70B)
Class org.jetbrains.plugins.gradle.tooling.builder.ProjectExtensionsDataBuilderImpl$Companion: loaded 2 times (x 71B)
Class com.intellij.gradle.toolingExtension.impl.model.sourceSetDependencyModel.GradleSourceSetDependencySerialisationService$SourceSetDependencyModelWriteContext: loaded 2 times (x 72B)
Class org.jetbrains.plugins.gradle.tooling.serialization.internal.IdeaProjectSerializationService$WriteContext$5: loaded 2 times (x 83B)
Class org.gradle.internal.service.ServiceLookupException                              : loaded 2 times (x 82B)
Class jdk.internal.jimage.ImageReader$Resource                                        : loaded 2 times (x 84B)
Class jdk.internal.jimage.decompressor.Decompressor                                   : loaded 2 times (x 72B)
Class com.android.build.gradle.internal.SdkLocator$SdkLocationSource$LOCAL_ANDROID_DIR: loaded 2 times (x 80B)
Class [Lcom.android.builder.errors.IssueReporter$Severity;                            : loaded 2 times (x 69B)
Class com.intellij.gradle.toolingExtension.impl.telemetry.GradleOpenTelemetry         : loaded 2 times (x 72B)
Class org.jetbrains.kotlin.idea.gradleTooling.AndroidAwareGradleModelProvider         : loaded 2 times (x 79B)
Class org.gradle.tooling.internal.adapter.ProtocolToModelAdapter$MixInTypeMappingAction: loaded 2 times (x 81B)
Class com.intellij.gradle.toolingExtension.impl.model.sourceSetDependencyModel.GradleSourceSetDependencySerialisationService$Companion: loaded 2 times (x 71B)
Class org.jetbrains.plugins.gradle.tooling.serialization.internal.IdeaProjectSerializationService$WriteContext$4: loaded 2 times (x 83B)
Class org.jetbrains.kotlin.gradle.dsl.KotlinProjectExtensionKt                        : loaded 2 times (x 71B)
Class org.gradle.tooling.model.GradleProject                                          : loaded 2 times (x 70B)
Class org.jetbrains.kotlin.idea.gradleTooling.model.lombok.LombokModelBuilderService  : loaded 2 times (x 87B)
Class com.intellij.gradle.toolingExtension.impl.model.dependencyDownloadPolicyModel.GradleDependencyDownloadPolicy: loaded 2 times (x 70B)
Class JetGradlePlugin$_apply_closure1                                                 : loaded 2 times (x 140B)
Class gnu.trove.TObjectHash$NULL                                                      : loaded 2 times (x 71B)
Class io.opentelemetry.context.propagation.ContextPropagators                         : loaded 2 times (x 70B)
Class org.jetbrains.plugins.gradle.tooling.serialization.internal.IdeaProjectSerializationService$WriteContext$3: loaded 2 times (x 83B)
Class org.jetbrains.plugins.gradle.tooling.serialization.AnnotationProcessingModelSerializationService$ReadContext: loaded 2 times (x 72B)
Class com.android.builder.errors.IssueReporter$Severity                               : loaded 2 times (x 79B)
Class com.android.tools.idea.gradle.project.sync.SelectedVariant                      : loaded 2 times (x 72B)
Class org.gradle.tooling.internal.consumer.converters.BackwardsCompatibleIdeaModuleDependency: loaded 2 times (x 70B)
Class com.intellij.gradle.toolingExtension.impl.model.taskModel.GradleTaskModelBuilder: loaded 2 times (x 86B)
Class org.jetbrains.kotlin.idea.gradleTooling.model.annotation.AnnotationBasedPluginModelBuilderService: loaded 2 times (x 85B)
Class org.jetbrains.plugins.gradle.tooling.serialization.internal.IdeaProjectSerializationService$WriteContext$2: loaded 2 times (x 83B)
Class jdk.internal.jimage.BasicImageReader$1                                          : loaded 2 times (x 77B)
Class com.android.build.gradle.internal.errors.SyncIssueKey                           : loaded 2 times (x 72B)
Class org.jetbrains.kotlin.gradle.plugin.internal.state.TaskExecutionResults          : loaded 2 times (x 71B)
Class org.jetbrains.plugins.gradle.model.ExternalProject                              : loaded 2 times (x 70B)
Class org.jetbrains.plugins.gradle.tooling.serialization.internal.IdeaProjectSerializationService$WriteContext$1: loaded 2 times (x 83B)
Class org.gradle.api.internal.classpath.DefaultModuleRegistry                         : loaded 2 times (x 86B)
Class jdk.internal.jimage.ImageReader$Node                                            : loaded 2 times (x 84B)
Class org.gradle.tooling.internal.consumer.versioning.ModelMapping                    : loaded 2 times (x 73B)
Class org.gradle.tooling.model.idea.BasicIdeaProject                                  : loaded 2 times (x 70B)
Class org.gradle.tooling.internal.consumer.converters.BasicGradleProjectIdentifierMixin: loaded 2 times (x 73B)
Class org.jetbrains.kotlin.gradle.dsl.KotlinMultiplatformSourceSetConventions         : loaded 2 times (x 70B)
Class com.android.build.gradle.internal.plugins.BasePlugin$findHighestSdkInstalled$folder$1: loaded 2 times (x 79B)
Class org.jetbrains.plugins.gradle.model.ProjectImportModelProvider                   : loaded 2 times (x 70B)
Class jdk.internal.jimage.decompressor.ResourceDecompressorFactory                    : loaded 2 times (x 74B)
Class org.gradle.tooling.internal.adapter.ProtocolToModelAdapter$MixInBeanMappingAction: loaded 2 times (x 81B)
Class com.intellij.gradle.toolingExtension.impl.model.dependencyModel.DependencyReadContext: loaded 2 times (x 72B)
Class com.intellij.gradle.toolingExtension.impl.model.sourceSetDependencyModel.GradleSourceSetDependencySerialisationService$SourceSetDependencyModelReadContext: loaded 2 times (x 72B)
Class org.gradle.internal.installation.GradleInstallation$1                           : loaded 2 times (x 75B)
Class org.gradle.tooling.internal.consumer.converters.EclipseExternalDependencyUnresolvedMixin: loaded 2 times (x 73B)
Class org.gradle.tooling.model.BuildableElement                                       : loaded 2 times (x 70B)
Class org.gradle.tooling.model.HasGradleProject                                       : loaded 2 times (x 70B)
Class org.gradle.tooling.internal.consumer.versioning.VersionDetails$R44VersionDetails: loaded 2 times (x 80B)
Class org.jetbrains.kotlin.idea.projectModel.KotlinPlatform                           : loaded 2 times (x 79B)
Class org.jetbrains.kotlin.compilerRunner.GradleCompilerRunner                        : loaded 2 times (x 73B)
Class org.gradle.api.internal.classpath.ModuleRegistry                                : loaded 2 times (x 70B)
Class jdk.internal.jimage.ImageReader$SharedImageReader                               : loaded 2 times (x 95B)
Class org.jetbrains.plugins.gradle.model.ExternalDependency                           : loaded 2 times (x 70B)
Class com.intellij.gradle.toolingExtension.impl.model.utilDummyModel.DummyModelBuilder: loaded 2 times (x 86B)
Class com.intellij.openapi.externalSystem.model.project.dependencies.AbstractDependencyNode: loaded 2 times (x 87B)
Class org.jetbrains.plugins.gradle.tooling.builder.VersionCatalogsModelBuilder        : loaded 2 times (x 86B)
Class com.intellij.util.containers.IntObjectHashMap                                   : loaded 2 times (x 72B)
Class jdk.internal.jimage.ImageReader                                                 : loaded 2 times (x 75B)
Class com.intellij.gradle.toolingExtension.impl.modelSerialization.ToolingSerializerConverter: loaded 2 times (x 73B)
Class [Lcom.android.tools.idea.gradle.project.sync.SyncTestMode;                      : loaded 2 times (x 69B)
Class io.opentelemetry.context.Context                                                : loaded 2 times (x 70B)
Class com.intellij.compose.ide.plugin.gradleTooling.rt.ComposeResourcesModelBuilder   : loaded 2 times (x 78B)
Class org.jetbrains.kotlin.idea.gradleTooling.model.assignment.AssignmentModelBuilderService: loaded 2 times (x 85B)
Class com.intellij.gradle.toolingExtension.modelAction.GradleModelFetchPhase          : loaded 2 times (x 70B)
Class sync_studio_tooling8_5uvboe4va467rgtkxk94yz1xa$_run_closure1                    : loaded 2 times (x 139B)
Class jdk.internal.jimage.ImageStringsReader                                          : loaded 2 times (x 80B)
Class io.opentelemetry.context.ThreadLocalContextStorage                              : loaded 2 times (x 85B)
Class org.jetbrains.kotlin.idea.gradleTooling.AbstractKotlinGradleModelBuilder$Companion: loaded 2 times (x 71B)
Class org.gradle.tooling.model.build.BuildEnvironment                                 : loaded 2 times (x 70B)
Class com.intellij.gradle.toolingExtension.impl.model.sourceSetModel.GradleSourceSetModelProvider: loaded 2 times (x 79B)
Class com.android.sdklib.AndroidTargetHash                                            : loaded 2 times (x 71B)
Class org.gradle.tooling.model.eclipse.EclipseClasspathEntry                          : loaded 2 times (x 70B)
Class org.jetbrains.kotlin.gradle.dsl.KotlinTargetContainerWithPresetFunctions        : loaded 2 times (x 70B)
Class org.gradle.internal.impldep.com.google.common.base.Optional                     : loaded 2 times (x 80B)
Class org.jetbrains.kotlin.idea.gradleTooling.model.noarg.NoArgModelBuilderService    : loaded 2 times (x 85B)
Class com.android.build.gradle.internal.SdkType                                       : loaded 2 times (x 79B)
Class com.intellij.platform.diagnostic.telemetry.rt.context.TelemetryContext          : loaded 2 times (x 134B)
Class [Lio.opentelemetry.context.ContextStorage;                                      : loaded 2 times (x 69B)
Class [Lio.opentelemetry.api.trace.TraceFlags;                                        : loaded 2 times (x 69B)
Class org.jetbrains.plugins.gradle.tooling.serialization.ExternalTestsSerializationService$WriteContext: loaded 2 times (x 72B)
Class sync_studio_tooling1_5n3nuuv6n11znb34ksgr290ao$_run_closure1                    : loaded 2 times (x 139B)
Class com.android.build.gradle.internal.dsl.CompileSdkDelegate$parseAndSetCompileSdkVersion$3$1$1: loaded 2 times (x 79B)
Class com.android.tools.idea.gradle.project.sync.SwitchVariantRequest                 : loaded 2 times (x 72B)
Class org.jetbrains.plugins.gradle.model.ExternalProjectDependency                    : loaded 2 times (x 70B)
Class org.gradle.tooling.internal.consumer.connection.StreamingAwareBuildControllerAdapter: loaded 2 times (x 101B)
Class com.intellij.gradle.toolingExtension.impl.model.sourceSetArtifactIndex.GradleSourceSetArtifactIndexBuilder: loaded 2 times (x 86B)
Class org.jetbrains.kotlin.idea.gradleTooling.model.kapt.KaptModelBuilderService      : loaded 2 times (x 86B)
Class org.jetbrains.plugins.gradle.tooling.serialization.KotlinDslScriptsModelSerializationService: loaded 2 times (x 81B)
Class org.gradle.internal.classpath.ClassPath                                         : loaded 2 times (x 70B)
Class Settings_gradle$1                                                               : loaded 2 times (x 74B)
Class com.android.build.gradle.internal.SdkLocator$ValidationResult                   : loaded 2 times (x 72B)
Class io.opentelemetry.api.trace.ImmutableTraceFlags                                  : loaded 2 times (x 77B)
Class org.gradle.tooling.internal.consumer.versioning.ModelMapping$DefaultModelIdentifier: loaded 2 times (x 76B)
Class org.jetbrains.plugins.gradle.tooling.ModelBuilderService                        : loaded 2 times (x 70B)
Class org.gradle.internal.impldep.com.google.common.base.Present                      : loaded 2 times (x 81B)
Class org.gradle.tooling.internal.consumer.connection.HasCompatibilityMapping         : loaded 2 times (x 73B)
Class org.jetbrains.kotlin.idea.gradleTooling.PrepareKotlinIdeaImportTaskModelBuilder$Companion: loaded 2 times (x 71B)
Class jdk.internal.jimage.decompressor.ResourceDecompressor                           : loaded 2 times (x 70B)
Class org.gradle.tooling.internal.consumer.connection.InternalBuildActionAdapter      : loaded 2 times (x 80B)
Class com.android.build.gradle.internal.SdkLocator$SdkLocationSource                  : loaded 2 times (x 80B)
Class org.gradle.internal.installation.CurrentGradleInstallationLocator               : loaded 2 times (x 71B)
Class com.google.common.collect.Maps$KeySet                                           : loaded 2 times (x 137B)
Class com.android.build.gradle.internal.SdkLocator$SdkLocationSource$getSdkLocation$1$1: loaded 2 times (x 79B)
Class org.jetbrains.kotlin.gradle.plugin.internal.state.TaskLoggers                   : loaded 2 times (x 71B)
Class org.gradle.tooling.model.cpp.CppComponent                                       : loaded 2 times (x 70B)
Class org.jetbrains.plugins.gradle.tooling.builder.MavenRepositoriesModelBuilder      : loaded 2 times (x 81B)
Class com.intellij.gradle.toolingExtension.impl.model.projectModel.GradleExternalProjectSerializationService$WriteContext: loaded 2 times (x 73B)
Class com.google.common.base.ExtraObjectsMethodsForWeb                                : loaded 2 times (x 71B)
Class org.gradle.internal.classpath.DefaultClassPath$ImmutableUniqueList              : loaded 2 times (x 199B)
Class org.gradle.api.internal.ClassPathRegistry                                       : loaded 2 times (x 70B)
Class com.android.build.gradle.internal.SdkLocator                                    : loaded 2 times (x 71B)
Class org.gradle.tooling.internal.consumer.connection.UnparameterizedBuildController  : loaded 2 times (x 101B)
Class io.opentelemetry.api.internal.AutoValue_ImmutableSpanContext                    : loaded 2 times (x 92B)
Class com.intellij.gradle.toolingExtension.impl.modelSerialization.SerializationServiceNotFoundException: loaded 2 times (x 82B)
Class ijInit2_1arbuanx2ljt36i3dawmbi218                                               : loaded 2 times (x 171B)
Class com.intellij.gradle.toolingExtension.impl.model.dependencyDownloadPolicyModel.GradleDependencyDownloadPolicyBuilder: loaded 2 times (x 86B)
Class org.jetbrains.plugins.gradle.tooling.serialization.RepositoriesModelSerializationService$ReadContext: loaded 2 times (x 72B)
Class org.gradle.api.internal.DefaultClassPathRegistry                                : loaded 2 times (x 76B)
Class org.jetbrains.plugins.gradle.tooling.serialization.RepositoriesModelSerializationService: loaded 2 times (x 82B)
Class org.jetbrains.kotlin.gradle.plugin.SubpluginOption                              : loaded 2 times (x 72B)
Class org.jetbrains.kotlin.gradle.dsl.KotlinMultiplatformExtension                    : loaded 2 times (x 603B)
Class com.android.build.gradle.internal.SdkLocator$PropertyLocation                   : loaded 2 times (x 79B)
Class org.gradle.tooling.internal.adapter.ProtocolToModelAdapter$BeanMixInMethodInvoker: loaded 2 times (x 76B)
Class jdk.internal.jimage.ImageHeader                                                 : loaded 2 times (x 71B)
Class io.opentelemetry.api.trace.TraceStateBuilder                                    : loaded 2 times (x 70B)
Class io.opentelemetry.api.trace.StatusCode                                           : loaded 2 times (x 79B)
Class org.gradle.tooling.internal.adapter.ProtocolToModelAdapter$ChainedMethodInvoker : loaded 2 times (x 76B)
Class org.gradle.tooling.internal.adapter.ProtocolToModelAdapter$ViewGraphDetails     : loaded 2 times (x 72B)
Class ijInit2_1arbuanx2ljt36i3dawmbi218$_run_closure1                                 : loaded 2 times (x 140B)
Class org.jetbrains.plugins.gradle.tooling.builder.IntelliJSettingsBuilder            : loaded 2 times (x 78B)
Class org.gradle.internal.service.DefaultServiceLocator                               : loaded 2 times (x 83B)
Class org.jetbrains.kotlin.util.capitalizeDecapitalize.CapitalizeDecapitalizeKt       : loaded 2 times (x 71B)
Class org.jetbrains.plugins.gradle.tooling.serialization.ProjectDependenciesSerializationService$ReadContext: loaded 2 times (x 72B)
Class org.jetbrains.kotlin.gradle.plugin.KotlinTargetsContainer                       : loaded 2 times (x 70B)
Class org.gradle.api.internal.classpath.UnknownModuleException                        : loaded 2 times (x 82B)
Class com.android.tools.idea.gradle.project.sync.AndroidExtraModelProvider            : loaded 2 times (x 79B)
Class org.gradle.tooling.internal.consumer.versioning.VersionDetails$R48VersionDetails: loaded 2 times (x 80B)
Class com.intellij.openapi.externalSystem.model.project.dependencies.ArtifactDependencyNodeImpl: loaded 2 times (x 95B)
Class org.gradle.api.internal.classpath.Module                                        : loaded 2 times (x 70B)
Class org.gradle.tooling.internal.adapter.ProtocolToModelAdapter$AdaptingMethodInvoker: loaded 2 times (x 76B)
Class org.jetbrains.plugins.gradle.tooling.builder.ProjectRepositoriesModelBuilder    : loaded 2 times (x 78B)
Class org.jetbrains.plugins.gradle.tooling.util.ObjectCollector                       : loaded 2 times (x 72B)
Class org.jetbrains.plugins.gradle.model.GradleTaskModel                              : loaded 2 times (x 70B)
Class com.intellij.openapi.externalSystem.model.ExternalSystemException               : loaded 2 times (x 86B)
Class org.jetbrains.kotlin.idea.projectModel.KotlinTarget                             : loaded 2 times (x 70B)
Class io.opentelemetry.api.GlobalOpenTelemetry$ObfuscatedOpenTelemetry                : loaded 2 times (x 92B)
Class io.opentelemetry.api.internal.IncubatingUtil                                    : loaded 2 times (x 71B)
Class org.jetbrains.kotlin.idea.gradleTooling.MultiplatformModelImportingChecker      : loaded 2 times (x 70B)
Class com.google.common.collect.ObjectArrays                                          : loaded 2 times (x 71B)
Class ijInit1_5uw22s6ndsfau100zbogb21re                                               : loaded 2 times (x 171B)
Class org.gradle.tooling.internal.consumer.connection.InternalPhasedActionAdapter     : loaded 2 times (x 78B)
Class io.opentelemetry.context.DefaultContextKey                                      : loaded 2 times (x 72B)
Class org.gradle.tooling.internal.adapter.ProtocolToModelAdapter$PropertyCachingMethodInvoker: loaded 2 times (x 76B)
Class org.jetbrains.plugins.gradle.tooling.builder.ScalaModelBuilderImpl              : loaded 2 times (x 81B)
Class org.jetbrains.plugins.gradle.tooling.ModelBuilderContext                        : loaded 2 times (x 70B)
Class io.opentelemetry.api.trace.SpanContextKey                                       : loaded 2 times (x 71B)
Class com.android.tools.idea.gradle.project.sync.AdditionalClassifierArtifactsActionOptions: loaded 2 times (x 72B)
Class org.gradle.api.internal.classpath.DefaultModuleRegistry$DefaultModule           : loaded 2 times (x 86B)
Class jdk.internal.jrtfs.JrtDirectoryStream                                           : loaded 2 times (x 89B)
Class org.gradle.internal.installation.CurrentGradleInstallation                      : loaded 2 times (x 73B)
Class org.jetbrains.kotlin.gradle.plugin.KotlinTargetConfiguratorKt                   : loaded 2 times (x 71B)
Class jdk.internal.jimage.ImageBufferCache$2                                          : loaded 2 times (x 91B)
Class io.opentelemetry.context.ImplicitContextKeyed                                   : loaded 2 times (x 70B)
Class org.gradle.tooling.internal.adapter.ProtocolToModelAdapter$ViewKey              : loaded 2 times (x 72B)
Class com.intellij.gradle.toolingExtension.impl.model.projectModel.GradleExternalProjectModelBuilder: loaded 2 times (x 86B)
Class org.jetbrains.kotlin.idea.gradleTooling.KotlinMPPGradleModelBuilder$Companion   : loaded 2 times (x 71B)
Class com.google.common.base.Objects                                                  : loaded 2 times (x 71B)
Class org.gradle.internal.classloader.ClasspathUtil$1                                 : loaded 2 times (x 76B)
Class jdk.internal.jimage.ImageBufferCache$1                                          : loaded 2 times (x 83B)
Class com.google.common.collect.AbstractMapBasedMultimap$KeySet$1                     : loaded 2 times (x 82B)
Class com.android.build.gradle.internal.plugins.BasePlugin$findHighestSdkInstalled$1  : loaded 2 times (x 78B)
Class sync_studio_tooling9_eh0poer6p1tozq0ixa8scdjtb$_run_closure1                    : loaded 2 times (x 139B)
Class com.intellij.gradle.toolingExtension.impl.model.buildScriptClasspathModel.GradleBuildScriptClasspathSerializationService$WriteContext: loaded 2 times (x 72B)
Class gnu.trove.THash                                                                 : loaded 2 times (x 81B)
Class jdk.internal.jrtfs.JrtDirectoryStream$1                                         : loaded 2 times (x 83B)
Class jdk.internal.jimage.ImageLocation                                               : loaded 2 times (x 90B)
Class io.opentelemetry.api.trace.DefaultTracerProvider                                : loaded 2 times (x 79B)
Class org.gradle.tooling.internal.consumer.converters.FixedBuildIdentifierProvider    : loaded 2 times (x 75B)
Class org.jetbrains.kotlin.compose.compiler.gradle.ComposeCompilerGradlePluginExtension_Decorated: loaded 2 times (x 131B)
Class org.jetbrains.kotlin.idea.gradleTooling.KotlinGradlePluginVersion               : loaded 2 times (x 70B)
Class org.jetbrains.plugins.gradle.tooling.builder.ProjectExtensionsDataBuilderImpl   : loaded 2 times (x 78B)
Class org.jetbrains.plugins.gradle.tooling.serialization.ProjectDependenciesSerializationService: loaded 2 times (x 77B)
Class org.jetbrains.plugins.gradle.tooling.serialization.ProjectDependenciesSerializationService$WriteContext: loaded 2 times (x 72B)
Class io.opentelemetry.api.trace.DefaultTracer$NoopSpanBuilder                        : loaded 2 times (x 91B)
Class org.jetbrains.plugins.gradle.tooling.serialization.GradleExtensionsSerializationService$WriteContext: loaded 2 times (x 72B)
Class com.intellij.gradle.toolingExtension.impl.model.taskModel.GradleTaskSerialisationService$Companion: loaded 2 times (x 71B)
Class org.jetbrains.plugins.gradle.model.scala.ScalaModel                             : loaded 2 times (x 70B)
Class com.intellij.openapi.externalSystem.model.project.dependencies.ProjectDependencyNodeImpl: loaded 2 times (x 93B)
Class org.gradle.tooling.internal.adapter.ProtocolToModelAdapter$MethodInvocationCache$MethodInvocationKey: loaded 2 times (x 73B)
Class org.gradle.tooling.model.gradle.ProjectPublications                             : loaded 2 times (x 70B)
Class org.jetbrains.kotlin.idea.projectModel.KotlinTargetJar                          : loaded 2 times (x 70B)
Class org.gradle.util.internal.GUtil                                                  : loaded 2 times (x 71B)
Class io.opentelemetry.api.trace.SpanContext                                          : loaded 2 times (x 70B)
Class org.jetbrains.plugins.gradle.tooling.serialization.AnnotationProcessingModelSerializationService$WriteContext: loaded 2 times (x 72B)
Class sync_studio_tooling1_5n3nuuv6n11znb34ksgr290ao                                  : loaded 2 times (x 171B)
Class org.jetbrains.kotlin.compose.compiler.gradle.model.builder.ComposeCompilerModelBuilder: loaded 2 times (x 75B)
Class com.google.common.collect.ImmutableList$Builder                                 : loaded 2 times (x 77B)
Class com.google.common.collect.Sets$ImprovedAbstractSet                              : loaded 2 times (x 135B)
Class jdk.internal.jrtfs.JrtFileSystemProvider                                        : loaded 2 times (x 101B)
Class com.intellij.gradle.toolingExtension.impl.util.GradleExecutorServiceUtil        : loaded 2 times (x 71B)
Class org.gradle.tooling.internal.adapter.ProtocolToModelAdapter$SupportedPropertyInvoker: loaded 2 times (x 76B)
Class org.gradle.internal.service.ServiceLocator                                      : loaded 2 times (x 70B)
Class org.gradle.tooling.internal.consumer.connection.ParameterAwareBuildControllerAdapter: loaded 2 times (x 101B)
Class io.opentelemetry.context.propagation.DefaultContextPropagators                  : loaded 2 times (x 75B)
Class io.opentelemetry.context.ContextStorageWrappers                                 : loaded 2 times (x 71B)
Class jdk.internal.jrtfs.SystemImage$2                                                : loaded 2 times (x 76B)
Class org.gradle.tooling.internal.consumer.converters.IdeaProjectJavaLanguageSettingsMixin: loaded 2 times (x 73B)
Class com.intellij.gradle.toolingExtension.impl.model.sourceSetModel.GradleSourceSetModelBuilder: loaded 2 times (x 86B)
Class org.jetbrains.kotlin.idea.gradleTooling.model.samWithReceiver.SamWithReceiverModelBuilderService: loaded 2 times (x 85B)
Class com.google.common.base.Joiner                                                   : loaded 2 times (x 79B)
Class jdk.internal.jrtfs.SystemImage$1                                                : loaded 2 times (x 78B)
Class com.android.build.gradle.internal.SdkLocator$SdkLocationSource$LOCAL_SDK_DIR    : loaded 2 times (x 80B)
Class com.android.tools.idea.gradle.project.sync.SelectedVariants                     : loaded 2 times (x 72B)
Class com.android.buildanalyzer.common.TaskCategory                                   : loaded 2 times (x 80B)
Class org.gradle.internal.classloader.InstrumentingClassLoader                        : loaded 2 times (x 70B)
Class com.intellij.gradle.toolingExtension.impl.model.utilTurnOffDefaultTasksModel.TurnOffDefaultTasks: loaded 2 times (x 70B)
Class com.intellij.gradle.toolingExtension.impl.model.sourceSetModel.GradleSourceSetSerialisationService$SourceSetModelReadContext: loaded 2 times (x 72B)
Class io.opentelemetry.api.trace.TraceId                                              : loaded 2 times (x 71B)
Class org.gradle.internal.classpath.TransformedClassPath                              : loaded 2 times (x 96B)
Class jdk.internal.jimage.ImageReader$LinkNode                                        : loaded 2 times (x 84B)
Class com.android.build.gradle.internal.SdkLocator$SdkLocationSource$INJECTED_SDK_HOME: loaded 2 times (x 80B)
Class org.jetbrains.plugins.gradle.model.ExternalLibraryDependency                    : loaded 2 times (x 70B)
Class com.intellij.openapi.externalSystem.model.project.dependencies.ResolutionState  : loaded 2 times (x 79B)
Class org.jetbrains.kotlin.idea.gradleTooling.IdeaKotlinDependenciesContainer         : loaded 2 times (x 70B)
Class com.intellij.gradle.toolingExtension.impl.util.GradleExecutorServiceUtil$SimpleThreadFactory: loaded 2 times (x 75B)
Class com.intellij.platform.diagnostic.telemetry.rt.context.TelemetryContextGetter    : loaded 2 times (x 75B)
Class org.jetbrains.plugins.gradle.tooling.builder.DependencyAccessorsModelBuilder    : loaded 2 times (x 81B)
Class org.jetbrains.plugins.gradle.tooling.serialization.GradleExtensionsSerializationService: loaded 2 times (x 77B)
Class com.intellij.openapi.externalSystem.model.project.dependencies.UnknownDependencyNode: loaded 2 times (x 87B)
Class org.jetbrains.kotlin.compose.compiler.gradle.ComposeCompilerGradlePluginExtension$featureFlags$2: loaded 2 times (x 76B)
Class org.gradle.internal.service.UnknownServiceException                             : loaded 2 times (x 83B)
Class jdk.internal.jrtfs.SystemImage                                                  : loaded 2 times (x 74B)
Class com.android.tools.idea.gradle.project.sync.ModelProviderCachedData              : loaded 2 times (x 72B)
Class com.android.tools.idea.gradle.project.sync.SyncTestMode                         : loaded 2 times (x 79B)
Class org.jetbrains.kotlin.compose.compiler.gradle.ComposeCompilerGradlePluginExtension$featureFlags$1: loaded 2 times (x 76B)
Class org.gradle.api.internal.ClassPathProvider                                       : loaded 2 times (x 70B)
Class [Lorg.gradle.api.internal.ClassPathProvider;                                    : loaded 2 times (x 69B)
Class com.intellij.gradle.toolingExtension.impl.model.utilTurnOffDefaultTasksModel.TurnOffDefaultTasksModelBuilder: loaded 2 times (x 86B)
Class org.jetbrains.kotlin.idea.gradleTooling.KotlinMPPGradleModelBuilder             : loaded 2 times (x 86B)
Class org.gradle.api.internal.DefaultClassPathProvider                                : loaded 2 times (x 76B)
Class com.intellij.gradle.toolingExtension.impl.model.sourceSetModel.GradleSourceSetSerialisationService$SourceSetModelWriteContext: loaded 2 times (x 72B)
Class org.gradle.tooling.internal.consumer.converters.IncludedBuildsMixin             : loaded 2 times (x 74B)
Class io.opentelemetry.api.internal.ImmutableSpanContext                              : loaded 2 times (x 91B)
Class org.gradle.tooling.internal.adapter.WeakIdentityHashMap                         : loaded 2 times (x 76B)
Class org.gradle.tooling.GradleConnectionException                                    : loaded 2 times (x 83B)
Class org.gradle.tooling.internal.consumer.converters.ConsumerTargetTypeProvider      : loaded 2 times (x 76B)
Class [Lio.opentelemetry.api.trace.StatusCode;                                        : loaded 2 times (x 69B)
Class org.gradle.internal.installation.GradleInstallation                             : loaded 2 times (x 75B)
Class com.google.common.collect.Iterables                                             : loaded 2 times (x 71B)
Class com.intellij.gradle.toolingExtension.impl.model.buildScriptClasspathModel.GradleBuildScriptClasspathSerializationService$ReadContext: loaded 2 times (x 72B)
Class org.jetbrains.kotlin.buildtools.api.jvm.ClassSnapshotGranularity                : loaded 2 times (x 79B)
Class com.intellij.gradle.toolingExtension.modelAction.GradleModelFetchPhase$BuildFinished: loaded 2 times (x 70B)
Class org.jetbrains.kotlin.idea.projectModel.KotlinTarget$Companion                   : loaded 2 times (x 71B)
Class org.gradle.tooling.internal.adapter.ProtocolToModelAdapter$ClassMixInMethodInvoker: loaded 2 times (x 76B)
Class com.intellij.openapi.externalSystem.model.project.dependencies.DependencyNode   : loaded 2 times (x 70B)
Class org.gradle.api.internal.classpath.EffectiveClassPath                            : loaded 2 times (x 90B)
Class com.android.sdklib.SdkVersionInfo                                               : loaded 2 times (x 71B)
Class com.intellij.gradle.toolingExtension.impl.model.sourceSetDependencyModel.GradleSourceSetDependencyModelProvider: loaded 2 times (x 79B)
Class org.jetbrains.kotlin.gradle.idea.tcs.IdeaKotlinDependencyCoordinates            : loaded 2 times (x 70B)
Class org.jetbrains.plugins.gradle.tooling.serialization.internal.IdeaProjectSerializationService: loaded 2 times (x 77B)
Class org.jetbrains.kotlin.gradle.dsl.KotlinTargetContainerWithJsPresetFunctions      : loaded 2 times (x 70B)
Class org.gradle.internal.classloader.ClassLoaderVisitor                              : loaded 2 times (x 76B)
Class io.opentelemetry.context.Scope                                                  : loaded 2 times (x 70B)
Class org.jetbrains.plugins.gradle.tooling.builder.ExternalTestsModelBuilderImpl      : loaded 2 times (x 78B)
Class org.gradle.internal.classloader.DefaultClassLoaderFactory                       : loaded 2 times (x 82B)
Class com.intellij.gradle.toolingExtension.impl.modelAction.GradleDaemonModelHolder   : loaded 2 times (x 76B)
Class org.jetbrains.kotlin.idea.gradleTooling.AndroidAwareGradleModelProvider$Companion: loaded 2 times (x 71B)
Class io.opentelemetry.api.GlobalOpenTelemetry                                        : loaded 2 times (x 71B)
Class org.jetbrains.kotlin.idea.gradleTooling.KotlinMPPGradleModelBinaryBuilder       : loaded 2 times (x 86B)
Class org.jetbrains.plugins.gradle.tooling.serialization.GradleExtensionsSerializationService$ReadContext: loaded 2 times (x 72B)
Class io.opentelemetry.api.trace.DefaultTracer                                        : loaded 2 times (x 74B)
Class org.gradle.tooling.internal.adapter.ProtocolToModelAdapter$2                    : loaded 2 times (x 78B)
Class com.intellij.util.containers.IntObjectHashMap$ArrayProducer                     : loaded 2 times (x 70B)
Class jdk.internal.jimage.decompressor.ResourceDecompressor$StringsProvider           : loaded 2 times (x 70B)
Class jdk.internal.jimage.decompressor.StringSharingDecompressorFactory               : loaded 2 times (x 74B)
Class io.opentelemetry.api.internal.OtelEncodingUtils                                 : loaded 2 times (x 71B)
Class org.gradle.tooling.internal.consumer.converters.IdeaModuleDependencyTargetNameMixin: loaded 2 times (x 73B)
Class org.gradle.tooling.internal.adapter.MethodInvocation                            : loaded 2 times (x 85B)
Class com.android.build.gradle.internal.SdkComponentsKt                               : loaded 2 times (x 71B)
Class org.jetbrains.plugins.gradle.model.UnresolvedExternalDependency                 : loaded 2 times (x 70B)
Class io.opentelemetry.context.ContextStorageProvider                                 : loaded 2 times (x 70B)
Class com.intellij.openapi.externalSystem.model.project.dependencies.ProjectDependencyNode: loaded 2 times (x 70B)
Class org.jetbrains.kotlin.compose.compiler.gradle.ComposeFeatureFlag                 : loaded 2 times (x 70B)
Class org.gradle.api.internal.classpath.ManifestUtil                                  : loaded 2 times (x 71B)
Class com.intellij.gradle.toolingExtension.modelAction.GradleModelFetchPhase$ProjectLoaded: loaded 2 times (x 70B)
Class com.intellij.gradle.toolingExtension.modelProvider.GradleClassProjectModelProvider: loaded 2 times (x 80B)
Class [Lio.opentelemetry.api.trace.ImmutableTraceFlags;                               : loaded 2 times (x 69B)
Class org.gradle.tooling.internal.adapter.ProtocolToModelAdapter$InvocationHandlerImpl: loaded 2 times (x 77B)
Class org.jetbrains.plugins.gradle.tooling.util.IntObjectMap$ObjectFactory            : loaded 2 times (x 70B)
Class org.jetbrains.kotlin.gradle.dsl.KotlinHierarchyDsl                              : loaded 2 times (x 70B)
Class org.gradle.internal.classloader.ClassLoaderHierarchy                            : loaded 2 times (x 70B)
Class jdk.internal.jimage.BasicImageReader                                            : loaded 2 times (x 95B)
Class org.gradle.tooling.model.gradle.BasicGradleProject                              : loaded 2 times (x 70B)
Class com.intellij.gradle.toolingExtension.impl.util.collectionUtil.GradleCollectionVisitor: loaded 2 times (x 70B)
Class com.intellij.gradle.toolingExtension.impl.model.dependencyGraphModel.GradleDependencyGraphModelBuilder: loaded 2 times (x 82B)
Class com.intellij.gradle.toolingExtension.impl.model.sourceSetModel.GradleSourceSetSerialisationService$Companion: loaded 2 times (x 71B)
Class org.gradle.internal.classloader.FilteringClassLoader                            : loaded 2 times (x 105B)
Class org.jetbrains.plugins.gradle.model.ProjectImportModelProvider$GradleModelConsumer: loaded 2 times (x 70B)
Class org.jetbrains.plugins.gradle.tooling.serialization.internal.IdeaProjectSerializationService$ReadContext: loaded 2 times (x 72B)
Class org.jetbrains.plugins.gradle.tooling.serialization.RepositoriesModelSerializationService$WriteContext: loaded 2 times (x 72B)
Class org.jetbrains.kotlin.idea.gradleTooling.AbstractKotlinGradleModelBuilder        : loaded 2 times (x 81B)
Class org.gradle.tooling.UnsupportedVersionException                                  : loaded 2 times (x 83B)
Class com.intellij.gradle.toolingExtension.impl.model.buildScriptClasspathModel.GradleBuildScriptClasspathModelProvider: loaded 2 times (x 79B)
Class com.intellij.gradle.toolingExtension.impl.modelAction.GradleModelFetchAction    : loaded 2 times (x 86B)
Class org.gradle.tooling.BuildAction                                                  : loaded 2 times (x 70B)
Class com.android.build.gradle.internal.errors.SyncIssueReporterImplKt                : loaded 2 times (x 71B)

---------------  S Y S T E M  ---------------

OS:
 Windows 11 , 64 bit Build 26100 (10.0.26100.8246)
OS uptime: 7 days 11:01 hours
Hyper-V role detected

CPU: total 12 (initial active 12) (12 cores per cpu, 2 threads per core) family 23 model 104 stepping 1 microcode 0x8608103, cx8, cmov, fxsr, ht, mmx, 3dnowpref, sse, sse2, sse3, ssse3, sse4a, sse4.1, sse4.2, popcnt, lzcnt, tsc, tscinvbit, avx, avx2, aes, clmul, bmi1, bmi2, adx, sha, fma, vzeroupper, clflush, clflushopt, hv, rdtscp, rdpid, f16c
Processor Information for the first 12 processors :
  Max Mhz: 2100, Current Mhz: 1686, Mhz Limit: 2100

Memory: 4k page, system-wide physical 6005M (1026M free)
TotalPageFile size 24437M (AvailPageFile size 344M)
current process WorkingSet (physical memory assigned to process): 416M, peak: 615M
current process commit charge ("private bytes"): 916M, peak: 1377M

vm_info: OpenJDK 64-Bit Server VM (21.0.9+-14649483-b1163.86) for windows-amd64 JRE (21.0.9+-14649483-b1163.86), built on 2025-12-30T22:08:35Z by "builder" with MS VC++ 16.10 / 16.11 (VS2019)

END.
